[2026-09-04T20:28:50.889Z] Logs cleared from dashboard
[2026-09-04T20:28:57.167Z] [request] atom {"type":"atom","name":"chemistry-atoms-and-elements-1","protons":"10","neutrons":"12","electrons":"10"}
[2026-09-04T20:28:57.168Z] [generated] atom-9e966012d39c.svg
[2026-09-04T20:30:06.408Z] [request] atom {"type":"atom","name":"chemistry-atoms-and-elements-1-0","protons":"2","neutrons":"0","electrons":"2"}
[2026-09-04T20:30:06.421Z] [generated] atom-ff978ac27b59.svg
[2026-09-04T20:30:06.422Z] [request] atom {"type":"atom","name":"chemistry-atoms-and-elements-1-1","protons":"7","neutrons":"6","electrons":"7"}
[2026-09-04T20:30:06.423Z] [generated] atom-f472d8efbcdf.svg
[2026-09-04T20:30:06.423Z] [request] atom {"type":"atom","name":"chemistry-atoms-and-elements-1-2","protons":"12","neutrons":"12","electrons":"12"}
[2026-09-04T20:30:06.424Z] [generated] atom-84af042aef5a.svg
[2026-09-04T20:30:06.424Z] [request] atom {"type":"atom","name":"chemistry-atoms-and-elements-1-3","protons":"17","neutrons":"18","electrons":"17"}
[2026-09-04T20:30:06.425Z] [generated] atom-20c107ed4d27.svg
[2026-09-04T20:30:06.425Z] [request] atom {"type":"atom","name":"chemistry-atoms-and-elements-1-4","protons":"4","neutrons":"6","electrons":"4"}
[2026-09-04T20:30:06.426Z] [generated] atom-000ad01139ab.svg
[2026-09-04T20:30:28.584Z] Worksheet image server listening at http://127.0.0.1:4317
[2026-09-04T20:30:39.891Z] [request] atom {"type":"atom","name":"chemistry-atoms-and-elements-1-0","protons":"2","neutrons":"0","electrons":"2"}
[2026-09-04T20:30:39.892Z] [generated] atom-45244823c03f.svg
[2026-09-04T20:30:39.893Z] [request] atom {"type":"atom","name":"chemistry-atoms-and-elements-1-1","protons":"7","neutrons":"6","electrons":"7"}
[2026-09-04T20:30:39.894Z] [generated] atom-558db4d16802.svg
[2026-09-04T20:30:39.894Z] [request] atom {"type":"atom","name":"chemistry-atoms-and-elements-1-2","protons":"12","neutrons":"12","electrons":"12"}
[2026-09-04T20:30:39.895Z] [generated] atom-43b44f28fb1c.svg
[2026-09-04T20:30:39.895Z] [request] atom {"type":"atom","name":"chemistry-atoms-and-elements-1-3","protons":"17","neutrons":"18","electrons":"17"}
[2026-09-04T20:30:39.908Z] [generated] atom-52d39a101cac.svg
[2026-09-04T20:30:39.909Z] [request] atom {"type":"atom","name":"chemistry-atoms-and-elements-1-4","protons":"4","neutrons":"6","electrons":"4"}
[2026-09-04T20:30:39.910Z] [generated] atom-f26ceed7c41b.svg
[2026-09-04T20:31:27.833Z] Worksheet image server listening at http://127.0.0.1:4317
[2026-09-04T20:31:40.274Z] [request] atom {"type":"atom","protons":"17","neutrons":"18","electrons":"17","name":"quality-check"}
[2026-09-04T20:31:40.276Z] [generated] atom-e5c2f9390222.svg
[2026-09-04T20:31:56.234Z] [request] atom {"type":"atom","name":"chemistry-atoms-and-elements-1-0","protons":"2","neutrons":"0","electrons":"2"}
[2026-09-04T20:31:56.235Z] [generated] atom-e958c3c99101.svg
[2026-09-04T20:31:56.235Z] [request] atom {"type":"atom","name":"chemistry-atoms-and-elements-1-3","protons":"17","neutrons":"18","electrons":"17"}
[2026-09-04T20:31:56.249Z] [generated] atom-cc60c0ac2d57.svg
[2026-09-04T20:31:56.249Z] [request] atom {"type":"atom","name":"chemistry-atoms-and-elements-1-1","protons":"7","neutrons":"6","electrons":"7"}
[2026-09-04T20:31:56.250Z] [generated] atom-511556a86b2f.svg
[2026-09-04T20:31:56.251Z] [request] atom {"type":"atom","name":"chemistry-atoms-and-elements-1-2","protons":"12","neutrons":"12","electrons":"12"}
[2026-09-04T20:31:56.252Z] [generated] atom-20fed2a79ff8.svg
[2026-09-04T20:31:56.253Z] [request] atom {"type":"atom","name":"chemistry-atoms-and-elements-1-4","protons":"4","neutrons":"6","electrons":"4"}
[2026-09-04T20:31:56.253Z] [generated] atom-0bb228d5b43e.svg
[2026-09-04T20:31:57.253Z] [request] atom {"type":"atom","name":"chemistry-atoms-and-elements-2-0","protons":"3","neutrons":"1","electrons":"3"}
[2026-09-04T20:31:57.256Z] [generated] atom-1ca4b8aaf238.svg
[2026-09-04T20:31:57.257Z] [request] atom {"type":"atom","name":"chemistry-atoms-and-elements-2-1","protons":"8","neutrons":"7","electrons":"8"}
[2026-09-04T20:31:57.257Z] [generated] atom-8db39634b68c.svg
[2026-09-04T20:31:57.258Z] [request] atom {"type":"atom","name":"chemistry-atoms-and-elements-2-2","protons":"13","neutrons":"13","electrons":"13"}
[2026-09-04T20:31:57.259Z] [generated] atom-652485327d16.svg
[2026-09-04T20:31:57.259Z] [request] atom {"type":"atom","name":"chemistry-atoms-and-elements-2-3","protons":"18","neutrons":"19","electrons":"18"}
[2026-09-04T20:31:57.260Z] [generated] atom-dd800cecb359.svg
[2026-09-04T20:31:57.261Z] [request] atom {"type":"atom","name":"chemistry-atoms-and-elements-2-4","protons":"5","neutrons":"7","electrons":"5"}
[2026-09-04T20:31:57.262Z] [generated] atom-a22adeede999.svg
[2026-09-04T20:32:43.083Z] Worksheet image server listening at http://127.0.0.1:4317
[2026-09-04T20:32:54.204Z] [request] atom {"type":"atom","protons":"12","neutrons":"13","electrons":"12","name":"clean-check"}
[2026-09-04T20:32:54.206Z] [generated] atom-b734af09f6d7.svg
[2026-09-04T20:33:12.103Z] [request] atom {"type":"atom","name":"chemistry-atoms-and-elements-1-0","protons":"2","neutrons":"0","electrons":"2"}
[2026-09-04T20:33:12.104Z] [generated] atom-3799768d96aa.svg
[2026-09-04T20:33:12.104Z] [request] atom {"type":"atom","name":"chemistry-atoms-and-elements-1-1","protons":"7","neutrons":"6","electrons":"7"}
[2026-09-04T20:33:12.105Z] [generated] atom-649459005728.svg
[2026-09-04T20:33:12.105Z] [request] atom {"type":"atom","name":"chemistry-atoms-and-elements-1-2","protons":"12","neutrons":"12","electrons":"12"}
[2026-09-04T20:33:12.118Z] [generated] atom-1b8ce3f93b2c.svg
[2026-09-04T20:33:12.119Z] [request] atom {"type":"atom","name":"chemistry-atoms-and-elements-1-3","protons":"17","neutrons":"18","electrons":"17"}
[2026-09-04T20:33:12.120Z] [generated] atom-4d85ce733378.svg
[2026-09-04T20:33:12.120Z] [request] atom {"type":"atom","name":"chemistry-atoms-and-elements-1-4","protons":"4","neutrons":"6","electrons":"4"}
[2026-09-04T20:33:12.121Z] [generated] atom-c31b55dc1eea.svg
[2026-09-04T20:33:37.635Z] Worksheet image server listening at http://127.0.0.1:4317
[2026-09-04T20:34:08.448Z] Worksheet image server listening at http://127.0.0.1:4317
[2026-09-04T20:34:21.659Z] [request] atom {"type":"atom","name":"chemistry-atoms-and-elements-1-0","protons":"2","neutrons":"0","electrons":"2"}
[2026-09-04T20:34:21.661Z] [generated] atom-9ec9606902b6.svg
[2026-09-04T20:34:21.662Z] [request] atom {"type":"atom","name":"chemistry-atoms-and-elements-1-1","protons":"7","neutrons":"6","electrons":"7"}
[2026-09-04T20:34:21.665Z] [generated] atom-e4b1b362fe17.svg
[2026-09-04T20:34:21.665Z] [request] atom {"type":"atom","name":"chemistry-atoms-and-elements-1-2","protons":"12","neutrons":"12","electrons":"12"}
[2026-09-04T20:34:21.666Z] [generated] atom-1109e0a40d5f.svg
[2026-09-04T20:34:21.666Z] [request] atom {"type":"atom","name":"chemistry-atoms-and-elements-1-3","protons":"17","neutrons":"18","electrons":"17"}
[2026-09-04T20:34:21.667Z] [generated] atom-530f79ee3a05.svg
[2026-09-04T20:34:21.667Z] [request] atom {"type":"atom","name":"chemistry-atoms-and-elements-1-4","protons":"4","neutrons":"6","electrons":"4"}
[2026-09-04T20:34:21.668Z] [generated] atom-1c91c1beb703.svg
[2026-09-04T20:34:39.527Z] [request] atom {"type":"atom","name":"chemistry-atoms-and-elements-1-0","protons":"2","neutrons":"0","electrons":"2"}
[2026-09-04T20:34:39.528Z] [generated] atom-9ec9606902b6.svg
[2026-09-04T20:34:39.529Z] [request] atom {"type":"atom","name":"chemistry-atoms-and-elements-1-1","protons":"7","neutrons":"6","electrons":"7"}
[2026-09-04T20:34:39.530Z] [generated] atom-e4b1b362fe17.svg
[2026-09-04T20:34:39.530Z] [request] atom {"type":"atom","name":"chemistry-atoms-and-elements-1-2","protons":"12","neutrons":"12","electrons":"12"}
[2026-09-04T20:34:39.531Z] [generated] atom-1109e0a40d5f.svg
[2026-09-04T20:34:39.532Z] [request] atom {"type":"atom","name":"chemistry-atoms-and-elements-1-3","protons":"17","neutrons":"18","electrons":"17"}
[2026-09-04T20:34:39.532Z] [generated] atom-530f79ee3a05.svg
[2026-09-04T20:34:39.533Z] [request] atom {"type":"atom","name":"chemistry-atoms-and-elements-1-4","protons":"4","neutrons":"6","electrons":"4"}
[2026-09-04T20:34:39.534Z] [generated] atom-1c91c1beb703.svg
[2026-09-04T20:37:15.087Z] Worksheet image server listening at http://127.0.0.1:4317
[2026-09-04T20:37:28.286Z] [request] atom {"type":"atom","protons":"12","neutrons":"13","electrons":"12","name":"shell-label-check"}
[2026-09-04T20:37:28.288Z] [generated] atom-b76d4a46d61b.svg
[2026-09-04T20:38:27.273Z] [request] atom {"type":"atom","name":"chemistry-atoms-and-elements-1-0","protons":"2","neutrons":"0","electrons":"2"}
[2026-09-04T20:38:27.274Z] [generated] atom-38dfdbb6cd60.svg
[2026-09-04T20:38:27.275Z] [request] atom {"type":"atom","name":"chemistry-atoms-and-elements-1-1","protons":"7","neutrons":"6","electrons":"7"}
[2026-09-04T20:38:27.276Z] [generated] atom-a42ae31f12a2.svg
[2026-09-04T20:38:27.276Z] [request] atom {"type":"atom","name":"chemistry-atoms-and-elements-1-2","protons":"12","neutrons":"12","electrons":"12"}
[2026-09-04T20:38:27.278Z] [generated] atom-5012c5bbc43f.svg
[2026-09-04T20:38:27.278Z] [request] atom {"type":"atom","name":"chemistry-atoms-and-elements-1-3","protons":"17","neutrons":"18","electrons":"17"}
[2026-09-04T20:38:27.292Z] [generated] atom-d2aba78d4b59.svg
[2026-09-04T20:38:27.293Z] [request] atom {"type":"atom","name":"chemistry-atoms-and-elements-1-4","protons":"4","neutrons":"6","electrons":"4"}
[2026-09-04T20:38:27.294Z] [generated] atom-81dfa3b38c0c.svg
[2026-09-04T20:39:20.938Z] Worksheet image server listening at http://127.0.0.1:4317
[2026-09-04T20:39:35.755Z] [request] atom {"type":"atom","protons":"12","neutrons":"13","electrons":"12","name":"final-design-check"}
[2026-09-04T20:39:35.757Z] [generated] atom-15039a8efab5.svg
[2026-09-04T20:41:20.380Z] Worksheet image server listening at http://127.0.0.1:4317
[2026-09-04T20:41:39.167Z] [request] atom {"type":"atom","protons":"12","neutrons":"13","electrons":"12","name":"reference-style-check"}
[2026-09-04T20:41:39.169Z] [generated] atom-dc15b221bb38.svg
[2026-09-04T20:47:30.298Z] [request] atom {"type":"atom","name":"chemistry-atoms-and-elements-1-0","protons":"2","neutrons":"0","electrons":"2"}
[2026-09-04T20:47:30.300Z] [generated] atom-1fc50e5cca17.svg
[2026-09-04T20:47:30.300Z] [request] atom {"type":"atom","name":"chemistry-atoms-and-elements-1-1","protons":"7","neutrons":"6","electrons":"7"}
[2026-09-04T20:47:30.301Z] [generated] atom-93e95bf51a48.svg
[2026-09-04T20:47:30.301Z] [request] atom {"type":"atom","name":"chemistry-atoms-and-elements-1-2","protons":"12","neutrons":"12","electrons":"12"}
[2026-09-04T20:47:30.302Z] [generated] atom-3a8582823240.svg
[2026-09-04T20:47:30.303Z] [request] atom {"type":"atom","name":"chemistry-atoms-and-elements-1-3","protons":"17","neutrons":"18","electrons":"17"}
[2026-09-04T20:47:30.304Z] [generated] atom-ec4750f31cc1.svg
[2026-09-04T20:47:30.304Z] [request] atom {"type":"atom","name":"chemistry-atoms-and-elements-1-4","protons":"4","neutrons":"6","electrons":"4"}
[2026-09-04T20:47:30.308Z] [generated] atom-385db0b62fac.svg
[2026-09-04T20:48:23.457Z] Worksheet image server listening at http://127.0.0.1:4317
[2026-09-04T20:48:34.943Z] [request] atom {"type":"atom","protons":"12","neutrons":"13","electrons":"12","name":"latest-design-check"}
[2026-09-04T20:48:34.944Z] [generated] atom-1e9ddca1432c.svg
[2026-09-04T20:49:20.454Z] [request] atom {"type":"atom","name":"library-atom"}
[2026-09-04T20:49:20.455Z] [generated] atom-b8d9341f29c9.svg
[2026-09-04T20:49:20.456Z] [request] molecule {"type":"molecule","name":"library-molecule"}
[2026-09-04T20:49:20.457Z] [generated] molecule-63934085a2a0.svg
[2026-09-04T20:49:20.457Z] [request] electrochemicalCell {"type":"electrochemicalCell","name":"library-electrochemicalCell"}
[2026-09-04T20:49:20.461Z] [generated] electrochemicalCell-731242b151b1.svg
[2026-09-04T20:49:20.462Z] [request] energyProfile {"type":"energyProfile","name":"library-energyProfile"}
[2026-09-04T20:49:20.462Z] [generated] energyProfile-fa1b8024c5e7.svg
[2026-09-04T20:49:20.463Z] [request] spectrum {"type":"spectrum","name":"library-spectrum"}
[2026-09-04T20:49:20.464Z] [generated] spectrum-d290d94f9527.svg
[2026-09-04T20:57:02.790Z] [request] atom {"type":"atom","name":"chemistry-atoms-and-elements-1-0","protons":"2","neutrons":"0","electrons":"2"}
[2026-09-04T20:57:02.791Z] [generated] atom-791c3b97c250.svg
[2026-09-04T20:57:02.791Z] [request] atom {"type":"atom","name":"chemistry-atoms-and-elements-1-1","protons":"7","neutrons":"6","electrons":"7"}
[2026-09-04T20:57:02.793Z] [generated] atom-356b0cbf2c9d.svg
[2026-09-04T20:57:02.794Z] [request] atom {"type":"atom","name":"chemistry-atoms-and-elements-1-2","protons":"12","neutrons":"12","electrons":"12"}
[2026-09-04T20:57:02.795Z] [generated] atom-04a920d8efa1.svg
[2026-09-04T20:57:02.795Z] [request] atom {"type":"atom","name":"chemistry-atoms-and-elements-1-3","protons":"17","neutrons":"18","electrons":"17"}
[2026-09-04T20:57:02.796Z] [generated] atom-06c1236d0182.svg
[2026-09-04T20:57:02.797Z] [request] atom {"type":"atom","name":"chemistry-atoms-and-elements-1-4","protons":"4","neutrons":"6","electrons":"4"}
[2026-09-04T20:57:02.797Z] [generated] atom-c53996c25803.svg
[2026-09-04T20:57:53.012Z] [request] atom {"type":"atom","name":"chemistry-atoms-and-elements-1-0","protons":"2","neutrons":"0","electrons":"2"}
[2026-09-04T20:57:53.013Z] [generated] atom-791c3b97c250.svg
[2026-09-04T20:57:53.014Z] [request] atom {"type":"atom","name":"chemistry-atoms-and-elements-1-1","protons":"7","neutrons":"6","electrons":"7"}
[2026-09-04T20:57:53.014Z] [generated] atom-356b0cbf2c9d.svg
[2026-09-04T20:57:53.015Z] [request] atom {"type":"atom","name":"chemistry-atoms-and-elements-1-2","protons":"12","neutrons":"12","electrons":"12"}
[2026-09-04T20:57:53.016Z] [generated] atom-04a920d8efa1.svg
[2026-09-04T20:57:53.016Z] [request] atom {"type":"atom","name":"chemistry-atoms-and-elements-1-3","protons":"17","neutrons":"18","electrons":"17"}
[2026-09-04T20:57:53.017Z] [generated] atom-06c1236d0182.svg
[2026-09-04T20:57:53.017Z] [request] atom {"type":"atom","name":"chemistry-atoms-and-elements-1-4","protons":"4","neutrons":"6","electrons":"4"}
[2026-09-04T20:57:53.018Z] [generated] atom-c53996c25803.svg
[2026-09-04T20:58:49.107Z] Worksheet image server listening at http://127.0.0.1:4317
[2026-09-04T20:59:01.597Z] [request] atom {"type":"atom","protons":"12","neutrons":"13","electrons":"12","name":"reference-final"}
[2026-09-04T20:59:01.611Z] [generated] atom-a60df1b7f553.svg
[2026-09-04T20:59:41.694Z] [request] atom {"type":"atom","name":"chemistry-atoms-and-elements-1-0","protons":"2","neutrons":"0","electrons":"2"}
[2026-09-04T20:59:41.695Z] [generated] atom-8e92f4f0afc3.svg
[2026-09-04T20:59:41.696Z] [request] atom {"type":"atom","name":"chemistry-atoms-and-elements-1-1","protons":"7","neutrons":"6","electrons":"7"}
[2026-09-04T20:59:41.697Z] [generated] atom-3051b28531f4.svg
[2026-09-04T20:59:41.697Z] [request] atom {"type":"atom","name":"chemistry-atoms-and-elements-1-2","protons":"12","neutrons":"12","electrons":"12"}
[2026-09-04T20:59:41.698Z] [generated] atom-c0542c3ba8e9.svg
[2026-09-04T20:59:41.699Z] [request] atom {"type":"atom","name":"chemistry-atoms-and-elements-1-3","protons":"17","neutrons":"18","electrons":"17"}
[2026-09-04T20:59:41.701Z] [generated] atom-0c6349084dff.svg
[2026-09-04T20:59:41.702Z] [request] atom {"type":"atom","name":"chemistry-atoms-and-elements-1-4","protons":"4","neutrons":"6","electrons":"4"}
[2026-09-04T20:59:41.703Z] [generated] atom-7d6e5ed9b3ad.svg
[2026-09-04T21:00:05.557Z] [request] atom {"type":"atom","name":"chemistry-atoms-and-elements-1-0","protons":"2","neutrons":"0","electrons":"2"}
[2026-09-04T21:00:05.558Z] [generated] atom-8e92f4f0afc3.svg
[2026-09-04T21:00:05.559Z] [request] atom {"type":"atom","name":"chemistry-atoms-and-elements-1-1","protons":"7","neutrons":"6","electrons":"7"}
[2026-09-04T21:00:05.560Z] [generated] atom-3051b28531f4.svg
[2026-09-04T21:00:05.560Z] [request] atom {"type":"atom","name":"chemistry-atoms-and-elements-1-2","protons":"12","neutrons":"12","electrons":"12"}
[2026-09-04T21:00:05.561Z] [generated] atom-c0542c3ba8e9.svg
[2026-09-04T21:00:05.561Z] [request] atom {"type":"atom","name":"chemistry-atoms-and-elements-1-3","protons":"17","neutrons":"18","electrons":"17"}
[2026-09-04T21:00:05.562Z] [generated] atom-0c6349084dff.svg
[2026-09-04T21:00:05.562Z] [request] atom {"type":"atom","name":"chemistry-atoms-and-elements-1-4","protons":"4","neutrons":"6","electrons":"4"}
[2026-09-04T21:00:05.563Z] [generated] atom-7d6e5ed9b3ad.svg
[2026-09-04T21:01:36.381Z] [request] atom {"type":"atom","name":"chemistry-atoms-and-elements-2-0","protons":"3","neutrons":"1","electrons":"3"}
[2026-09-04T21:01:36.382Z] [generated] atom-d48ce8c2d94e.svg
[2026-09-04T21:01:36.383Z] [request] atom {"type":"atom","name":"chemistry-atoms-and-elements-2-1","protons":"8","neutrons":"7","electrons":"8"}
[2026-09-04T21:01:36.383Z] [generated] atom-708c80d7d5d1.svg
[2026-09-04T21:01:36.384Z] [request] atom {"type":"atom","name":"chemistry-atoms-and-elements-2-2","protons":"13","neutrons":"13","electrons":"13"}
[2026-09-04T21:01:36.386Z] [generated] atom-2025f58bf4b5.svg
[2026-09-04T21:01:36.386Z] [request] atom {"type":"atom","name":"chemistry-atoms-and-elements-2-3","protons":"18","neutrons":"19","electrons":"18"}
[2026-09-04T21:01:36.387Z] [generated] atom-66e910bda8f8.svg
[2026-09-04T21:01:36.388Z] [request] atom {"type":"atom","name":"chemistry-atoms-and-elements-2-4","protons":"5","neutrons":"7","electrons":"5"}
[2026-09-04T21:01:36.388Z] [generated] atom-045717fb9631.svg
[2026-09-04T21:01:36.853Z] [request] atom {"type":"atom","name":"chemistry-atoms-and-elements-3-0","protons":"4","neutrons":"2","electrons":"4"}
[2026-09-04T21:01:36.854Z] [generated] atom-37170f3d2a05.svg
[2026-09-04T21:01:36.855Z] [request] atom {"type":"atom","name":"chemistry-atoms-and-elements-3-1","protons":"9","neutrons":"8","electrons":"9"}
[2026-09-04T21:01:36.856Z] [generated] atom-5f9e903a3ae2.svg
[2026-09-04T21:01:36.857Z] [request] atom {"type":"atom","name":"chemistry-atoms-and-elements-3-2","protons":"14","neutrons":"14","electrons":"14"}
[2026-09-04T21:01:36.857Z] [generated] atom-07bbea7aef2c.svg
[2026-09-04T21:01:36.858Z] [request] atom {"type":"atom","name":"chemistry-atoms-and-elements-3-3","protons":"1","neutrons":"2","electrons":"1"}
[2026-09-04T21:01:36.858Z] [generated] atom-07d21811a24c.svg
[2026-09-04T21:01:36.859Z] [request] atom {"type":"atom","name":"chemistry-atoms-and-elements-3-4","protons":"6","neutrons":"8","electrons":"6"}
[2026-09-04T21:01:36.859Z] [generated] atom-c61eec9cee3d.svg
[2026-09-04T21:01:37.067Z] [request] atom {"type":"atom","name":"chemistry-atoms-and-elements-4-0","protons":"5","neutrons":"3","electrons":"5"}
[2026-09-04T21:01:37.068Z] [generated] atom-e2cd0475cf00.svg
[2026-09-04T21:01:37.069Z] [request] atom {"type":"atom","name":"chemistry-atoms-and-elements-4-1","protons":"10","neutrons":"9","electrons":"10"}
[2026-09-04T21:01:37.069Z] [generated] atom-25d594b61232.svg
[2026-09-04T21:01:37.070Z] [request] atom {"type":"atom","name":"chemistry-atoms-and-elements-4-2","protons":"15","neutrons":"15","electrons":"15"}
[2026-09-04T21:01:37.071Z] [generated] atom-09aac19bf7bf.svg
[2026-09-04T21:01:37.071Z] [request] atom {"type":"atom","name":"chemistry-atoms-and-elements-4-3","protons":"2","neutrons":"3","electrons":"2"}
[2026-09-04T21:01:37.072Z] [generated] atom-63b9dde692d7.svg
[2026-09-04T21:01:37.072Z] [request] atom {"type":"atom","name":"chemistry-atoms-and-elements-4-4","protons":"7","neutrons":"9","electrons":"7"}
[2026-09-04T21:01:37.073Z] [generated] atom-c9750b096a58.svg
[2026-09-04T21:01:37.276Z] [request] atom {"type":"atom","name":"chemistry-atoms-and-elements-5-0","protons":"6","neutrons":"4","electrons":"6"}
[2026-09-04T21:01:37.277Z] [generated] atom-841402739166.svg
[2026-09-04T21:01:37.278Z] [request] atom {"type":"atom","name":"chemistry-atoms-and-elements-5-1","protons":"11","neutrons":"10","electrons":"11"}
[2026-09-04T21:01:37.279Z] [generated] atom-812c6733d6d9.svg
[2026-09-04T21:01:37.279Z] [request] atom {"type":"atom","name":"chemistry-atoms-and-elements-5-2","protons":"16","neutrons":"16","electrons":"16"}
[2026-09-04T21:01:37.280Z] [generated] atom-94ecffc100bd.svg
[2026-09-04T21:01:37.280Z] [request] atom {"type":"atom","name":"chemistry-atoms-and-elements-5-3","protons":"3","neutrons":"4","electrons":"3"}
[2026-09-04T21:01:37.281Z] [generated] atom-79819550ad89.svg
[2026-09-04T21:01:37.281Z] [request] atom {"type":"atom","name":"chemistry-atoms-and-elements-5-4","protons":"8","neutrons":"10","electrons":"8"}
[2026-09-04T21:01:37.284Z] [generated] atom-ed01b3472ee0.svg
[2026-09-04T21:01:37.472Z] [request] atom {"type":"atom","name":"chemistry-atoms-and-elements-6-0","protons":"7","neutrons":"5","electrons":"7"}
[2026-09-04T21:01:37.473Z] [generated] atom-b9caeec1bbdb.svg
[2026-09-04T21:01:37.474Z] [request] atom {"type":"atom","name":"chemistry-atoms-and-elements-6-1","protons":"12","neutrons":"11","electrons":"12"}
[2026-09-04T21:01:37.474Z] [generated] atom-c36486ddab44.svg
[2026-09-04T21:01:37.475Z] [request] atom {"type":"atom","name":"chemistry-atoms-and-elements-6-2","protons":"17","neutrons":"17","electrons":"17"}
[2026-09-04T21:01:37.475Z] [generated] atom-040fa23a5c44.svg
[2026-09-04T21:01:37.476Z] [request] atom {"type":"atom","name":"chemistry-atoms-and-elements-6-3","protons":"4","neutrons":"5","electrons":"4"}
[2026-09-04T21:01:37.476Z] [generated] atom-eaceca1b75f9.svg
[2026-09-04T21:01:37.477Z] [request] atom {"type":"atom","name":"chemistry-atoms-and-elements-6-4","protons":"9","neutrons":"11","electrons":"9"}
[2026-09-04T21:01:37.477Z] [generated] atom-e5ef4d948fa3.svg
[2026-09-04T21:01:37.671Z] [request] atom {"type":"atom","name":"chemistry-atoms-and-elements-7-0","protons":"8","neutrons":"6","electrons":"8"}
[2026-09-04T21:01:37.672Z] [generated] atom-1459cf76e61d.svg
[2026-09-04T21:01:37.673Z] [request] atom {"type":"atom","name":"chemistry-atoms-and-elements-7-1","protons":"13","neutrons":"12","electrons":"13"}
[2026-09-04T21:01:37.673Z] [generated] atom-c6eea0462851.svg
[2026-09-04T21:01:37.673Z] [request] atom {"type":"atom","name":"chemistry-atoms-and-elements-7-2","protons":"18","neutrons":"18","electrons":"18"}
[2026-09-04T21:01:37.674Z] [generated] atom-24c4f127b9c9.svg
[2026-09-04T21:01:37.674Z] [request] atom {"type":"atom","name":"chemistry-atoms-and-elements-7-3","protons":"5","neutrons":"6","electrons":"5"}
[2026-09-04T21:01:37.675Z] [generated] atom-1207dcef9f55.svg
[2026-09-04T21:01:37.675Z] [request] atom {"type":"atom","name":"chemistry-atoms-and-elements-7-4","protons":"10","neutrons":"12","electrons":"10"}
[2026-09-04T21:01:37.676Z] [generated] atom-cca26e688c8e.svg
[2026-09-04T21:01:37.866Z] [request] atom {"type":"atom","name":"chemistry-atoms-and-elements-8-0","protons":"9","neutrons":"7","electrons":"9"}
[2026-09-04T21:01:37.867Z] [generated] atom-514346b53fa9.svg
[2026-09-04T21:01:37.868Z] [request] atom {"type":"atom","name":"chemistry-atoms-and-elements-8-1","protons":"14","neutrons":"13","electrons":"14"}
[2026-09-04T21:01:37.868Z] [generated] atom-92e312eb1253.svg
[2026-09-04T21:01:37.869Z] [request] atom {"type":"atom","name":"chemistry-atoms-and-elements-8-2","protons":"1","neutrons":"1","electrons":"1"}
[2026-09-04T21:01:37.869Z] [generated] atom-86843dab6bb7.svg
[2026-09-04T21:01:37.870Z] [request] atom {"type":"atom","name":"chemistry-atoms-and-elements-8-3","protons":"6","neutrons":"7","electrons":"6"}
[2026-09-04T21:01:37.870Z] [generated] atom-7cfe3bd95b89.svg
[2026-09-04T21:01:37.871Z] [request] atom {"type":"atom","name":"chemistry-atoms-and-elements-8-4","protons":"11","neutrons":"13","electrons":"11"}
[2026-09-04T21:01:37.871Z] [generated] atom-b394ebd3fbac.svg
[2026-09-04T21:01:38.670Z] [request] atom {"type":"atom","name":"chemistry-atoms-and-elements-1-0","protons":"2","neutrons":"0","electrons":"2"}
[2026-09-04T21:01:38.671Z] [generated] atom-8e92f4f0afc3.svg
[2026-09-04T21:01:38.672Z] [request] atom {"type":"atom","name":"chemistry-atoms-and-elements-1-1","protons":"7","neutrons":"6","electrons":"7"}
[2026-09-04T21:01:38.673Z] [generated] atom-3051b28531f4.svg
[2026-09-04T21:01:38.673Z] [request] atom {"type":"atom","name":"chemistry-atoms-and-elements-1-2","protons":"12","neutrons":"12","electrons":"12"}
[2026-09-04T21:01:38.674Z] [generated] atom-c0542c3ba8e9.svg
[2026-09-04T21:01:38.674Z] [request] atom {"type":"atom","name":"chemistry-atoms-and-elements-1-3","protons":"17","neutrons":"18","electrons":"17"}
[2026-09-04T21:01:38.675Z] [generated] atom-0c6349084dff.svg
[2026-09-04T21:01:38.675Z] [request] atom {"type":"atom","name":"chemistry-atoms-and-elements-1-4","protons":"4","neutrons":"6","electrons":"4"}
[2026-09-04T21:01:38.675Z] [generated] atom-7d6e5ed9b3ad.svg
[2026-09-04T21:01:38.682Z] [request] atom {"type":"atom"}
[2026-09-04T21:01:38.682Z] [generated] atom-3efddca37504.svg
[2026-09-04T21:01:39.829Z] [request] atom {"type":"atom","name":"chemistry-atoms-and-elements-1-0","protons":"2","neutrons":"0","electrons":"2"}
[2026-09-04T21:01:39.830Z] [generated] atom-8e92f4f0afc3.svg
[2026-09-04T21:01:39.831Z] [request] atom {"type":"atom","name":"chemistry-atoms-and-elements-1-1","protons":"7","neutrons":"6","electrons":"7"}
[2026-09-04T21:01:39.831Z] [generated] atom-3051b28531f4.svg
[2026-09-04T21:01:39.832Z] [request] atom {"type":"atom","name":"chemistry-atoms-and-elements-1-2","protons":"12","neutrons":"12","electrons":"12"}
[2026-09-04T21:01:39.832Z] [generated] atom-c0542c3ba8e9.svg
[2026-09-04T21:01:39.833Z] [request] atom {"type":"atom","name":"chemistry-atoms-and-elements-1-3","protons":"17","neutrons":"18","electrons":"17"}
[2026-09-04T21:01:39.833Z] [generated] atom-0c6349084dff.svg
[2026-09-04T21:01:39.834Z] [request] atom {"type":"atom","name":"chemistry-atoms-and-elements-1-4","protons":"4","neutrons":"6","electrons":"4"}
[2026-09-04T21:01:39.834Z] [generated] atom-7d6e5ed9b3ad.svg
[2026-09-04T21:01:39.836Z] [request] atom {"type":"atom"}
[2026-09-04T21:01:39.836Z] [generated] atom-3efddca37504.svg
[2026-09-04T21:01:40.714Z] [request] atom {"type":"atom","name":"chemistry-atoms-and-elements-1-0","protons":"2","neutrons":"0","electrons":"2"}
[2026-09-04T21:01:40.715Z] [generated] atom-8e92f4f0afc3.svg
[2026-09-04T21:01:40.716Z] [request] atom {"type":"atom","name":"chemistry-atoms-and-elements-1-1","protons":"7","neutrons":"6","electrons":"7"}
[2026-09-04T21:01:40.717Z] [generated] atom-3051b28531f4.svg
[2026-09-04T21:01:40.718Z] [request] atom {"type":"atom","name":"chemistry-atoms-and-elements-1-2","protons":"12","neutrons":"12","electrons":"12"}
[2026-09-04T21:01:40.718Z] [generated] atom-c0542c3ba8e9.svg
[2026-09-04T21:01:40.719Z] [request] atom {"type":"atom","name":"chemistry-atoms-and-elements-1-3","protons":"17","neutrons":"18","electrons":"17"}
[2026-09-04T21:01:40.719Z] [generated] atom-0c6349084dff.svg
[2026-09-04T21:01:40.720Z] [request] atom {"type":"atom","name":"chemistry-atoms-and-elements-1-4","protons":"4","neutrons":"6","electrons":"4"}
[2026-09-04T21:01:40.720Z] [generated] atom-7d6e5ed9b3ad.svg
[2026-09-04T21:01:40.722Z] [request] atom {"type":"atom"}
[2026-09-04T21:01:40.722Z] [generated] atom-3efddca37504.svg
[2026-09-04T21:01:42.082Z] [request] atom {"type":"atom","name":"chemistry-atoms-and-elements-1-0","protons":"2","neutrons":"0","electrons":"2"}
[2026-09-04T21:01:42.083Z] [generated] atom-8e92f4f0afc3.svg
[2026-09-04T21:01:42.084Z] [request] atom {"type":"atom","name":"chemistry-atoms-and-elements-1-1","protons":"7","neutrons":"6","electrons":"7"}
[2026-09-04T21:01:42.085Z] [generated] atom-3051b28531f4.svg
[2026-09-04T21:01:42.086Z] [request] atom {"type":"atom","name":"chemistry-atoms-and-elements-1-2","protons":"12","neutrons":"12","electrons":"12"}
[2026-09-04T21:01:42.087Z] [generated] atom-c0542c3ba8e9.svg
[2026-09-04T21:01:42.087Z] [request] atom {"type":"atom","name":"chemistry-atoms-and-elements-1-3","protons":"17","neutrons":"18","electrons":"17"}
[2026-09-04T21:01:42.088Z] [generated] atom-0c6349084dff.svg
[2026-09-04T21:01:42.088Z] [request] atom {"type":"atom","name":"chemistry-atoms-and-elements-1-4","protons":"4","neutrons":"6","electrons":"4"}
[2026-09-04T21:01:42.089Z] [generated] atom-7d6e5ed9b3ad.svg
[2026-09-04T21:01:42.090Z] [request] atom {"type":"atom"}
[2026-09-04T21:01:42.091Z] [generated] atom-3efddca37504.svg
[2026-09-04T21:01:43.226Z] [request] atom {"type":"atom","name":"chemistry-atoms-and-elements-1-0","protons":"2","neutrons":"0","electrons":"2"}
[2026-09-04T21:01:43.227Z] [generated] atom-8e92f4f0afc3.svg
[2026-09-04T21:01:43.227Z] [request] atom {"type":"atom","name":"chemistry-atoms-and-elements-1-1","protons":"7","neutrons":"6","electrons":"7"}
[2026-09-04T21:01:43.228Z] [generated] atom-3051b28531f4.svg
[2026-09-04T21:01:43.229Z] [request] atom {"type":"atom","name":"chemistry-atoms-and-elements-1-2","protons":"12","neutrons":"12","electrons":"12"}
[2026-09-04T21:01:43.229Z] [generated] atom-c0542c3ba8e9.svg
[2026-09-04T21:01:43.230Z] [request] atom {"type":"atom","name":"chemistry-atoms-and-elements-1-3","protons":"17","neutrons":"18","electrons":"17"}
[2026-09-04T21:01:43.230Z] [generated] atom-0c6349084dff.svg
[2026-09-04T21:01:43.231Z] [request] atom {"type":"atom","name":"chemistry-atoms-and-elements-1-4","protons":"4","neutrons":"6","electrons":"4"}
[2026-09-04T21:01:43.231Z] [generated] atom-7d6e5ed9b3ad.svg
[2026-09-04T21:01:43.235Z] [request] atom {"type":"atom"}
[2026-09-04T21:01:43.236Z] [generated] atom-3efddca37504.svg
[2026-09-04T21:01:44.932Z] [request] atom {"type":"atom","name":"chemistry-atoms-and-elements-1-0","protons":"2","neutrons":"0","electrons":"2"}
[2026-09-04T21:01:44.933Z] [generated] atom-8e92f4f0afc3.svg
[2026-09-04T21:01:44.934Z] [request] atom {"type":"atom","name":"chemistry-atoms-and-elements-1-9","protons":"11","neutrons":"13","electrons":"11"}
[2026-09-04T21:01:44.934Z] [generated] atom-0ae15156fd95.svg
[2026-09-04T21:01:44.935Z] [request] atom {"type":"atom","name":"chemistry-atoms-and-elements-1-10","protons":"16","neutrons":"14","electrons":"16"}
[2026-09-04T21:01:44.935Z] [generated] atom-bcc5955095f4.svg
[2026-09-04T21:01:44.936Z] [request] atom {"type":"atom","name":"chemistry-atoms-and-elements-1-11","protons":"3","neutrons":"2","electrons":"3"}
[2026-09-04T21:01:44.937Z] [generated] atom-6e57d26a20f5.svg
[2026-09-04T21:01:44.937Z] [request] atom {"type":"atom","name":"chemistry-atoms-and-elements-1-12","protons":"8","neutrons":"8","electrons":"8"}
[2026-09-04T21:01:44.938Z] [generated] atom-f2b0591cb0dc.svg
[2026-09-04T21:01:44.938Z] [request] atom {"type":"atom","name":"chemistry-atoms-and-elements-1-13","protons":"13","neutrons":"14","electrons":"13"}
[2026-09-04T21:01:44.939Z] [generated] atom-778aef3334fd.svg
[2026-09-04T21:01:44.939Z] [request] atom {"type":"atom","name":"chemistry-atoms-and-elements-1-14","protons":"18","neutrons":"20","electrons":"18"}
[2026-09-04T21:01:44.940Z] [generated] atom-8b015d522ae3.svg
[2026-09-04T21:01:44.940Z] [request] atom {"type":"atom","name":"chemistry-atoms-and-elements-1-15","protons":"5","neutrons":"3","electrons":"5"}
[2026-09-04T21:01:44.941Z] [generated] atom-d36cdeca76fe.svg
[2026-09-04T21:01:44.941Z] [request] atom {"type":"atom","name":"chemistry-atoms-and-elements-1-16","protons":"10","neutrons":"9","electrons":"10"}
[2026-09-04T21:01:44.942Z] [generated] atom-f3a8a545e665.svg
[2026-09-04T21:01:44.942Z] [request] atom {"type":"atom","name":"chemistry-atoms-and-elements-1-17","protons":"15","neutrons":"15","electrons":"15"}
[2026-09-04T21:01:44.943Z] [generated] atom-a3735cd3a6f0.svg
[2026-09-04T21:01:44.943Z] [request] atom {"type":"atom","name":"chemistry-atoms-and-elements-1-18","protons":"2","neutrons":"3","electrons":"2"}
[2026-09-04T21:01:44.944Z] [generated] atom-27c4563a4b67.svg
[2026-09-04T21:01:44.944Z] [request] atom {"type":"atom","name":"chemistry-atoms-and-elements-1-19","protons":"7","neutrons":"9","electrons":"7"}
[2026-09-04T21:01:44.945Z] [generated] atom-3bb6da89cb16.svg
[2026-09-04T21:01:44.945Z] [request] atom {"type":"atom","name":"chemistry-atoms-and-elements-1-1","protons":"7","neutrons":"6","electrons":"7"}
[2026-09-04T21:01:44.945Z] [generated] atom-3051b28531f4.svg
[2026-09-04T21:01:44.946Z] [request] atom {"type":"atom","name":"chemistry-atoms-and-elements-1-2","protons":"12","neutrons":"12","electrons":"12"}
[2026-09-04T21:01:44.947Z] [generated] atom-c0542c3ba8e9.svg
[2026-09-04T21:01:44.947Z] [request] atom {"type":"atom","name":"chemistry-atoms-and-elements-1-3","protons":"17","neutrons":"18","electrons":"17"}
[2026-09-04T21:01:44.948Z] [generated] atom-0c6349084dff.svg
[2026-09-04T21:01:44.949Z] [request] atom {"type":"atom","name":"chemistry-atoms-and-elements-1-4","protons":"4","neutrons":"6","electrons":"4"}
[2026-09-04T21:01:44.949Z] [generated] atom-7d6e5ed9b3ad.svg
[2026-09-04T21:01:44.950Z] [request] atom {"type":"atom","name":"chemistry-atoms-and-elements-1-5","protons":"9","neutrons":"7","electrons":"9"}
[2026-09-04T21:01:44.950Z] [generated] atom-823feccbe5a6.svg
[2026-09-04T21:01:44.951Z] [request] atom {"type":"atom","name":"chemistry-atoms-and-elements-1-6","protons":"14","neutrons":"13","electrons":"14"}
[2026-09-04T21:01:44.952Z] [generated] atom-85a643384839.svg
[2026-09-04T21:01:44.952Z] [request] atom {"type":"atom","name":"chemistry-atoms-and-elements-1-7","protons":"1","neutrons":"1","electrons":"1"}
[2026-09-04T21:01:44.953Z] [generated] atom-b7037a59e887.svg
[2026-09-04T21:01:44.953Z] [request] atom {"type":"atom","name":"chemistry-atoms-and-elements-1-8","protons":"6","neutrons":"7","electrons":"6"}
[2026-09-04T21:01:44.954Z] [generated] atom-5e3e0ecb2c14.svg
[2026-09-04T21:01:46.811Z] [request] atom {"type":"atom","name":"chemistry-atoms-and-elements-1-0","protons":"2","neutrons":"0","electrons":"2"}
[2026-09-04T21:01:46.812Z] [generated] atom-8e92f4f0afc3.svg
[2026-09-04T21:01:46.813Z] [request] atom {"type":"atom","name":"chemistry-atoms-and-elements-1-11","protons":"3","neutrons":"2","electrons":"3"}
[2026-09-04T21:01:46.813Z] [generated] atom-6e57d26a20f5.svg
[2026-09-04T21:01:46.814Z] [request] atom {"type":"atom","name":"chemistry-atoms-and-elements-1-12","protons":"8","neutrons":"8","electrons":"8"}
[2026-09-04T21:01:46.814Z] [generated] atom-f2b0591cb0dc.svg
[2026-09-04T21:01:46.815Z] [request] atom {"type":"atom","name":"chemistry-atoms-and-elements-1-13","protons":"13","neutrons":"14","electrons":"13"}
[2026-09-04T21:01:46.815Z] [generated] atom-778aef3334fd.svg
[2026-09-04T21:01:46.816Z] [request] atom {"type":"atom","name":"chemistry-atoms-and-elements-1-14","protons":"18","neutrons":"20","electrons":"18"}
[2026-09-04T21:01:46.817Z] [generated] atom-8b015d522ae3.svg
[2026-09-04T21:01:46.817Z] [request] atom {"type":"atom","name":"chemistry-atoms-and-elements-1-15","protons":"5","neutrons":"3","electrons":"5"}
[2026-09-04T21:01:46.818Z] [generated] atom-d36cdeca76fe.svg
[2026-09-04T21:01:46.818Z] [request] atom {"type":"atom","name":"chemistry-atoms-and-elements-1-16","protons":"10","neutrons":"9","electrons":"10"}
[2026-09-04T21:01:46.819Z] [generated] atom-f3a8a545e665.svg
[2026-09-04T21:01:46.819Z] [request] atom {"type":"atom","name":"chemistry-atoms-and-elements-1-17","protons":"15","neutrons":"15","electrons":"15"}
[2026-09-04T21:01:46.820Z] [generated] atom-a3735cd3a6f0.svg
[2026-09-04T21:01:46.820Z] [request] atom {"type":"atom","name":"chemistry-atoms-and-elements-1-18","protons":"2","neutrons":"3","electrons":"2"}
[2026-09-04T21:01:46.821Z] [generated] atom-27c4563a4b67.svg
[2026-09-04T21:01:46.821Z] [request] atom {"type":"atom","name":"chemistry-atoms-and-elements-1-19","protons":"7","neutrons":"9","electrons":"7"}
[2026-09-04T21:01:46.822Z] [generated] atom-3bb6da89cb16.svg
[2026-09-04T21:01:46.822Z] [request] atom {"type":"atom","name":"chemistry-atoms-and-elements-1-1","protons":"7","neutrons":"6","electrons":"7"}
[2026-09-04T21:01:46.823Z] [generated] atom-3051b28531f4.svg
[2026-09-04T21:01:46.824Z] [request] atom {"type":"atom","name":"chemistry-atoms-and-elements-1-2","protons":"12","neutrons":"12","electrons":"12"}
[2026-09-04T21:01:46.824Z] [generated] atom-c0542c3ba8e9.svg
[2026-09-04T21:01:46.825Z] [request] atom {"type":"atom","name":"chemistry-atoms-and-elements-1-3","protons":"17","neutrons":"18","electrons":"17"}
[2026-09-04T21:01:46.825Z] [generated] atom-0c6349084dff.svg
[2026-09-04T21:01:46.826Z] [request] atom {"type":"atom","name":"chemistry-atoms-and-elements-1-4","protons":"4","neutrons":"6","electrons":"4"}
[2026-09-04T21:01:46.826Z] [generated] atom-7d6e5ed9b3ad.svg
[2026-09-04T21:01:46.827Z] [request] atom {"type":"atom","name":"chemistry-atoms-and-elements-1-5","protons":"9","neutrons":"7","electrons":"9"}
[2026-09-04T21:01:46.827Z] [generated] atom-823feccbe5a6.svg
[2026-09-04T21:01:46.828Z] [request] atom {"type":"atom","name":"chemistry-atoms-and-elements-1-6","protons":"14","neutrons":"13","electrons":"14"}
[2026-09-04T21:01:46.828Z] [generated] atom-85a643384839.svg
[2026-09-04T21:01:46.829Z] [request] atom {"type":"atom","name":"chemistry-atoms-and-elements-1-7","protons":"1","neutrons":"1","electrons":"1"}
[2026-09-04T21:01:46.829Z] [generated] atom-b7037a59e887.svg
[2026-09-04T21:01:46.829Z] [request] atom {"type":"atom","name":"chemistry-atoms-and-elements-1-8","protons":"6","neutrons":"7","electrons":"6"}
[2026-09-04T21:01:46.830Z] [generated] atom-5e3e0ecb2c14.svg
[2026-09-04T21:01:46.830Z] [request] atom {"type":"atom","name":"chemistry-atoms-and-elements-1-9","protons":"11","neutrons":"13","electrons":"11"}
[2026-09-04T21:01:46.831Z] [generated] atom-0ae15156fd95.svg
[2026-09-04T21:01:46.831Z] [request] atom {"type":"atom","name":"chemistry-atoms-and-elements-1-10","protons":"16","neutrons":"14","electrons":"16"}
[2026-09-04T21:01:46.832Z] [generated] atom-bcc5955095f4.svg
[2026-09-04T21:01:47.705Z] [request] atom {"type":"atom","name":"chemistry-atoms-and-elements-1-0","protons":"2","neutrons":"0","electrons":"2"}
[2026-09-04T21:01:47.706Z] [generated] atom-8e92f4f0afc3.svg
[2026-09-04T21:01:47.706Z] [request] atom {"type":"atom","name":"chemistry-atoms-and-elements-1-11","protons":"3","neutrons":"2","electrons":"3"}
[2026-09-04T21:01:47.707Z] [generated] atom-6e57d26a20f5.svg
[2026-09-04T21:01:47.708Z] [request] atom {"type":"atom","name":"chemistry-atoms-and-elements-1-12","protons":"8","neutrons":"8","electrons":"8"}
[2026-09-04T21:01:47.708Z] [generated] atom-f2b0591cb0dc.svg
[2026-09-04T21:01:47.709Z] [request] atom {"type":"atom","name":"chemistry-atoms-and-elements-1-13","protons":"13","neutrons":"14","electrons":"13"}
[2026-09-04T21:01:47.709Z] [generated] atom-778aef3334fd.svg
[2026-09-04T21:01:47.710Z] [request] atom {"type":"atom","name":"chemistry-atoms-and-elements-1-14","protons":"18","neutrons":"20","electrons":"18"}
[2026-09-04T21:01:47.710Z] [generated] atom-8b015d522ae3.svg
[2026-09-04T21:01:47.711Z] [request] atom {"type":"atom","name":"chemistry-atoms-and-elements-1-15","protons":"5","neutrons":"3","electrons":"5"}
[2026-09-04T21:01:47.711Z] [generated] atom-d36cdeca76fe.svg
[2026-09-04T21:01:47.712Z] [request] atom {"type":"atom","name":"chemistry-atoms-and-elements-1-16","protons":"10","neutrons":"9","electrons":"10"}
[2026-09-04T21:01:47.712Z] [generated] atom-f3a8a545e665.svg
[2026-09-04T21:01:47.713Z] [request] atom {"type":"atom","name":"chemistry-atoms-and-elements-1-17","protons":"15","neutrons":"15","electrons":"15"}
[2026-09-04T21:01:47.713Z] [generated] atom-a3735cd3a6f0.svg
[2026-09-04T21:01:47.714Z] [request] atom {"type":"atom","name":"chemistry-atoms-and-elements-1-18","protons":"2","neutrons":"3","electrons":"2"}
[2026-09-04T21:01:47.714Z] [generated] atom-27c4563a4b67.svg
[2026-09-04T21:01:47.715Z] [request] atom {"type":"atom","name":"chemistry-atoms-and-elements-1-19","protons":"7","neutrons":"9","electrons":"7"}
[2026-09-04T21:01:47.715Z] [generated] atom-3bb6da89cb16.svg
[2026-09-04T21:01:47.716Z] [request] atom {"type":"atom","name":"chemistry-atoms-and-elements-1-1","protons":"7","neutrons":"6","electrons":"7"}
[2026-09-04T21:01:47.716Z] [generated] atom-3051b28531f4.svg
[2026-09-04T21:01:47.717Z] [request] atom {"type":"atom","name":"chemistry-atoms-and-elements-1-2","protons":"12","neutrons":"12","electrons":"12"}
[2026-09-04T21:01:47.717Z] [generated] atom-c0542c3ba8e9.svg
[2026-09-04T21:01:47.718Z] [request] atom {"type":"atom","name":"chemistry-atoms-and-elements-1-3","protons":"17","neutrons":"18","electrons":"17"}
[2026-09-04T21:01:47.718Z] [generated] atom-0c6349084dff.svg
[2026-09-04T21:01:47.719Z] [request] atom {"type":"atom","name":"chemistry-atoms-and-elements-1-4","protons":"4","neutrons":"6","electrons":"4"}
[2026-09-04T21:01:47.719Z] [generated] atom-7d6e5ed9b3ad.svg
[2026-09-04T21:01:47.719Z] [request] atom {"type":"atom","name":"chemistry-atoms-and-elements-1-5","protons":"9","neutrons":"7","electrons":"9"}
[2026-09-04T21:01:47.720Z] [generated] atom-823feccbe5a6.svg
[2026-09-04T21:01:47.720Z] [request] atom {"type":"atom","name":"chemistry-atoms-and-elements-1-6","protons":"14","neutrons":"13","electrons":"14"}
[2026-09-04T21:01:47.721Z] [generated] atom-85a643384839.svg
[2026-09-04T21:01:47.721Z] [request] atom {"type":"atom","name":"chemistry-atoms-and-elements-1-7","protons":"1","neutrons":"1","electrons":"1"}
[2026-09-04T21:01:47.722Z] [generated] atom-b7037a59e887.svg
[2026-09-04T21:01:47.722Z] [request] atom {"type":"atom","name":"chemistry-atoms-and-elements-1-8","protons":"6","neutrons":"7","electrons":"6"}
[2026-09-04T21:01:47.723Z] [generated] atom-5e3e0ecb2c14.svg
[2026-09-04T21:01:47.723Z] [request] atom {"type":"atom","name":"chemistry-atoms-and-elements-1-9","protons":"11","neutrons":"13","electrons":"11"}
[2026-09-04T21:01:47.724Z] [generated] atom-0ae15156fd95.svg
[2026-09-04T21:01:47.724Z] [request] atom {"type":"atom","name":"chemistry-atoms-and-elements-1-10","protons":"16","neutrons":"14","electrons":"16"}
[2026-09-04T21:01:47.725Z] [generated] atom-bcc5955095f4.svg
[2026-09-04T21:01:51.520Z] [request] atom {"type":"atom","name":"chemistry-atoms-and-elements-1-0","protons":"2","neutrons":"0","electrons":"2"}
[2026-09-04T21:01:51.520Z] [generated] atom-8e92f4f0afc3.svg
[2026-09-04T21:01:51.521Z] [request] atom {"type":"atom","name":"chemistry-atoms-and-elements-1-11","protons":"3","neutrons":"2","electrons":"3"}
[2026-09-04T21:01:51.522Z] [generated] atom-6e57d26a20f5.svg
[2026-09-04T21:01:51.522Z] [request] atom {"type":"atom","name":"chemistry-atoms-and-elements-1-12","protons":"8","neutrons":"8","electrons":"8"}
[2026-09-04T21:01:51.523Z] [generated] atom-f2b0591cb0dc.svg
[2026-09-04T21:01:51.523Z] [request] atom {"type":"atom","name":"chemistry-atoms-and-elements-1-13","protons":"13","neutrons":"14","electrons":"13"}
[2026-09-04T21:01:51.524Z] [generated] atom-778aef3334fd.svg
[2026-09-04T21:01:51.524Z] [request] atom {"type":"atom","name":"chemistry-atoms-and-elements-1-14","protons":"18","neutrons":"20","electrons":"18"}
[2026-09-04T21:01:51.525Z] [generated] atom-8b015d522ae3.svg
[2026-09-04T21:01:51.525Z] [request] atom {"type":"atom","name":"chemistry-atoms-and-elements-1-15","protons":"5","neutrons":"3","electrons":"5"}
[2026-09-04T21:01:51.525Z] [generated] atom-d36cdeca76fe.svg
[2026-09-04T21:01:51.527Z] [request] atom {"type":"atom","name":"chemistry-atoms-and-elements-1-16","protons":"10","neutrons":"9","electrons":"10"}
[2026-09-04T21:01:51.527Z] [generated] atom-f3a8a545e665.svg
[2026-09-04T21:01:51.528Z] [request] atom {"type":"atom","name":"chemistry-atoms-and-elements-1-17","protons":"15","neutrons":"15","electrons":"15"}
[2026-09-04T21:01:51.528Z] [generated] atom-a3735cd3a6f0.svg
[2026-09-04T21:01:51.528Z] [request] atom {"type":"atom","name":"chemistry-atoms-and-elements-1-18","protons":"2","neutrons":"3","electrons":"2"}
[2026-09-04T21:01:51.529Z] [generated] atom-27c4563a4b67.svg
[2026-09-04T21:01:51.529Z] [request] atom {"type":"atom","name":"chemistry-atoms-and-elements-1-19","protons":"7","neutrons":"9","electrons":"7"}
[2026-09-04T21:01:51.530Z] [generated] atom-3bb6da89cb16.svg
[2026-09-04T21:01:51.530Z] [request] atom {"type":"atom","name":"chemistry-atoms-and-elements-1-1","protons":"7","neutrons":"6","electrons":"7"}
[2026-09-04T21:01:51.531Z] [generated] atom-3051b28531f4.svg
[2026-09-04T21:01:51.531Z] [request] atom {"type":"atom","name":"chemistry-atoms-and-elements-1-2","protons":"12","neutrons":"12","electrons":"12"}
[2026-09-04T21:01:51.532Z] [generated] atom-c0542c3ba8e9.svg
[2026-09-04T21:01:51.532Z] [request] atom {"type":"atom","name":"chemistry-atoms-and-elements-1-3","protons":"17","neutrons":"18","electrons":"17"}
[2026-09-04T21:01:51.533Z] [generated] atom-0c6349084dff.svg
[2026-09-04T21:01:51.533Z] [request] atom {"type":"atom","name":"chemistry-atoms-and-elements-1-4","protons":"4","neutrons":"6","electrons":"4"}
[2026-09-04T21:01:51.534Z] [generated] atom-7d6e5ed9b3ad.svg
[2026-09-04T21:01:51.534Z] [request] atom {"type":"atom","name":"chemistry-atoms-and-elements-1-5","protons":"9","neutrons":"7","electrons":"9"}
[2026-09-04T21:01:51.535Z] [generated] atom-823feccbe5a6.svg
[2026-09-04T21:01:51.535Z] [request] atom {"type":"atom","name":"chemistry-atoms-and-elements-1-6","protons":"14","neutrons":"13","electrons":"14"}
[2026-09-04T21:01:51.536Z] [generated] atom-85a643384839.svg
[2026-09-04T21:01:51.536Z] [request] atom {"type":"atom","name":"chemistry-atoms-and-elements-1-7","protons":"1","neutrons":"1","electrons":"1"}
[2026-09-04T21:01:51.536Z] [generated] atom-b7037a59e887.svg
[2026-09-04T21:01:51.537Z] [request] atom {"type":"atom","name":"chemistry-atoms-and-elements-1-8","protons":"6","neutrons":"7","electrons":"6"}
[2026-09-04T21:01:51.537Z] [generated] atom-5e3e0ecb2c14.svg
[2026-09-04T21:01:51.538Z] [request] atom {"type":"atom","name":"chemistry-atoms-and-elements-1-9","protons":"11","neutrons":"13","electrons":"11"}
[2026-09-04T21:01:51.538Z] [generated] atom-0ae15156fd95.svg
[2026-09-04T21:01:51.539Z] [request] atom {"type":"atom","name":"chemistry-atoms-and-elements-1-10","protons":"16","neutrons":"14","electrons":"16"}
[2026-09-04T21:01:51.539Z] [generated] atom-bcc5955095f4.svg
[2026-09-04T21:01:52.681Z] [request] atom {"type":"atom","name":"chemistry-atoms-and-elements-1-0","protons":"2","neutrons":"0","electrons":"2"}
[2026-09-04T21:01:52.681Z] [generated] atom-8e92f4f0afc3.svg
[2026-09-04T21:01:52.682Z] [request] atom {"type":"atom","name":"chemistry-atoms-and-elements-1-10","protons":"16","neutrons":"14","electrons":"16"}
[2026-09-04T21:01:52.683Z] [generated] atom-bcc5955095f4.svg
[2026-09-04T21:01:52.683Z] [request] atom {"type":"atom","name":"chemistry-atoms-and-elements-1-11","protons":"3","neutrons":"2","electrons":"3"}
[2026-09-04T21:01:52.684Z] [generated] atom-6e57d26a20f5.svg
[2026-09-04T21:01:52.684Z] [request] atom {"type":"atom","name":"chemistry-atoms-and-elements-1-12","protons":"8","neutrons":"8","electrons":"8"}
[2026-09-04T21:01:52.685Z] [generated] atom-f2b0591cb0dc.svg
[2026-09-04T21:01:52.685Z] [request] atom {"type":"atom","name":"chemistry-atoms-and-elements-1-13","protons":"13","neutrons":"14","electrons":"13"}
[2026-09-04T21:01:52.685Z] [generated] atom-778aef3334fd.svg
[2026-09-04T21:01:52.686Z] [request] atom {"type":"atom","name":"chemistry-atoms-and-elements-1-14","protons":"18","neutrons":"20","electrons":"18"}
[2026-09-04T21:01:52.686Z] [generated] atom-8b015d522ae3.svg
[2026-09-04T21:01:52.687Z] [request] atom {"type":"atom","name":"chemistry-atoms-and-elements-1-15","protons":"5","neutrons":"3","electrons":"5"}
[2026-09-04T21:01:52.687Z] [generated] atom-d36cdeca76fe.svg
[2026-09-04T21:01:52.688Z] [request] atom {"type":"atom","name":"chemistry-atoms-and-elements-1-16","protons":"10","neutrons":"9","electrons":"10"}
[2026-09-04T21:01:52.688Z] [generated] atom-f3a8a545e665.svg
[2026-09-04T21:01:52.689Z] [request] atom {"type":"atom","name":"chemistry-atoms-and-elements-1-17","protons":"15","neutrons":"15","electrons":"15"}
[2026-09-04T21:01:52.689Z] [generated] atom-a3735cd3a6f0.svg
[2026-09-04T21:01:52.690Z] [request] atom {"type":"atom","name":"chemistry-atoms-and-elements-1-18","protons":"2","neutrons":"3","electrons":"2"}
[2026-09-04T21:01:52.690Z] [generated] atom-27c4563a4b67.svg
[2026-09-04T21:01:52.691Z] [request] atom {"type":"atom","name":"chemistry-atoms-and-elements-1-19","protons":"7","neutrons":"9","electrons":"7"}
[2026-09-04T21:01:52.691Z] [generated] atom-3bb6da89cb16.svg
[2026-09-04T21:01:52.692Z] [request] atom {"type":"atom","name":"chemistry-atoms-and-elements-1-1","protons":"7","neutrons":"6","electrons":"7"}
[2026-09-04T21:01:52.692Z] [generated] atom-3051b28531f4.svg
[2026-09-04T21:01:52.693Z] [request] atom {"type":"atom","name":"chemistry-atoms-and-elements-1-2","protons":"12","neutrons":"12","electrons":"12"}
[2026-09-04T21:01:52.693Z] [generated] atom-c0542c3ba8e9.svg
[2026-09-04T21:01:52.694Z] [request] atom {"type":"atom","name":"chemistry-atoms-and-elements-1-3","protons":"17","neutrons":"18","electrons":"17"}
[2026-09-04T21:01:52.694Z] [generated] atom-0c6349084dff.svg
[2026-09-04T21:01:52.695Z] [request] atom {"type":"atom","name":"chemistry-atoms-and-elements-1-4","protons":"4","neutrons":"6","electrons":"4"}
[2026-09-04T21:01:52.695Z] [generated] atom-7d6e5ed9b3ad.svg
[2026-09-04T21:01:52.696Z] [request] atom {"type":"atom","name":"chemistry-atoms-and-elements-1-5","protons":"9","neutrons":"7","electrons":"9"}
[2026-09-04T21:01:52.696Z] [generated] atom-823feccbe5a6.svg
[2026-09-04T21:01:52.697Z] [request] atom {"type":"atom","name":"chemistry-atoms-and-elements-1-6","protons":"14","neutrons":"13","electrons":"14"}
[2026-09-04T21:01:52.697Z] [generated] atom-85a643384839.svg
[2026-09-04T21:01:52.698Z] [request] atom {"type":"atom","name":"chemistry-atoms-and-elements-1-7","protons":"1","neutrons":"1","electrons":"1"}
[2026-09-04T21:01:52.698Z] [generated] atom-b7037a59e887.svg
[2026-09-04T21:01:52.699Z] [request] atom {"type":"atom","name":"chemistry-atoms-and-elements-1-8","protons":"6","neutrons":"7","electrons":"6"}
[2026-09-04T21:01:52.699Z] [generated] atom-5e3e0ecb2c14.svg
[2026-09-04T21:01:52.700Z] [request] atom {"type":"atom","name":"chemistry-atoms-and-elements-1-9","protons":"11","neutrons":"13","electrons":"11"}
[2026-09-04T21:01:52.700Z] [generated] atom-0ae15156fd95.svg
[2026-09-04T21:01:53.849Z] [request] atom {"type":"atom","name":"chemistry-atoms-and-elements-1-0","protons":"2","neutrons":"0","electrons":"2"}
[2026-09-04T21:01:53.850Z] [generated] atom-8e92f4f0afc3.svg
[2026-09-04T21:01:53.851Z] [request] atom {"type":"atom","name":"chemistry-atoms-and-elements-1-11","protons":"3","neutrons":"2","electrons":"3"}
[2026-09-04T21:01:53.851Z] [generated] atom-6e57d26a20f5.svg
[2026-09-04T21:01:53.852Z] [request] atom {"type":"atom","name":"chemistry-atoms-and-elements-1-12","protons":"8","neutrons":"8","electrons":"8"}
[2026-09-04T21:01:53.853Z] [generated] atom-f2b0591cb0dc.svg
[2026-09-04T21:01:53.853Z] [request] atom {"type":"atom","name":"chemistry-atoms-and-elements-1-13","protons":"13","neutrons":"14","electrons":"13"}
[2026-09-04T21:01:53.854Z] [generated] atom-778aef3334fd.svg
[2026-09-04T21:01:53.854Z] [request] atom {"type":"atom","name":"chemistry-atoms-and-elements-1-14","protons":"18","neutrons":"20","electrons":"18"}
[2026-09-04T21:01:53.855Z] [generated] atom-8b015d522ae3.svg
[2026-09-04T21:01:53.856Z] [request] atom {"type":"atom","name":"chemistry-atoms-and-elements-1-15","protons":"5","neutrons":"3","electrons":"5"}
[2026-09-04T21:01:53.856Z] [generated] atom-d36cdeca76fe.svg
[2026-09-04T21:01:53.857Z] [request] atom {"type":"atom","name":"chemistry-atoms-and-elements-1-16","protons":"10","neutrons":"9","electrons":"10"}
[2026-09-04T21:01:53.857Z] [generated] atom-f3a8a545e665.svg
[2026-09-04T21:01:53.858Z] [request] atom {"type":"atom","name":"chemistry-atoms-and-elements-1-17","protons":"15","neutrons":"15","electrons":"15"}
[2026-09-04T21:01:53.858Z] [generated] atom-a3735cd3a6f0.svg
[2026-09-04T21:01:53.858Z] [request] atom {"type":"atom","name":"chemistry-atoms-and-elements-1-18","protons":"2","neutrons":"3","electrons":"2"}
[2026-09-04T21:01:53.859Z] [generated] atom-27c4563a4b67.svg
[2026-09-04T21:01:53.859Z] [request] atom {"type":"atom","name":"chemistry-atoms-and-elements-1-19","protons":"7","neutrons":"9","electrons":"7"}
[2026-09-04T21:01:53.860Z] [generated] atom-3bb6da89cb16.svg
[2026-09-04T21:01:53.860Z] [request] atom {"type":"atom","name":"chemistry-atoms-and-elements-1-1","protons":"7","neutrons":"6","electrons":"7"}
[2026-09-04T21:01:53.861Z] [generated] atom-3051b28531f4.svg
[2026-09-04T21:01:53.861Z] [request] atom {"type":"atom","name":"chemistry-atoms-and-elements-1-2","protons":"12","neutrons":"12","electrons":"12"}
[2026-09-04T21:01:53.862Z] [generated] atom-c0542c3ba8e9.svg
[2026-09-04T21:01:53.862Z] [request] atom {"type":"atom","name":"chemistry-atoms-and-elements-1-3","protons":"17","neutrons":"18","electrons":"17"}
[2026-09-04T21:01:53.862Z] [generated] atom-0c6349084dff.svg
[2026-09-04T21:01:53.863Z] [request] atom {"type":"atom","name":"chemistry-atoms-and-elements-1-4","protons":"4","neutrons":"6","electrons":"4"}
[2026-09-04T21:01:53.863Z] [generated] atom-7d6e5ed9b3ad.svg
[2026-09-04T21:01:53.864Z] [request] atom {"type":"atom","name":"chemistry-atoms-and-elements-1-5","protons":"9","neutrons":"7","electrons":"9"}
[2026-09-04T21:01:53.864Z] [generated] atom-823feccbe5a6.svg
[2026-09-04T21:01:53.865Z] [request] atom {"type":"atom","name":"chemistry-atoms-and-elements-1-6","protons":"14","neutrons":"13","electrons":"14"}
[2026-09-04T21:01:53.865Z] [generated] atom-85a643384839.svg
[2026-09-04T21:01:53.866Z] [request] atom {"type":"atom","name":"chemistry-atoms-and-elements-1-7","protons":"1","neutrons":"1","electrons":"1"}
[2026-09-04T21:01:53.866Z] [generated] atom-b7037a59e887.svg
[2026-09-04T21:01:53.867Z] [request] atom {"type":"atom","name":"chemistry-atoms-and-elements-1-8","protons":"6","neutrons":"7","electrons":"6"}
[2026-09-04T21:01:53.867Z] [generated] atom-5e3e0ecb2c14.svg
[2026-09-04T21:01:53.868Z] [request] atom {"type":"atom","name":"chemistry-atoms-and-elements-1-9","protons":"11","neutrons":"13","electrons":"11"}
[2026-09-04T21:01:53.868Z] [generated] atom-0ae15156fd95.svg
[2026-09-04T21:01:53.868Z] [request] atom {"type":"atom","name":"chemistry-atoms-and-elements-1-10","protons":"16","neutrons":"14","electrons":"16"}
[2026-09-04T21:01:53.869Z] [generated] atom-bcc5955095f4.svg
[2026-09-04T21:01:54.810Z] [request] atom {"type":"atom","name":"chemistry-atoms-and-elements-1-0","protons":"2","neutrons":"0","electrons":"2"}
[2026-09-04T21:01:54.811Z] [generated] atom-8e92f4f0afc3.svg
[2026-09-04T21:01:54.812Z] [request] atom {"type":"atom","name":"chemistry-atoms-and-elements-1-6","protons":"14","neutrons":"13","electrons":"14"}
[2026-09-04T21:01:54.812Z] [generated] atom-85a643384839.svg
[2026-09-04T21:01:54.813Z] [request] atom {"type":"atom","name":"chemistry-atoms-and-elements-1-7","protons":"1","neutrons":"1","electrons":"1"}
[2026-09-04T21:01:54.813Z] [generated] atom-b7037a59e887.svg
[2026-09-04T21:01:54.814Z] [request] atom {"type":"atom","name":"chemistry-atoms-and-elements-1-8","protons":"6","neutrons":"7","electrons":"6"}
[2026-09-04T21:01:54.814Z] [generated] atom-5e3e0ecb2c14.svg
[2026-09-04T21:01:54.815Z] [request] atom {"type":"atom","name":"chemistry-atoms-and-elements-1-9","protons":"11","neutrons":"13","electrons":"11"}
[2026-09-04T21:01:54.815Z] [generated] atom-0ae15156fd95.svg
[2026-09-04T21:01:54.816Z] [request] atom {"type":"atom","name":"chemistry-atoms-and-elements-1-10","protons":"16","neutrons":"14","electrons":"16"}
[2026-09-04T21:01:54.816Z] [generated] atom-bcc5955095f4.svg
[2026-09-04T21:01:54.817Z] [request] atom {"type":"atom","name":"chemistry-atoms-and-elements-1-11","protons":"3","neutrons":"2","electrons":"3"}
[2026-09-04T21:01:54.817Z] [generated] atom-6e57d26a20f5.svg
[2026-09-04T21:01:54.818Z] [request] atom {"type":"atom","name":"chemistry-atoms-and-elements-1-12","protons":"8","neutrons":"8","electrons":"8"}
[2026-09-04T21:01:54.818Z] [generated] atom-f2b0591cb0dc.svg
[2026-09-04T21:01:54.818Z] [request] atom {"type":"atom","name":"chemistry-atoms-and-elements-1-13","protons":"13","neutrons":"14","electrons":"13"}
[2026-09-04T21:01:54.819Z] [generated] atom-778aef3334fd.svg
[2026-09-04T21:01:54.819Z] [request] atom {"type":"atom","name":"chemistry-atoms-and-elements-1-1","protons":"7","neutrons":"6","electrons":"7"}
[2026-09-04T21:01:54.820Z] [generated] atom-3051b28531f4.svg
[2026-09-04T21:01:54.820Z] [request] atom {"type":"atom","name":"chemistry-atoms-and-elements-1-14","protons":"18","neutrons":"20","electrons":"18"}
[2026-09-04T21:01:54.821Z] [generated] atom-8b015d522ae3.svg
[2026-09-04T21:01:54.821Z] [request] atom {"type":"atom","name":"chemistry-atoms-and-elements-1-15","protons":"5","neutrons":"3","electrons":"5"}
[2026-09-04T21:01:54.822Z] [generated] atom-d36cdeca76fe.svg
[2026-09-04T21:01:54.822Z] [request] atom {"type":"atom","name":"chemistry-atoms-and-elements-1-16","protons":"10","neutrons":"9","electrons":"10"}
[2026-09-04T21:01:54.823Z] [generated] atom-f3a8a545e665.svg
[2026-09-04T21:01:54.823Z] [request] atom {"type":"atom","name":"chemistry-atoms-and-elements-1-17","protons":"15","neutrons":"15","electrons":"15"}
[2026-09-04T21:01:54.823Z] [generated] atom-a3735cd3a6f0.svg
[2026-09-04T21:01:54.824Z] [request] atom {"type":"atom","name":"chemistry-atoms-and-elements-1-18","protons":"2","neutrons":"3","electrons":"2"}
[2026-09-04T21:01:54.824Z] [generated] atom-27c4563a4b67.svg
[2026-09-04T21:01:54.825Z] [request] atom {"type":"atom","name":"chemistry-atoms-and-elements-1-19","protons":"7","neutrons":"9","electrons":"7"}
[2026-09-04T21:01:54.825Z] [generated] atom-3bb6da89cb16.svg
[2026-09-04T21:01:54.826Z] [request] atom {"type":"atom","name":"chemistry-atoms-and-elements-1-2","protons":"12","neutrons":"12","electrons":"12"}
[2026-09-04T21:01:54.827Z] [generated] atom-c0542c3ba8e9.svg
[2026-09-04T21:01:54.827Z] [request] atom {"type":"atom","name":"chemistry-atoms-and-elements-1-3","protons":"17","neutrons":"18","electrons":"17"}
[2026-09-04T21:01:54.828Z] [generated] atom-0c6349084dff.svg
[2026-09-04T21:01:54.828Z] [request] atom {"type":"atom","name":"chemistry-atoms-and-elements-1-4","protons":"4","neutrons":"6","electrons":"4"}
[2026-09-04T21:01:54.829Z] [generated] atom-7d6e5ed9b3ad.svg
[2026-09-04T21:01:54.829Z] [request] atom {"type":"atom","name":"chemistry-atoms-and-elements-1-5","protons":"9","neutrons":"7","electrons":"9"}
[2026-09-04T21:01:54.830Z] [generated] atom-823feccbe5a6.svg
[2026-09-04T21:01:55.676Z] [request] atom {"type":"atom","name":"chemistry-atoms-and-elements-1-0","protons":"2","neutrons":"0","electrons":"2"}
[2026-09-04T21:01:55.677Z] [generated] atom-8e92f4f0afc3.svg
[2026-09-04T21:01:55.677Z] [request] atom {"type":"atom","name":"chemistry-atoms-and-elements-1-12","protons":"8","neutrons":"8","electrons":"8"}
[2026-09-04T21:01:55.678Z] [generated] atom-f2b0591cb0dc.svg
[2026-09-04T21:01:55.678Z] [request] atom {"type":"atom","name":"chemistry-atoms-and-elements-1-13","protons":"13","neutrons":"14","electrons":"13"}
[2026-09-04T21:01:55.679Z] [generated] atom-778aef3334fd.svg
[2026-09-04T21:01:55.679Z] [request] atom {"type":"atom","name":"chemistry-atoms-and-elements-1-14","protons":"18","neutrons":"20","electrons":"18"}
[2026-09-04T21:01:55.680Z] [generated] atom-8b015d522ae3.svg
[2026-09-04T21:01:55.680Z] [request] atom {"type":"atom","name":"chemistry-atoms-and-elements-1-15","protons":"5","neutrons":"3","electrons":"5"}
[2026-09-04T21:01:55.681Z] [generated] atom-d36cdeca76fe.svg
[2026-09-04T21:01:55.681Z] [request] atom {"type":"atom","name":"chemistry-atoms-and-elements-1-16","protons":"10","neutrons":"9","electrons":"10"}
[2026-09-04T21:01:55.682Z] [generated] atom-f3a8a545e665.svg
[2026-09-04T21:01:55.682Z] [request] atom {"type":"atom","name":"chemistry-atoms-and-elements-1-17","protons":"15","neutrons":"15","electrons":"15"}
[2026-09-04T21:01:55.683Z] [generated] atom-a3735cd3a6f0.svg
[2026-09-04T21:01:55.683Z] [request] atom {"type":"atom","name":"chemistry-atoms-and-elements-1-18","protons":"2","neutrons":"3","electrons":"2"}
[2026-09-04T21:01:55.684Z] [generated] atom-27c4563a4b67.svg
[2026-09-04T21:01:55.684Z] [request] atom {"type":"atom","name":"chemistry-atoms-and-elements-1-19","protons":"7","neutrons":"9","electrons":"7"}
[2026-09-04T21:01:55.685Z] [generated] atom-3bb6da89cb16.svg
[2026-09-04T21:01:55.685Z] [request] atom {"type":"atom","name":"chemistry-atoms-and-elements-1-1","protons":"7","neutrons":"6","electrons":"7"}
[2026-09-04T21:01:55.686Z] [generated] atom-3051b28531f4.svg
[2026-09-04T21:01:55.686Z] [request] atom {"type":"atom","name":"chemistry-atoms-and-elements-1-2","protons":"12","neutrons":"12","electrons":"12"}
[2026-09-04T21:01:55.686Z] [generated] atom-c0542c3ba8e9.svg
[2026-09-04T21:01:55.687Z] [request] atom {"type":"atom","name":"chemistry-atoms-and-elements-1-3","protons":"17","neutrons":"18","electrons":"17"}
[2026-09-04T21:01:55.687Z] [generated] atom-0c6349084dff.svg
[2026-09-04T21:01:55.688Z] [request] atom {"type":"atom","name":"chemistry-atoms-and-elements-1-4","protons":"4","neutrons":"6","electrons":"4"}
[2026-09-04T21:01:55.688Z] [generated] atom-7d6e5ed9b3ad.svg
[2026-09-04T21:01:55.689Z] [request] atom {"type":"atom","name":"chemistry-atoms-and-elements-1-5","protons":"9","neutrons":"7","electrons":"9"}
[2026-09-04T21:01:55.689Z] [generated] atom-823feccbe5a6.svg
[2026-09-04T21:01:55.690Z] [request] atom {"type":"atom","name":"chemistry-atoms-and-elements-1-6","protons":"14","neutrons":"13","electrons":"14"}
[2026-09-04T21:01:55.690Z] [generated] atom-85a643384839.svg
[2026-09-04T21:01:55.690Z] [request] atom {"type":"atom","name":"chemistry-atoms-and-elements-1-7","protons":"1","neutrons":"1","electrons":"1"}
[2026-09-04T21:01:55.691Z] [generated] atom-b7037a59e887.svg
[2026-09-04T21:01:55.691Z] [request] atom {"type":"atom","name":"chemistry-atoms-and-elements-1-8","protons":"6","neutrons":"7","electrons":"6"}
[2026-09-04T21:01:55.692Z] [generated] atom-5e3e0ecb2c14.svg
[2026-09-04T21:01:55.692Z] [request] atom {"type":"atom","name":"chemistry-atoms-and-elements-1-9","protons":"11","neutrons":"13","electrons":"11"}
[2026-09-04T21:01:55.693Z] [generated] atom-0ae15156fd95.svg
[2026-09-04T21:01:55.693Z] [request] atom {"type":"atom","name":"chemistry-atoms-and-elements-1-10","protons":"16","neutrons":"14","electrons":"16"}
[2026-09-04T21:01:55.693Z] [generated] atom-bcc5955095f4.svg
[2026-09-04T21:01:55.694Z] [request] atom {"type":"atom","name":"chemistry-atoms-and-elements-1-11","protons":"3","neutrons":"2","electrons":"3"}
[2026-09-04T21:01:55.694Z] [generated] atom-6e57d26a20f5.svg
[2026-09-04T21:01:56.481Z] [request] atom {"type":"atom","name":"chemistry-atoms-and-elements-1-0","protons":"2","neutrons":"0","electrons":"2"}
[2026-09-04T21:01:56.482Z] [generated] atom-8e92f4f0afc3.svg
[2026-09-04T21:01:56.482Z] [request] atom {"type":"atom","name":"chemistry-atoms-and-elements-1-11","protons":"3","neutrons":"2","electrons":"3"}
[2026-09-04T21:01:56.483Z] [generated] atom-6e57d26a20f5.svg
[2026-09-04T21:01:56.483Z] [request] atom {"type":"atom","name":"chemistry-atoms-and-elements-1-12","protons":"8","neutrons":"8","electrons":"8"}
[2026-09-04T21:01:56.484Z] [generated] atom-f2b0591cb0dc.svg
[2026-09-04T21:01:56.484Z] [request] atom {"type":"atom","name":"chemistry-atoms-and-elements-1-13","protons":"13","neutrons":"14","electrons":"13"}
[2026-09-04T21:01:56.485Z] [generated] atom-778aef3334fd.svg
[2026-09-04T21:01:56.485Z] [request] atom {"type":"atom","name":"chemistry-atoms-and-elements-1-14","protons":"18","neutrons":"20","electrons":"18"}
[2026-09-04T21:01:56.486Z] [generated] atom-8b015d522ae3.svg
[2026-09-04T21:01:56.486Z] [request] atom {"type":"atom","name":"chemistry-atoms-and-elements-1-15","protons":"5","neutrons":"3","electrons":"5"}
[2026-09-04T21:01:56.487Z] [generated] atom-d36cdeca76fe.svg
[2026-09-04T21:01:56.487Z] [request] atom {"type":"atom","name":"chemistry-atoms-and-elements-1-16","protons":"10","neutrons":"9","electrons":"10"}
[2026-09-04T21:01:56.488Z] [generated] atom-f3a8a545e665.svg
[2026-09-04T21:01:56.488Z] [request] atom {"type":"atom","name":"chemistry-atoms-and-elements-1-17","protons":"15","neutrons":"15","electrons":"15"}
[2026-09-04T21:01:56.489Z] [generated] atom-a3735cd3a6f0.svg
[2026-09-04T21:01:56.489Z] [request] atom {"type":"atom","name":"chemistry-atoms-and-elements-1-18","protons":"2","neutrons":"3","electrons":"2"}
[2026-09-04T21:01:56.490Z] [generated] atom-27c4563a4b67.svg
[2026-09-04T21:01:56.490Z] [request] atom {"type":"atom","name":"chemistry-atoms-and-elements-1-19","protons":"7","neutrons":"9","electrons":"7"}
[2026-09-04T21:01:56.491Z] [generated] atom-3bb6da89cb16.svg
[2026-09-04T21:01:56.491Z] [request] atom {"type":"atom","name":"chemistry-atoms-and-elements-1-1","protons":"7","neutrons":"6","electrons":"7"}
[2026-09-04T21:01:56.492Z] [generated] atom-3051b28531f4.svg
[2026-09-04T21:01:56.492Z] [request] atom {"type":"atom","name":"chemistry-atoms-and-elements-1-2","protons":"12","neutrons":"12","electrons":"12"}
[2026-09-04T21:01:56.493Z] [generated] atom-c0542c3ba8e9.svg
[2026-09-04T21:01:56.493Z] [request] atom {"type":"atom","name":"chemistry-atoms-and-elements-1-3","protons":"17","neutrons":"18","electrons":"17"}
[2026-09-04T21:01:56.494Z] [generated] atom-0c6349084dff.svg
[2026-09-04T21:01:56.494Z] [request] atom {"type":"atom","name":"chemistry-atoms-and-elements-1-4","protons":"4","neutrons":"6","electrons":"4"}
[2026-09-04T21:01:56.494Z] [generated] atom-7d6e5ed9b3ad.svg
[2026-09-04T21:01:56.495Z] [request] atom {"type":"atom","name":"chemistry-atoms-and-elements-1-5","protons":"9","neutrons":"7","electrons":"9"}
[2026-09-04T21:01:56.495Z] [generated] atom-823feccbe5a6.svg
[2026-09-04T21:01:56.496Z] [request] atom {"type":"atom","name":"chemistry-atoms-and-elements-1-6","protons":"14","neutrons":"13","electrons":"14"}
[2026-09-04T21:01:56.496Z] [generated] atom-85a643384839.svg
[2026-09-04T21:01:56.497Z] [request] atom {"type":"atom","name":"chemistry-atoms-and-elements-1-7","protons":"1","neutrons":"1","electrons":"1"}
[2026-09-04T21:01:56.498Z] [generated] atom-b7037a59e887.svg
[2026-09-04T21:01:56.498Z] [request] atom {"type":"atom","name":"chemistry-atoms-and-elements-1-8","protons":"6","neutrons":"7","electrons":"6"}
[2026-09-04T21:01:56.499Z] [generated] atom-5e3e0ecb2c14.svg
[2026-09-04T21:01:56.499Z] [request] atom {"type":"atom","name":"chemistry-atoms-and-elements-1-9","protons":"11","neutrons":"13","electrons":"11"}
[2026-09-04T21:01:56.499Z] [generated] atom-0ae15156fd95.svg
[2026-09-04T21:01:56.500Z] [request] atom {"type":"atom","name":"chemistry-atoms-and-elements-1-10","protons":"16","neutrons":"14","electrons":"16"}
[2026-09-04T21:01:56.500Z] [generated] atom-bcc5955095f4.svg
[2026-09-04T21:01:57.442Z] [request] atom {"type":"atom","name":"chemistry-atoms-and-elements-1-0","protons":"2","neutrons":"0","electrons":"2"}
[2026-09-04T21:01:57.443Z] [generated] atom-8e92f4f0afc3.svg
[2026-09-04T21:01:57.443Z] [request] atom {"type":"atom","name":"chemistry-atoms-and-elements-1-12","protons":"8","neutrons":"8","electrons":"8"}
[2026-09-04T21:01:57.444Z] [generated] atom-f2b0591cb0dc.svg
[2026-09-04T21:01:57.444Z] [request] atom {"type":"atom","name":"chemistry-atoms-and-elements-1-13","protons":"13","neutrons":"14","electrons":"13"}
[2026-09-04T21:01:57.445Z] [generated] atom-778aef3334fd.svg
[2026-09-04T21:01:57.445Z] [request] atom {"type":"atom","name":"chemistry-atoms-and-elements-1-14","protons":"18","neutrons":"20","electrons":"18"}
[2026-09-04T21:01:57.446Z] [generated] atom-8b015d522ae3.svg
[2026-09-04T21:01:57.446Z] [request] atom {"type":"atom","name":"chemistry-atoms-and-elements-1-15","protons":"5","neutrons":"3","electrons":"5"}
[2026-09-04T21:01:57.447Z] [generated] atom-d36cdeca76fe.svg
[2026-09-04T21:01:57.447Z] [request] atom {"type":"atom","name":"chemistry-atoms-and-elements-1-16","protons":"10","neutrons":"9","electrons":"10"}
[2026-09-04T21:01:57.448Z] [generated] atom-f3a8a545e665.svg
[2026-09-04T21:01:57.448Z] [request] atom {"type":"atom","name":"chemistry-atoms-and-elements-1-17","protons":"15","neutrons":"15","electrons":"15"}
[2026-09-04T21:01:57.449Z] [generated] atom-a3735cd3a6f0.svg
[2026-09-04T21:01:57.449Z] [request] atom {"type":"atom","name":"chemistry-atoms-and-elements-1-18","protons":"2","neutrons":"3","electrons":"2"}
[2026-09-04T21:01:57.450Z] [generated] atom-27c4563a4b67.svg
[2026-09-04T21:01:57.450Z] [request] atom {"type":"atom","name":"chemistry-atoms-and-elements-1-19","protons":"7","neutrons":"9","electrons":"7"}
[2026-09-04T21:01:57.451Z] [generated] atom-3bb6da89cb16.svg
[2026-09-04T21:01:57.451Z] [request] atom {"type":"atom","name":"chemistry-atoms-and-elements-1-1","protons":"7","neutrons":"6","electrons":"7"}
[2026-09-04T21:01:57.451Z] [generated] atom-3051b28531f4.svg
[2026-09-04T21:01:57.452Z] [request] atom {"type":"atom","name":"chemistry-atoms-and-elements-1-2","protons":"12","neutrons":"12","electrons":"12"}
[2026-09-04T21:01:57.452Z] [generated] atom-c0542c3ba8e9.svg
[2026-09-04T21:01:57.453Z] [request] atom {"type":"atom","name":"chemistry-atoms-and-elements-1-3","protons":"17","neutrons":"18","electrons":"17"}
[2026-09-04T21:01:57.453Z] [generated] atom-0c6349084dff.svg
[2026-09-04T21:01:57.454Z] [request] atom {"type":"atom","name":"chemistry-atoms-and-elements-1-4","protons":"4","neutrons":"6","electrons":"4"}
[2026-09-04T21:01:57.454Z] [generated] atom-7d6e5ed9b3ad.svg
[2026-09-04T21:01:57.455Z] [request] atom {"type":"atom","name":"chemistry-atoms-and-elements-1-5","protons":"9","neutrons":"7","electrons":"9"}
[2026-09-04T21:01:57.455Z] [generated] atom-823feccbe5a6.svg
[2026-09-04T21:01:57.456Z] [request] atom {"type":"atom","name":"chemistry-atoms-and-elements-1-6","protons":"14","neutrons":"13","electrons":"14"}
[2026-09-04T21:01:57.456Z] [generated] atom-85a643384839.svg
[2026-09-04T21:01:57.456Z] [request] atom {"type":"atom","name":"chemistry-atoms-and-elements-1-7","protons":"1","neutrons":"1","electrons":"1"}
[2026-09-04T21:01:57.457Z] [generated] atom-b7037a59e887.svg
[2026-09-04T21:01:57.457Z] [request] atom {"type":"atom","name":"chemistry-atoms-and-elements-1-8","protons":"6","neutrons":"7","electrons":"6"}
[2026-09-04T21:01:57.458Z] [generated] atom-5e3e0ecb2c14.svg
[2026-09-04T21:01:57.458Z] [request] atom {"type":"atom","name":"chemistry-atoms-and-elements-1-9","protons":"11","neutrons":"13","electrons":"11"}
[2026-09-04T21:01:57.459Z] [generated] atom-0ae15156fd95.svg
[2026-09-04T21:01:57.459Z] [request] atom {"type":"atom","name":"chemistry-atoms-and-elements-1-10","protons":"16","neutrons":"14","electrons":"16"}
[2026-09-04T21:01:57.460Z] [generated] atom-bcc5955095f4.svg
[2026-09-04T21:01:57.460Z] [request] atom {"type":"atom","name":"chemistry-atoms-and-elements-1-11","protons":"3","neutrons":"2","electrons":"3"}
[2026-09-04T21:01:57.461Z] [generated] atom-6e57d26a20f5.svg
[2026-09-04T21:02:35.759Z] [request] atom {"type":"atom","name":"chemistry-atoms-and-elements-1-0","protons":"6","neutrons":"6","electrons":"6"}
[2026-09-04T21:02:35.760Z] [generated] atom-a5dd8323a9fa.svg
[2026-09-04T21:02:35.761Z] [request] atom {"type":"atom","name":"chemistry-atoms-and-elements-1-1","protons":"8","neutrons":"8","electrons":"8"}
[2026-09-04T21:02:35.762Z] [generated] atom-6297b3cba016.svg
[2026-09-04T21:02:35.763Z] [request] atom {"type":"atom","name":"chemistry-atoms-and-elements-1-2","protons":"11","neutrons":"12","electrons":"11"}
[2026-09-04T21:02:35.763Z] [generated] atom-a83815d33acd.svg
[2026-09-04T21:02:35.764Z] [request] atom {"type":"atom","name":"chemistry-atoms-and-elements-1-3","protons":"12","neutrons":"12","electrons":"12"}
[2026-09-04T21:02:35.764Z] [generated] atom-adba88e576de.svg
[2026-09-04T21:02:35.765Z] [request] atom {"type":"atom","name":"chemistry-atoms-and-elements-1-4","protons":"17","neutrons":"18","electrons":"17"}
[2026-09-04T21:02:35.765Z] [generated] atom-c901e4023af1.svg
[2026-09-04T21:02:35.766Z] [request] atom {"type":"atom","name":"chemistry-atoms-and-elements-1-5","protons":"3","neutrons":"4","electrons":"3"}
[2026-09-04T21:02:35.766Z] [generated] atom-042363c99063.svg
[2026-09-04T21:02:35.767Z] [request] atom {"type":"atom","name":"chemistry-atoms-and-elements-1-6","protons":"6","neutrons":"6","electrons":"6"}
[2026-09-04T21:02:35.768Z] [generated] atom-624cd1d6f5c4.svg
[2026-09-04T21:02:35.768Z] [request] atom {"type":"atom","name":"chemistry-atoms-and-elements-1-7","protons":"8","neutrons":"8","electrons":"8"}
[2026-09-04T21:02:35.768Z] [generated] atom-9389b05126f1.svg
[2026-09-04T21:02:35.769Z] [request] atom {"type":"atom","name":"chemistry-atoms-and-elements-1-8","protons":"11","neutrons":"12","electrons":"11"}
[2026-09-04T21:02:35.770Z] [generated] atom-4dff4fde960c.svg
[2026-09-04T21:02:35.770Z] [request] atom {"type":"atom","name":"chemistry-atoms-and-elements-1-9","protons":"12","neutrons":"12","electrons":"12"}
[2026-09-04T21:02:35.771Z] [generated] atom-9a98ba9201bf.svg
[2026-09-04T21:02:35.771Z] [request] atom {"type":"atom","name":"chemistry-atoms-and-elements-1-10","protons":"17","neutrons":"18","electrons":"17"}
[2026-09-04T21:02:35.772Z] [generated] atom-0f0fad4b3431.svg
[2026-09-04T21:02:35.773Z] [request] atom {"type":"atom","name":"chemistry-atoms-and-elements-1-11","protons":"3","neutrons":"4","electrons":"3"}
[2026-09-04T21:02:35.773Z] [generated] atom-cade90e4d033.svg
[2026-09-04T21:02:35.774Z] [request] atom {"type":"atom","name":"chemistry-atoms-and-elements-1-12","protons":"6","neutrons":"6","electrons":"6"}
[2026-09-04T21:02:35.775Z] [generated] atom-f83c0ccc9b08.svg
[2026-09-04T21:02:35.775Z] [request] atom {"type":"atom","name":"chemistry-atoms-and-elements-1-13","protons":"8","neutrons":"8","electrons":"8"}
[2026-09-04T21:02:35.776Z] [generated] atom-7689e10ed638.svg
[2026-09-04T21:02:35.776Z] [request] atom {"type":"atom","name":"chemistry-atoms-and-elements-1-14","protons":"11","neutrons":"12","electrons":"11"}
[2026-09-04T21:02:35.777Z] [generated] atom-ab3a7f5ce29d.svg
[2026-09-04T21:02:35.777Z] [request] atom {"type":"atom","name":"chemistry-atoms-and-elements-1-15","protons":"12","neutrons":"12","electrons":"12"}
[2026-09-04T21:02:35.778Z] [generated] atom-f5275c687b78.svg
[2026-09-04T21:02:35.778Z] [request] atom {"type":"atom","name":"chemistry-atoms-and-elements-1-16","protons":"17","neutrons":"18","electrons":"17"}
[2026-09-04T21:02:35.779Z] [generated] atom-c661802afd33.svg
[2026-09-04T21:02:35.779Z] [request] atom {"type":"atom","name":"chemistry-atoms-and-elements-1-17","protons":"3","neutrons":"4","electrons":"3"}
[2026-09-04T21:02:35.780Z] [generated] atom-29334d0f7a4a.svg
[2026-09-04T21:02:35.780Z] [request] atom {"type":"atom","name":"chemistry-atoms-and-elements-1-18","protons":"6","neutrons":"6","electrons":"6"}
[2026-09-04T21:02:35.780Z] [generated] atom-b8807388bc15.svg
[2026-09-04T21:02:35.781Z] [request] atom {"type":"atom","name":"chemistry-atoms-and-elements-1-19","protons":"8","neutrons":"8","electrons":"8"}
[2026-09-04T21:02:35.781Z] [generated] atom-94d707b231e6.svg
[2026-09-04T21:03:17.794Z] Worksheet image server listening at http://127.0.0.1:4317
[2026-09-04T21:03:33.720Z] [request] atom {"type":"atom","name":"chemistry-atoms-and-elements-1-0","protons":"6","neutrons":"6","electrons":"6"}
[2026-09-04T21:03:33.722Z] [generated] atom-f5b806f4d245.svg
[2026-09-04T21:03:33.724Z] [request] atom {"type":"atom","name":"chemistry-atoms-and-elements-1-6","protons":"6","neutrons":"6","electrons":"6"}
[2026-09-04T21:03:33.725Z] [generated] atom-ea5497de3c3b.svg
[2026-09-04T21:03:33.726Z] [request] atom {"type":"atom","name":"chemistry-atoms-and-elements-1-1","protons":"8","neutrons":"8","electrons":"8"}
[2026-09-04T21:03:33.728Z] [generated] atom-59c5d1eb3099.svg
[2026-09-04T21:03:33.728Z] [request] atom {"type":"atom","name":"chemistry-atoms-and-elements-1-2","protons":"11","neutrons":"12","electrons":"11"}
[2026-09-04T21:03:33.729Z] [generated] atom-f58131e28ecb.svg
[2026-09-04T21:03:33.730Z] [request] atom {"type":"atom","name":"chemistry-atoms-and-elements-1-3","protons":"12","neutrons":"12","electrons":"12"}
[2026-09-04T21:03:33.731Z] [generated] atom-32940c567672.svg
[2026-09-04T21:03:33.732Z] [request] atom {"type":"atom","name":"chemistry-atoms-and-elements-1-4","protons":"17","neutrons":"18","electrons":"17"}
[2026-09-04T21:03:33.732Z] [generated] atom-0675addcd611.svg
[2026-09-04T21:03:33.733Z] [request] atom {"type":"atom","name":"chemistry-atoms-and-elements-1-5","protons":"3","neutrons":"4","electrons":"3"}
[2026-09-04T21:03:33.734Z] [generated] atom-7e1208149500.svg
[2026-09-04T21:03:33.734Z] [request] atom {"type":"atom","name":"chemistry-atoms-and-elements-1-7","protons":"8","neutrons":"8","electrons":"8"}
[2026-09-04T21:03:33.735Z] [generated] atom-a8d55ad5a3d7.svg
[2026-09-04T21:03:33.736Z] [request] atom {"type":"atom","name":"chemistry-atoms-and-elements-1-8","protons":"11","neutrons":"12","electrons":"11"}
[2026-09-04T21:03:33.736Z] [generated] atom-136af7cc35f6.svg
[2026-09-04T21:03:33.737Z] [request] atom {"type":"atom","name":"chemistry-atoms-and-elements-1-9","protons":"12","neutrons":"12","electrons":"12"}
[2026-09-04T21:03:33.738Z] [generated] atom-8ad704ccdd97.svg
[2026-09-04T21:03:33.738Z] [request] atom {"type":"atom","name":"chemistry-atoms-and-elements-1-10","protons":"17","neutrons":"18","electrons":"17"}
[2026-09-04T21:03:33.739Z] [generated] atom-c3e6744b3d32.svg
[2026-09-04T21:03:33.740Z] [request] atom {"type":"atom","name":"chemistry-atoms-and-elements-1-11","protons":"3","neutrons":"4","electrons":"3"}
[2026-09-04T21:03:33.740Z] [generated] atom-e47bd02cb375.svg
[2026-09-04T21:03:33.741Z] [request] atom {"type":"atom","name":"chemistry-atoms-and-elements-1-12","protons":"6","neutrons":"6","electrons":"6"}
[2026-09-04T21:03:33.741Z] [generated] atom-2bd860caa1cd.svg
[2026-09-04T21:03:33.742Z] [request] atom {"type":"atom","name":"chemistry-atoms-and-elements-1-13","protons":"8","neutrons":"8","electrons":"8"}
[2026-09-04T21:03:33.742Z] [generated] atom-dafa70cdce72.svg
[2026-09-04T21:03:33.743Z] [request] atom {"type":"atom","name":"chemistry-atoms-and-elements-1-14","protons":"11","neutrons":"12","electrons":"11"}
[2026-09-04T21:03:33.744Z] [generated] atom-59ddfb176deb.svg
[2026-09-04T21:03:33.745Z] [request] atom {"type":"atom","name":"chemistry-atoms-and-elements-1-15","protons":"12","neutrons":"12","electrons":"12"}
[2026-09-04T21:03:33.745Z] [generated] atom-7e2c80a9504c.svg
[2026-09-04T21:03:33.746Z] [request] atom {"type":"atom","name":"chemistry-atoms-and-elements-1-16","protons":"17","neutrons":"18","electrons":"17"}
[2026-09-04T21:03:33.747Z] [generated] atom-c32f3a6781ad.svg
[2026-09-04T21:03:33.747Z] [request] atom {"type":"atom","name":"chemistry-atoms-and-elements-1-17","protons":"3","neutrons":"4","electrons":"3"}
[2026-09-04T21:03:33.748Z] [generated] atom-b76236aa50e0.svg
[2026-09-04T21:03:33.748Z] [request] atom {"type":"atom","name":"chemistry-atoms-and-elements-1-18","protons":"6","neutrons":"6","electrons":"6"}
[2026-09-04T21:03:33.749Z] [generated] atom-bc6511e9797c.svg
[2026-09-04T21:03:33.749Z] [request] atom {"type":"atom","name":"chemistry-atoms-and-elements-1-19","protons":"8","neutrons":"8","electrons":"8"}
[2026-09-04T21:03:33.750Z] [generated] atom-d42574587f57.svg
[2026-09-04T21:04:12.857Z] [request] atom {"type":"atom","name":"chemistry-atoms-and-elements-1-0","protons":"6","neutrons":"6","electrons":"6"}
[2026-09-04T21:04:12.858Z] [generated] atom-f5b806f4d245.svg
[2026-09-04T21:04:12.859Z] [request] atom {"type":"atom","name":"chemistry-atoms-and-elements-1-10","protons":"17","neutrons":"18","electrons":"17"}
[2026-09-04T21:04:12.859Z] [generated] atom-c3e6744b3d32.svg
[2026-09-04T21:04:12.860Z] [request] atom {"type":"atom","name":"chemistry-atoms-and-elements-1-11","protons":"3","neutrons":"4","electrons":"3"}
[2026-09-04T21:04:12.860Z] [generated] atom-e47bd02cb375.svg
[2026-09-04T21:04:12.862Z] [request] atom {"type":"atom","name":"chemistry-atoms-and-elements-1-12","protons":"6","neutrons":"6","electrons":"6"}
[2026-09-04T21:04:12.862Z] [generated] atom-2bd860caa1cd.svg
[2026-09-04T21:04:12.863Z] [request] atom {"type":"atom","name":"chemistry-atoms-and-elements-1-13","protons":"8","neutrons":"8","electrons":"8"}
[2026-09-04T21:04:12.863Z] [generated] atom-dafa70cdce72.svg
[2026-09-04T21:04:12.864Z] [request] atom {"type":"atom","name":"chemistry-atoms-and-elements-1-14","protons":"11","neutrons":"12","electrons":"11"}
[2026-09-04T21:04:12.864Z] [generated] atom-59ddfb176deb.svg
[2026-09-04T21:04:12.865Z] [request] atom {"type":"atom","name":"chemistry-atoms-and-elements-1-15","protons":"12","neutrons":"12","electrons":"12"}
[2026-09-04T21:04:12.865Z] [generated] atom-7e2c80a9504c.svg
[2026-09-04T21:04:12.866Z] [request] atom {"type":"atom","name":"chemistry-atoms-and-elements-1-16","protons":"17","neutrons":"18","electrons":"17"}
[2026-09-04T21:04:12.866Z] [generated] atom-c32f3a6781ad.svg
[2026-09-04T21:04:12.867Z] [request] atom {"type":"atom","name":"chemistry-atoms-and-elements-1-17","protons":"3","neutrons":"4","electrons":"3"}
[2026-09-04T21:04:12.867Z] [generated] atom-b76236aa50e0.svg
[2026-09-04T21:04:12.868Z] [request] atom {"type":"atom","name":"chemistry-atoms-and-elements-1-18","protons":"6","neutrons":"6","electrons":"6"}
[2026-09-04T21:04:12.868Z] [generated] atom-bc6511e9797c.svg
[2026-09-04T21:04:12.869Z] [request] atom {"type":"atom","name":"chemistry-atoms-and-elements-1-19","protons":"8","neutrons":"8","electrons":"8"}
[2026-09-04T21:04:12.869Z] [generated] atom-d42574587f57.svg
[2026-09-04T21:04:12.870Z] [request] atom {"type":"atom","name":"chemistry-atoms-and-elements-1-1","protons":"8","neutrons":"8","electrons":"8"}
[2026-09-04T21:04:12.871Z] [generated] atom-59c5d1eb3099.svg
[2026-09-04T21:04:12.871Z] [request] atom {"type":"atom","name":"chemistry-atoms-and-elements-1-2","protons":"11","neutrons":"12","electrons":"11"}
[2026-09-04T21:04:12.872Z] [generated] atom-f58131e28ecb.svg
[2026-09-04T21:04:12.873Z] [request] atom {"type":"atom","name":"chemistry-atoms-and-elements-1-3","protons":"12","neutrons":"12","electrons":"12"}
[2026-09-04T21:04:12.873Z] [generated] atom-32940c567672.svg
[2026-09-04T21:04:12.874Z] [request] atom {"type":"atom","name":"chemistry-atoms-and-elements-1-4","protons":"17","neutrons":"18","electrons":"17"}
[2026-09-04T21:04:12.874Z] [generated] atom-0675addcd611.svg
[2026-09-04T21:04:12.875Z] [request] atom {"type":"atom","name":"chemistry-atoms-and-elements-1-5","protons":"3","neutrons":"4","electrons":"3"}
[2026-09-04T21:04:12.876Z] [generated] atom-7e1208149500.svg
[2026-09-04T21:04:12.876Z] [request] atom {"type":"atom","name":"chemistry-atoms-and-elements-1-6","protons":"6","neutrons":"6","electrons":"6"}
[2026-09-04T21:04:12.877Z] [generated] atom-ea5497de3c3b.svg
[2026-09-04T21:04:12.877Z] [request] atom {"type":"atom","name":"chemistry-atoms-and-elements-1-7","protons":"8","neutrons":"8","electrons":"8"}
[2026-09-04T21:04:12.878Z] [generated] atom-a8d55ad5a3d7.svg
[2026-09-04T21:04:12.879Z] [request] atom {"type":"atom","name":"chemistry-atoms-and-elements-1-8","protons":"11","neutrons":"12","electrons":"11"}
[2026-09-04T21:04:12.879Z] [generated] atom-136af7cc35f6.svg
[2026-09-04T21:04:12.880Z] [request] atom {"type":"atom","name":"chemistry-atoms-and-elements-1-9","protons":"12","neutrons":"12","electrons":"12"}
[2026-09-04T21:04:12.881Z] [generated] atom-8ad704ccdd97.svg
[2026-09-04T21:05:33.271Z] Worksheet image server listening at http://127.0.0.1:4317
[2026-09-04T21:06:23.379Z] [request] atom {"type":"atom","name":"chemistry-atoms-and-elements-1-0","protons":"6","neutrons":"6","electrons":"6"}
[2026-09-04T21:06:23.381Z] [generated] atom-a5958396bae6.svg
[2026-09-04T21:06:23.382Z] [request] atom {"type":"atom","name":"chemistry-atoms-and-elements-1-8","protons":"11","neutrons":"12","electrons":"11"}
[2026-09-04T21:06:23.383Z] [generated] atom-7c0b7ba2be88.svg
[2026-09-04T21:06:23.383Z] [request] atom {"type":"atom","name":"chemistry-atoms-and-elements-1-9","protons":"12","neutrons":"12","electrons":"12"}
[2026-09-04T21:06:23.384Z] [generated] atom-8606ff91583c.svg
[2026-09-04T21:06:23.385Z] [request] atom {"type":"atom","name":"chemistry-atoms-and-elements-1-10","protons":"17","neutrons":"18","electrons":"17"}
[2026-09-04T21:06:23.385Z] [generated] atom-89f55a6e39db.svg
[2026-09-04T21:06:23.386Z] [request] atom {"type":"atom","name":"chemistry-atoms-and-elements-1-11","protons":"3","neutrons":"4","electrons":"3"}
[2026-09-04T21:06:23.387Z] [generated] atom-08a40ffb53ef.svg
[2026-09-04T21:06:23.387Z] [request] atom {"type":"atom","name":"chemistry-atoms-and-elements-1-12","protons":"6","neutrons":"6","electrons":"6"}
[2026-09-04T21:06:23.388Z] [generated] atom-d94081786e30.svg
[2026-09-04T21:06:23.388Z] [request] atom {"type":"atom","name":"chemistry-atoms-and-elements-1-13","protons":"8","neutrons":"8","electrons":"8"}
[2026-09-04T21:06:23.389Z] [generated] atom-d41ebd75f3f0.svg
[2026-09-04T21:06:23.390Z] [request] atom {"type":"atom","name":"chemistry-atoms-and-elements-1-14","protons":"11","neutrons":"12","electrons":"11"}
[2026-09-04T21:06:23.390Z] [generated] atom-7cf595a04cb8.svg
[2026-09-04T21:06:23.391Z] [request] atom {"type":"atom","name":"chemistry-atoms-and-elements-1-15","protons":"12","neutrons":"12","electrons":"12"}
[2026-09-04T21:06:23.391Z] [generated] atom-4c66ddcc03aa.svg
[2026-09-04T21:06:23.392Z] [request] atom {"type":"atom","name":"chemistry-atoms-and-elements-1-16","protons":"17","neutrons":"18","electrons":"17"}
[2026-09-04T21:06:23.392Z] [generated] atom-1f156224e8ad.svg
[2026-09-04T21:06:23.393Z] [request] atom {"type":"atom","name":"chemistry-atoms-and-elements-1-17","protons":"3","neutrons":"4","electrons":"3"}
[2026-09-04T21:06:23.393Z] [generated] atom-fe25779ca3cb.svg
[2026-09-04T21:06:23.394Z] [request] atom {"type":"atom","name":"chemistry-atoms-and-elements-1-4","protons":"17","neutrons":"18","electrons":"17"}
[2026-09-04T21:06:23.395Z] [generated] atom-c5b8115d2445.svg
[2026-09-04T21:06:23.395Z] [request] atom {"type":"atom","name":"chemistry-atoms-and-elements-1-18","protons":"6","neutrons":"6","electrons":"6"}
[2026-09-04T21:06:23.396Z] [generated] atom-f17306de7837.svg
[2026-09-04T21:06:23.396Z] [request] atom {"type":"atom","name":"chemistry-atoms-and-elements-1-19","protons":"8","neutrons":"8","electrons":"8"}
[2026-09-04T21:06:23.397Z] [generated] atom-b0b49ee513b0.svg
[2026-09-04T21:06:23.397Z] [request] atom {"type":"atom","name":"chemistry-atoms-and-elements-1-1","protons":"8","neutrons":"8","electrons":"8"}
[2026-09-04T21:06:23.398Z] [generated] atom-171a9437779a.svg
[2026-09-04T21:06:23.398Z] [request] atom {"type":"atom","name":"chemistry-atoms-and-elements-1-2","protons":"11","neutrons":"12","electrons":"11"}
[2026-09-04T21:06:23.399Z] [generated] atom-72bafa196610.svg
[2026-09-04T21:06:23.399Z] [request] atom {"type":"atom","name":"chemistry-atoms-and-elements-1-3","protons":"12","neutrons":"12","electrons":"12"}
[2026-09-04T21:06:23.400Z] [generated] atom-eb86ea826b0a.svg
[2026-09-04T21:06:23.400Z] [request] atom {"type":"atom","name":"chemistry-atoms-and-elements-1-5","protons":"3","neutrons":"4","electrons":"3"}
[2026-09-04T21:06:23.401Z] [generated] atom-b639db634963.svg
[2026-09-04T21:06:23.401Z] [request] atom {"type":"atom","name":"chemistry-atoms-and-elements-1-6","protons":"6","neutrons":"6","electrons":"6"}
[2026-09-04T21:06:23.402Z] [generated] atom-ebe2c717167e.svg
[2026-09-04T21:06:23.402Z] [request] atom {"type":"atom","name":"chemistry-atoms-and-elements-1-7","protons":"8","neutrons":"8","electrons":"8"}
[2026-09-04T21:06:23.403Z] [generated] atom-cb1d0a86d003.svg
[2026-09-04T21:06:58.880Z] [request] atom {"type":"atom","name":"chemistry-atoms-and-elements-1-0","protons":"6","neutrons":"6","electrons":"6"}
[2026-09-04T21:06:58.881Z] [generated] atom-a5958396bae6.svg
[2026-09-04T21:06:58.882Z] [request] atom {"type":"atom","name":"chemistry-atoms-and-elements-1-12","protons":"6","neutrons":"6","electrons":"6"}
[2026-09-04T21:06:58.883Z] [generated] atom-d94081786e30.svg
[2026-09-04T21:06:58.883Z] [request] atom {"type":"atom","name":"chemistry-atoms-and-elements-1-13","protons":"8","neutrons":"8","electrons":"8"}
[2026-09-04T21:06:58.884Z] [generated] atom-d41ebd75f3f0.svg
[2026-09-04T21:06:58.885Z] [request] atom {"type":"atom","name":"chemistry-atoms-and-elements-1-14","protons":"11","neutrons":"12","electrons":"11"}
[2026-09-04T21:06:58.886Z] [generated] atom-7cf595a04cb8.svg
[2026-09-04T21:06:58.886Z] [request] atom {"type":"atom","name":"chemistry-atoms-and-elements-1-15","protons":"12","neutrons":"12","electrons":"12"}
[2026-09-04T21:06:58.887Z] [generated] atom-4c66ddcc03aa.svg
[2026-09-04T21:06:58.887Z] [request] atom {"type":"atom","name":"chemistry-atoms-and-elements-1-16","protons":"17","neutrons":"18","electrons":"17"}
[2026-09-04T21:06:58.888Z] [generated] atom-1f156224e8ad.svg
[2026-09-04T21:06:58.888Z] [request] atom {"type":"atom","name":"chemistry-atoms-and-elements-1-17","protons":"3","neutrons":"4","electrons":"3"}
[2026-09-04T21:06:58.889Z] [generated] atom-fe25779ca3cb.svg
[2026-09-04T21:06:58.889Z] [request] atom {"type":"atom","name":"chemistry-atoms-and-elements-1-18","protons":"6","neutrons":"6","electrons":"6"}
[2026-09-04T21:06:58.890Z] [generated] atom-f17306de7837.svg
[2026-09-04T21:06:58.890Z] [request] atom {"type":"atom","name":"chemistry-atoms-and-elements-1-19","protons":"8","neutrons":"8","electrons":"8"}
[2026-09-04T21:06:58.891Z] [generated] atom-b0b49ee513b0.svg
[2026-09-04T21:06:58.891Z] [request] atom {"type":"atom","name":"chemistry-atoms-and-elements-1-1","protons":"8","neutrons":"8","electrons":"8"}
[2026-09-04T21:06:58.892Z] [generated] atom-171a9437779a.svg
[2026-09-04T21:06:58.892Z] [request] atom {"type":"atom","name":"chemistry-atoms-and-elements-1-2","protons":"11","neutrons":"12","electrons":"11"}
[2026-09-04T21:06:58.893Z] [generated] atom-72bafa196610.svg
[2026-09-04T21:06:58.894Z] [request] atom {"type":"atom","name":"chemistry-atoms-and-elements-1-3","protons":"12","neutrons":"12","electrons":"12"}
[2026-09-04T21:06:58.894Z] [generated] atom-eb86ea826b0a.svg
[2026-09-04T21:06:58.895Z] [request] atom {"type":"atom","name":"chemistry-atoms-and-elements-1-4","protons":"17","neutrons":"18","electrons":"17"}
[2026-09-04T21:06:58.895Z] [generated] atom-c5b8115d2445.svg
[2026-09-04T21:06:58.896Z] [request] atom {"type":"atom","name":"chemistry-atoms-and-elements-1-5","protons":"3","neutrons":"4","electrons":"3"}
[2026-09-04T21:06:58.896Z] [generated] atom-b639db634963.svg
[2026-09-04T21:06:58.897Z] [request] atom {"type":"atom","name":"chemistry-atoms-and-elements-1-6","protons":"6","neutrons":"6","electrons":"6"}
[2026-09-04T21:06:58.897Z] [generated] atom-ebe2c717167e.svg
[2026-09-04T21:06:58.898Z] [request] atom {"type":"atom","name":"chemistry-atoms-and-elements-1-7","protons":"8","neutrons":"8","electrons":"8"}
[2026-09-04T21:06:58.898Z] [generated] atom-cb1d0a86d003.svg
[2026-09-04T21:06:58.899Z] [request] atom {"type":"atom","name":"chemistry-atoms-and-elements-1-8","protons":"11","neutrons":"12","electrons":"11"}
[2026-09-04T21:06:58.899Z] [generated] atom-7c0b7ba2be88.svg
[2026-09-04T21:06:58.900Z] [request] atom {"type":"atom","name":"chemistry-atoms-and-elements-1-9","protons":"12","neutrons":"12","electrons":"12"}
[2026-09-04T21:06:58.900Z] [generated] atom-8606ff91583c.svg
[2026-09-04T21:06:58.901Z] [request] atom {"type":"atom","name":"chemistry-atoms-and-elements-1-10","protons":"17","neutrons":"18","electrons":"17"}
[2026-09-04T21:06:58.902Z] [generated] atom-89f55a6e39db.svg
[2026-09-04T21:06:58.902Z] [request] atom {"type":"atom","name":"chemistry-atoms-and-elements-1-11","protons":"3","neutrons":"4","electrons":"3"}
[2026-09-04T21:06:58.903Z] [generated] atom-08a40ffb53ef.svg
[2026-09-04T21:07:00.801Z] [request] atom {"type":"atom","name":"chemistry-atoms-and-elements-1-0","protons":"6","neutrons":"6","electrons":"6"}
[2026-09-04T21:07:00.802Z] [generated] atom-a5958396bae6.svg
[2026-09-04T21:07:00.803Z] [request] atom {"type":"atom","name":"chemistry-atoms-and-elements-1-10","protons":"17","neutrons":"18","electrons":"17"}
[2026-09-04T21:07:00.804Z] [generated] atom-89f55a6e39db.svg
[2026-09-04T21:07:00.804Z] [request] atom {"type":"atom","name":"chemistry-atoms-and-elements-1-11","protons":"3","neutrons":"4","electrons":"3"}
[2026-09-04T21:07:00.805Z] [generated] atom-08a40ffb53ef.svg
[2026-09-04T21:07:00.805Z] [request] atom {"type":"atom","name":"chemistry-atoms-and-elements-1-12","protons":"6","neutrons":"6","electrons":"6"}
[2026-09-04T21:07:00.806Z] [generated] atom-d94081786e30.svg
[2026-09-04T21:07:00.806Z] [request] atom {"type":"atom","name":"chemistry-atoms-and-elements-1-13","protons":"8","neutrons":"8","electrons":"8"}
[2026-09-04T21:07:00.807Z] [generated] atom-d41ebd75f3f0.svg
[2026-09-04T21:07:00.807Z] [request] atom {"type":"atom","name":"chemistry-atoms-and-elements-1-14","protons":"11","neutrons":"12","electrons":"11"}
[2026-09-04T21:07:00.808Z] [generated] atom-7cf595a04cb8.svg
[2026-09-04T21:07:00.809Z] [request] atom {"type":"atom","name":"chemistry-atoms-and-elements-1-15","protons":"12","neutrons":"12","electrons":"12"}
[2026-09-04T21:07:00.809Z] [generated] atom-4c66ddcc03aa.svg
[2026-09-04T21:07:00.810Z] [request] atom {"type":"atom","name":"chemistry-atoms-and-elements-1-16","protons":"17","neutrons":"18","electrons":"17"}
[2026-09-04T21:07:00.810Z] [generated] atom-1f156224e8ad.svg
[2026-09-04T21:07:00.811Z] [request] atom {"type":"atom","name":"chemistry-atoms-and-elements-1-17","protons":"3","neutrons":"4","electrons":"3"}
[2026-09-04T21:07:00.811Z] [generated] atom-fe25779ca3cb.svg
[2026-09-04T21:07:00.812Z] [request] atom {"type":"atom","name":"chemistry-atoms-and-elements-1-18","protons":"6","neutrons":"6","electrons":"6"}
[2026-09-04T21:07:00.812Z] [generated] atom-f17306de7837.svg
[2026-09-04T21:07:00.813Z] [request] atom {"type":"atom","name":"chemistry-atoms-and-elements-1-19","protons":"8","neutrons":"8","electrons":"8"}
[2026-09-04T21:07:00.813Z] [generated] atom-b0b49ee513b0.svg
[2026-09-04T21:07:00.814Z] [request] atom {"type":"atom","name":"chemistry-atoms-and-elements-1-1","protons":"8","neutrons":"8","electrons":"8"}
[2026-09-04T21:07:00.815Z] [generated] atom-171a9437779a.svg
[2026-09-04T21:07:00.815Z] [request] atom {"type":"atom","name":"chemistry-atoms-and-elements-1-2","protons":"11","neutrons":"12","electrons":"11"}
[2026-09-04T21:07:00.816Z] [generated] atom-72bafa196610.svg
[2026-09-04T21:07:00.816Z] [request] atom {"type":"atom","name":"chemistry-atoms-and-elements-1-3","protons":"12","neutrons":"12","electrons":"12"}
[2026-09-04T21:07:00.817Z] [generated] atom-eb86ea826b0a.svg
[2026-09-04T21:07:00.818Z] [request] atom {"type":"atom","name":"chemistry-atoms-and-elements-1-4","protons":"17","neutrons":"18","electrons":"17"}
[2026-09-04T21:07:00.818Z] [generated] atom-c5b8115d2445.svg
[2026-09-04T21:07:00.819Z] [request] atom {"type":"atom","name":"chemistry-atoms-and-elements-1-5","protons":"3","neutrons":"4","electrons":"3"}
[2026-09-04T21:07:00.819Z] [generated] atom-b639db634963.svg
[2026-09-04T21:07:00.820Z] [request] atom {"type":"atom","name":"chemistry-atoms-and-elements-1-6","protons":"6","neutrons":"6","electrons":"6"}
[2026-09-04T21:07:00.820Z] [generated] atom-ebe2c717167e.svg
[2026-09-04T21:07:00.821Z] [request] atom {"type":"atom","name":"chemistry-atoms-and-elements-1-7","protons":"8","neutrons":"8","electrons":"8"}
[2026-09-04T21:07:00.821Z] [generated] atom-cb1d0a86d003.svg
[2026-09-04T21:07:00.822Z] [request] atom {"type":"atom","name":"chemistry-atoms-and-elements-1-8","protons":"11","neutrons":"12","electrons":"11"}
[2026-09-04T21:07:00.822Z] [generated] atom-7c0b7ba2be88.svg
[2026-09-04T21:07:00.823Z] [request] atom {"type":"atom","name":"chemistry-atoms-and-elements-1-9","protons":"12","neutrons":"12","electrons":"12"}
[2026-09-04T21:07:00.824Z] [generated] atom-8606ff91583c.svg
[2026-09-04T21:07:03.479Z] [request] atom {"type":"atom","name":"chemistry-atoms-and-elements-2-0","protons":"8","neutrons":"8","electrons":"8"}
[2026-09-04T21:07:03.480Z] [generated] atom-ad4640ee7342.svg
[2026-09-04T21:07:03.481Z] [request] atom {"type":"atom","name":"chemistry-atoms-and-elements-2-1","protons":"11","neutrons":"12","electrons":"11"}
[2026-09-04T21:07:03.482Z] [generated] atom-889fbdd0edf0.svg
[2026-09-04T21:07:03.483Z] [request] atom {"type":"atom","name":"chemistry-atoms-and-elements-2-2","protons":"12","neutrons":"12","electrons":"12"}
[2026-09-04T21:07:03.483Z] [generated] atom-9279cb59b54e.svg
[2026-09-04T21:07:03.484Z] [request] atom {"type":"atom","name":"chemistry-atoms-and-elements-2-3","protons":"17","neutrons":"18","electrons":"17"}
[2026-09-04T21:07:03.485Z] [generated] atom-e67f676f096b.svg
[2026-09-04T21:07:03.485Z] [request] atom {"type":"atom","name":"chemistry-atoms-and-elements-2-4","protons":"3","neutrons":"4","electrons":"3"}
[2026-09-04T21:07:03.487Z] [generated] atom-cac8c33565c5.svg
[2026-09-04T21:07:03.488Z] [request] atom {"type":"atom","name":"chemistry-atoms-and-elements-2-5","protons":"6","neutrons":"6","electrons":"6"}
[2026-09-04T21:07:03.488Z] [generated] atom-13aacdefa3f4.svg
[2026-09-04T21:07:03.489Z] [request] atom {"type":"atom","name":"chemistry-atoms-and-elements-2-6","protons":"8","neutrons":"8","electrons":"8"}
[2026-09-04T21:07:03.490Z] [generated] atom-1efadc2367f3.svg
[2026-09-04T21:07:03.490Z] [request] atom {"type":"atom","name":"chemistry-atoms-and-elements-2-7","protons":"11","neutrons":"12","electrons":"11"}
[2026-09-04T21:07:03.491Z] [generated] atom-71517b832f52.svg
[2026-09-04T21:07:03.491Z] [request] atom {"type":"atom","name":"chemistry-atoms-and-elements-2-8","protons":"12","neutrons":"12","electrons":"12"}
[2026-09-04T21:07:03.492Z] [generated] atom-c20b55587da1.svg
[2026-09-04T21:07:03.492Z] [request] atom {"type":"atom","name":"chemistry-atoms-and-elements-2-9","protons":"17","neutrons":"18","electrons":"17"}
[2026-09-04T21:07:03.493Z] [generated] atom-05ebddef1d9d.svg
[2026-09-04T21:07:03.493Z] [request] atom {"type":"atom","name":"chemistry-atoms-and-elements-2-10","protons":"3","neutrons":"4","electrons":"3"}
[2026-09-04T21:07:03.494Z] [generated] atom-62387e84683f.svg
[2026-09-04T21:07:03.495Z] [request] atom {"type":"atom","name":"chemistry-atoms-and-elements-2-11","protons":"6","neutrons":"6","electrons":"6"}
[2026-09-04T21:07:03.495Z] [generated] atom-d45752a90f02.svg
[2026-09-04T21:07:03.496Z] [request] atom {"type":"atom","name":"chemistry-atoms-and-elements-2-12","protons":"8","neutrons":"8","electrons":"8"}
[2026-09-04T21:07:03.496Z] [generated] atom-14c22641e93b.svg
[2026-09-04T21:07:03.497Z] [request] atom {"type":"atom","name":"chemistry-atoms-and-elements-2-13","protons":"11","neutrons":"12","electrons":"11"}
[2026-09-04T21:07:03.497Z] [generated] atom-132c00818343.svg
[2026-09-04T21:07:03.498Z] [request] atom {"type":"atom","name":"chemistry-atoms-and-elements-2-14","protons":"12","neutrons":"12","electrons":"12"}
[2026-09-04T21:07:03.498Z] [generated] atom-5137d439a1a8.svg
[2026-09-04T21:07:03.499Z] [request] atom {"type":"atom","name":"chemistry-atoms-and-elements-2-15","protons":"17","neutrons":"18","electrons":"17"}
[2026-09-04T21:07:03.500Z] [generated] atom-0d8187aa6b59.svg
[2026-09-04T21:07:03.500Z] [request] atom {"type":"atom","name":"chemistry-atoms-and-elements-2-16","protons":"3","neutrons":"4","electrons":"3"}
[2026-09-04T21:07:03.501Z] [generated] atom-83b0774e6739.svg
[2026-09-04T21:07:03.501Z] [request] atom {"type":"atom","name":"chemistry-atoms-and-elements-2-17","protons":"6","neutrons":"6","electrons":"6"}
[2026-09-04T21:07:03.502Z] [generated] atom-feba4746ec9d.svg
[2026-09-04T21:07:03.503Z] [request] atom {"type":"atom","name":"chemistry-atoms-and-elements-2-18","protons":"8","neutrons":"8","electrons":"8"}
[2026-09-04T21:07:03.504Z] [generated] atom-ad155e290f11.svg
[2026-09-04T21:07:03.504Z] [request] atom {"type":"atom","name":"chemistry-atoms-and-elements-2-19","protons":"11","neutrons":"12","electrons":"11"}
[2026-09-04T21:07:03.505Z] [generated] atom-6902132dbfc8.svg
[2026-09-04T21:07:03.673Z] [request] atom {"type":"atom","name":"chemistry-atoms-and-elements-3-0","protons":"11","neutrons":"12","electrons":"11"}
[2026-09-04T21:07:03.674Z] [generated] atom-b79457448565.svg
[2026-09-04T21:07:03.675Z] [request] atom {"type":"atom","name":"chemistry-atoms-and-elements-3-1","protons":"12","neutrons":"12","electrons":"12"}
[2026-09-04T21:07:03.675Z] [generated] atom-1a7bc01c403f.svg
[2026-09-04T21:07:03.676Z] [request] atom {"type":"atom","name":"chemistry-atoms-and-elements-3-2","protons":"17","neutrons":"18","electrons":"17"}
[2026-09-04T21:07:03.677Z] [generated] atom-6052371307e1.svg
[2026-09-04T21:07:03.677Z] [request] atom {"type":"atom","name":"chemistry-atoms-and-elements-3-3","protons":"3","neutrons":"4","electrons":"3"}
[2026-09-04T21:07:03.678Z] [generated] atom-2bdc1cf92d04.svg
[2026-09-04T21:07:03.678Z] [request] atom {"type":"atom","name":"chemistry-atoms-and-elements-3-4","protons":"6","neutrons":"6","electrons":"6"}
[2026-09-04T21:07:03.679Z] [generated] atom-2ad7c8d9981b.svg
[2026-09-04T21:07:03.679Z] [request] atom {"type":"atom","name":"chemistry-atoms-and-elements-3-5","protons":"8","neutrons":"8","electrons":"8"}
[2026-09-04T21:07:03.680Z] [generated] atom-3ab4f84bf48c.svg
[2026-09-04T21:07:03.680Z] [request] atom {"type":"atom","name":"chemistry-atoms-and-elements-3-6","protons":"11","neutrons":"12","electrons":"11"}
[2026-09-04T21:07:03.681Z] [generated] atom-cc52cfb67719.svg
[2026-09-04T21:07:03.681Z] [request] atom {"type":"atom","name":"chemistry-atoms-and-elements-3-7","protons":"12","neutrons":"12","electrons":"12"}
[2026-09-04T21:07:03.682Z] [generated] atom-6ec41ed11b2f.svg
[2026-09-04T21:07:03.682Z] [request] atom {"type":"atom","name":"chemistry-atoms-and-elements-3-8","protons":"17","neutrons":"18","electrons":"17"}
[2026-09-04T21:07:03.683Z] [generated] atom-a8957039a452.svg
[2026-09-04T21:07:03.683Z] [request] atom {"type":"atom","name":"chemistry-atoms-and-elements-3-9","protons":"3","neutrons":"4","electrons":"3"}
[2026-09-04T21:07:03.684Z] [generated] atom-c4846726f8a3.svg
[2026-09-04T21:07:03.684Z] [request] atom {"type":"atom","name":"chemistry-atoms-and-elements-3-10","protons":"6","neutrons":"6","electrons":"6"}
[2026-09-04T21:07:03.685Z] [generated] atom-36e5cb0d0dc5.svg
[2026-09-04T21:07:03.685Z] [request] atom {"type":"atom","name":"chemistry-atoms-and-elements-3-11","protons":"8","neutrons":"8","electrons":"8"}
[2026-09-04T21:07:03.686Z] [generated] atom-6275f6ec1beb.svg
[2026-09-04T21:07:03.687Z] [request] atom {"type":"atom","name":"chemistry-atoms-and-elements-3-12","protons":"11","neutrons":"12","electrons":"11"}
[2026-09-04T21:07:03.687Z] [generated] atom-2e8267cd3f34.svg
[2026-09-04T21:07:03.688Z] [request] atom {"type":"atom","name":"chemistry-atoms-and-elements-3-13","protons":"12","neutrons":"12","electrons":"12"}
[2026-09-04T21:07:03.688Z] [generated] atom-7e1c001f2853.svg
[2026-09-04T21:07:03.689Z] [request] atom {"type":"atom","name":"chemistry-atoms-and-elements-3-14","protons":"17","neutrons":"18","electrons":"17"}
[2026-09-04T21:07:03.690Z] [generated] atom-3e0ce60cdda6.svg
[2026-09-04T21:07:03.690Z] [request] atom {"type":"atom","name":"chemistry-atoms-and-elements-3-15","protons":"3","neutrons":"4","electrons":"3"}
[2026-09-04T21:07:03.691Z] [generated] atom-f2bf307c7661.svg
[2026-09-04T21:07:03.691Z] [request] atom {"type":"atom","name":"chemistry-atoms-and-elements-3-16","protons":"6","neutrons":"6","electrons":"6"}
[2026-09-04T21:07:03.692Z] [generated] atom-e14ef0a2fff7.svg
[2026-09-04T21:07:03.692Z] [request] atom {"type":"atom","name":"chemistry-atoms-and-elements-3-17","protons":"8","neutrons":"8","electrons":"8"}
[2026-09-04T21:07:03.693Z] [generated] atom-0c174c5a23fc.svg
[2026-09-04T21:07:03.693Z] [request] atom {"type":"atom","name":"chemistry-atoms-and-elements-3-18","protons":"11","neutrons":"12","electrons":"11"}
[2026-09-04T21:07:03.693Z] [generated] atom-b3b5689f1a67.svg
[2026-09-04T21:07:03.694Z] [request] atom {"type":"atom","name":"chemistry-atoms-and-elements-3-19","protons":"12","neutrons":"12","electrons":"12"}
[2026-09-04T21:07:03.694Z] [generated] atom-87ca11d783a5.svg
[2026-09-04T21:07:03.897Z] [request] atom {"type":"atom","name":"chemistry-atoms-and-elements-4-0","protons":"12","neutrons":"12","electrons":"12"}
[2026-09-04T21:07:03.898Z] [generated] atom-828b46ceb162.svg
[2026-09-04T21:07:03.898Z] [request] atom {"type":"atom","name":"chemistry-atoms-and-elements-4-1","protons":"17","neutrons":"18","electrons":"17"}
[2026-09-04T21:07:03.899Z] [generated] atom-500ecbe67c6c.svg
[2026-09-04T21:07:03.899Z] [request] atom {"type":"atom","name":"chemistry-atoms-and-elements-4-2","protons":"3","neutrons":"4","electrons":"3"}
[2026-09-04T21:07:03.900Z] [generated] atom-40f2db0c362e.svg
[2026-09-04T21:07:03.900Z] [request] atom {"type":"atom","name":"chemistry-atoms-and-elements-4-3","protons":"6","neutrons":"6","electrons":"6"}
[2026-09-04T21:07:03.901Z] [generated] atom-d4a8148eb2c6.svg
[2026-09-04T21:07:03.901Z] [request] atom {"type":"atom","name":"chemistry-atoms-and-elements-4-4","protons":"8","neutrons":"8","electrons":"8"}
[2026-09-04T21:07:03.902Z] [generated] atom-39a216f23168.svg
[2026-09-04T21:07:03.902Z] [request] atom {"type":"atom","name":"chemistry-atoms-and-elements-4-5","protons":"11","neutrons":"12","electrons":"11"}
[2026-09-04T21:07:03.903Z] [generated] atom-4ca9ce684c86.svg
[2026-09-04T21:07:03.903Z] [request] atom {"type":"atom","name":"chemistry-atoms-and-elements-4-6","protons":"12","neutrons":"12","electrons":"12"}
[2026-09-04T21:07:03.904Z] [generated] atom-558c4f4cbae3.svg
[2026-09-04T21:07:03.905Z] [request] atom {"type":"atom","name":"chemistry-atoms-and-elements-4-7","protons":"17","neutrons":"18","electrons":"17"}
[2026-09-04T21:07:03.905Z] [generated] atom-9abf4a300428.svg
[2026-09-04T21:07:03.905Z] [request] atom {"type":"atom","name":"chemistry-atoms-and-elements-4-8","protons":"3","neutrons":"4","electrons":"3"}
[2026-09-04T21:07:03.906Z] [generated] atom-2f5ac95bc93d.svg
[2026-09-04T21:07:03.906Z] [request] atom {"type":"atom","name":"chemistry-atoms-and-elements-4-9","protons":"6","neutrons":"6","electrons":"6"}
[2026-09-04T21:07:03.907Z] [generated] atom-9c444722ed7b.svg
[2026-09-04T21:07:03.907Z] [request] atom {"type":"atom","name":"chemistry-atoms-and-elements-4-10","protons":"8","neutrons":"8","electrons":"8"}
[2026-09-04T21:07:03.908Z] [generated] atom-926798d4d7c4.svg
[2026-09-04T21:07:03.908Z] [request] atom {"type":"atom","name":"chemistry-atoms-and-elements-4-11","protons":"11","neutrons":"12","electrons":"11"}
[2026-09-04T21:07:03.909Z] [generated] atom-524628f26c92.svg
[2026-09-04T21:07:03.909Z] [request] atom {"type":"atom","name":"chemistry-atoms-and-elements-4-12","protons":"12","neutrons":"12","electrons":"12"}
[2026-09-04T21:07:03.910Z] [generated] atom-092bd30754a8.svg
[2026-09-04T21:07:03.910Z] [request] atom {"type":"atom","name":"chemistry-atoms-and-elements-4-13","protons":"17","neutrons":"18","electrons":"17"}
[2026-09-04T21:07:03.912Z] [generated] atom-a0d822eb2db2.svg
[2026-09-04T21:07:03.913Z] [request] atom {"type":"atom","name":"chemistry-atoms-and-elements-4-14","protons":"3","neutrons":"4","electrons":"3"}
[2026-09-04T21:07:03.913Z] [generated] atom-08d652494223.svg
[2026-09-04T21:07:03.914Z] [request] atom {"type":"atom","name":"chemistry-atoms-and-elements-4-15","protons":"6","neutrons":"6","electrons":"6"}
[2026-09-04T21:07:03.914Z] [generated] atom-7aa2442be455.svg
[2026-09-04T21:07:03.915Z] [request] atom {"type":"atom","name":"chemistry-atoms-and-elements-4-16","protons":"8","neutrons":"8","electrons":"8"}
[2026-09-04T21:07:03.915Z] [generated] atom-2a39e0d09894.svg
[2026-09-04T21:07:03.916Z] [request] atom {"type":"atom","name":"chemistry-atoms-and-elements-4-17","protons":"11","neutrons":"12","electrons":"11"}
[2026-09-04T21:07:03.916Z] [generated] atom-d4b35ae9c7c2.svg
[2026-09-04T21:07:03.917Z] [request] atom {"type":"atom","name":"chemistry-atoms-and-elements-4-18","protons":"12","neutrons":"12","electrons":"12"}
[2026-09-04T21:07:03.917Z] [generated] atom-69a73de17dac.svg
[2026-09-04T21:07:03.918Z] [request] atom {"type":"atom","name":"chemistry-atoms-and-elements-4-19","protons":"17","neutrons":"18","electrons":"17"}
[2026-09-04T21:07:03.918Z] [generated] atom-76883627aaac.svg
[2026-09-04T21:07:04.090Z] [request] atom {"type":"atom","name":"chemistry-atoms-and-elements-5-0","protons":"17","neutrons":"18","electrons":"17"}
[2026-09-04T21:07:04.091Z] [generated] atom-f76f69c6e8e1.svg
[2026-09-04T21:07:04.092Z] [request] atom {"type":"atom","name":"chemistry-atoms-and-elements-5-1","protons":"3","neutrons":"4","electrons":"3"}
[2026-09-04T21:07:04.093Z] [generated] atom-c6319ff958cd.svg
[2026-09-04T21:07:04.093Z] [request] atom {"type":"atom","name":"chemistry-atoms-and-elements-5-2","protons":"6","neutrons":"6","electrons":"6"}
[2026-09-04T21:07:04.094Z] [generated] atom-a1cf7fef63dc.svg
[2026-09-04T21:07:04.094Z] [request] atom {"type":"atom","name":"chemistry-atoms-and-elements-5-3","protons":"8","neutrons":"8","electrons":"8"}
[2026-09-04T21:07:04.095Z] [generated] atom-a5b898a70e3b.svg
[2026-09-04T21:07:04.095Z] [request] atom {"type":"atom","name":"chemistry-atoms-and-elements-5-4","protons":"11","neutrons":"12","electrons":"11"}
[2026-09-04T21:07:04.096Z] [generated] atom-94ac812dcb09.svg
[2026-09-04T21:07:04.096Z] [request] atom {"type":"atom","name":"chemistry-atoms-and-elements-5-5","protons":"12","neutrons":"12","electrons":"12"}
[2026-09-04T21:07:04.097Z] [generated] atom-efa5cd7bc7f1.svg
[2026-09-04T21:07:04.097Z] [request] atom {"type":"atom","name":"chemistry-atoms-and-elements-5-6","protons":"17","neutrons":"18","electrons":"17"}
[2026-09-04T21:07:04.098Z] [generated] atom-7f8eb8b25fc9.svg
[2026-09-04T21:07:04.099Z] [request] atom {"type":"atom","name":"chemistry-atoms-and-elements-5-7","protons":"3","neutrons":"4","electrons":"3"}
[2026-09-04T21:07:04.099Z] [generated] atom-14b16e2c3d13.svg
[2026-09-04T21:07:04.100Z] [request] atom {"type":"atom","name":"chemistry-atoms-and-elements-5-8","protons":"6","neutrons":"6","electrons":"6"}
[2026-09-04T21:07:04.101Z] [generated] atom-bc37dd44851e.svg
[2026-09-04T21:07:04.101Z] [request] atom {"type":"atom","name":"chemistry-atoms-and-elements-5-9","protons":"8","neutrons":"8","electrons":"8"}
[2026-09-04T21:07:04.102Z] [generated] atom-10afd1692ef6.svg
[2026-09-04T21:07:04.102Z] [request] atom {"type":"atom","name":"chemistry-atoms-and-elements-5-10","protons":"11","neutrons":"12","electrons":"11"}
[2026-09-04T21:07:04.103Z] [generated] atom-9dfa9b2a04ad.svg
[2026-09-04T21:07:04.103Z] [request] atom {"type":"atom","name":"chemistry-atoms-and-elements-5-11","protons":"12","neutrons":"12","electrons":"12"}
[2026-09-04T21:07:04.104Z] [generated] atom-0b8b9a0e37e2.svg
[2026-09-04T21:07:04.104Z] [request] atom {"type":"atom","name":"chemistry-atoms-and-elements-5-12","protons":"17","neutrons":"18","electrons":"17"}
[2026-09-04T21:07:04.105Z] [generated] atom-c9d2c0c44196.svg
[2026-09-04T21:07:04.105Z] [request] atom {"type":"atom","name":"chemistry-atoms-and-elements-5-13","protons":"3","neutrons":"4","electrons":"3"}
[2026-09-04T21:07:04.106Z] [generated] atom-d8d800ae229f.svg
[2026-09-04T21:07:04.106Z] [request] atom {"type":"atom","name":"chemistry-atoms-and-elements-5-14","protons":"6","neutrons":"6","electrons":"6"}
[2026-09-04T21:07:04.107Z] [generated] atom-da75fd0f34a3.svg
[2026-09-04T21:07:04.107Z] [request] atom {"type":"atom","name":"chemistry-atoms-and-elements-5-15","protons":"8","neutrons":"8","electrons":"8"}
[2026-09-04T21:07:04.108Z] [generated] atom-a48c67e80825.svg
[2026-09-04T21:07:04.109Z] [request] atom {"type":"atom","name":"chemistry-atoms-and-elements-5-16","protons":"11","neutrons":"12","electrons":"11"}
[2026-09-04T21:07:04.109Z] [generated] atom-a6e8cd981a98.svg
[2026-09-04T21:07:04.109Z] [request] atom {"type":"atom","name":"chemistry-atoms-and-elements-5-17","protons":"12","neutrons":"12","electrons":"12"}
[2026-09-04T21:07:04.110Z] [generated] atom-d7875936b1fd.svg
[2026-09-04T21:07:04.110Z] [request] atom {"type":"atom","name":"chemistry-atoms-and-elements-5-18","protons":"17","neutrons":"18","electrons":"17"}
[2026-09-04T21:07:04.111Z] [generated] atom-b709f218a296.svg
[2026-09-04T21:07:04.112Z] [request] atom {"type":"atom","name":"chemistry-atoms-and-elements-5-19","protons":"3","neutrons":"4","electrons":"3"}
[2026-09-04T21:07:04.112Z] [generated] atom-9016a34dccac.svg
[2026-09-04T21:08:30.957Z] [request] atom {"type":"atom","name":"chemistry-atoms-and-elements-1-0","protons":"6","neutrons":"6","electrons":"6"}
[2026-09-04T21:08:30.958Z] [generated] atom-a5958396bae6.svg
[2026-09-04T21:08:30.959Z] [request] atom {"type":"atom","name":"chemistry-atoms-and-elements-1-11","protons":"3","neutrons":"4","electrons":"3"}
[2026-09-04T21:08:30.959Z] [generated] atom-08a40ffb53ef.svg
[2026-09-04T21:08:30.960Z] [request] atom {"type":"atom","name":"chemistry-atoms-and-elements-1-12","protons":"6","neutrons":"6","electrons":"6"}
[2026-09-04T21:08:30.960Z] [generated] atom-d94081786e30.svg
[2026-09-04T21:08:30.961Z] [request] atom {"type":"atom","name":"chemistry-atoms-and-elements-1-13","protons":"8","neutrons":"8","electrons":"8"}
[2026-09-04T21:08:30.961Z] [generated] atom-d41ebd75f3f0.svg
[2026-09-04T21:08:30.962Z] [request] atom {"type":"atom","name":"chemistry-atoms-and-elements-1-14","protons":"11","neutrons":"12","electrons":"11"}
[2026-09-04T21:08:30.962Z] [generated] atom-7cf595a04cb8.svg
[2026-09-04T21:08:30.963Z] [request] atom {"type":"atom","name":"chemistry-atoms-and-elements-1-15","protons":"12","neutrons":"12","electrons":"12"}
[2026-09-04T21:08:30.963Z] [generated] atom-4c66ddcc03aa.svg
[2026-09-04T21:08:30.964Z] [request] atom {"type":"atom","name":"chemistry-atoms-and-elements-1-16","protons":"17","neutrons":"18","electrons":"17"}
[2026-09-04T21:08:30.964Z] [generated] atom-1f156224e8ad.svg
[2026-09-04T21:08:30.965Z] [request] atom {"type":"atom","name":"chemistry-atoms-and-elements-1-17","protons":"3","neutrons":"4","electrons":"3"}
[2026-09-04T21:08:30.965Z] [generated] atom-fe25779ca3cb.svg
[2026-09-04T21:08:30.965Z] [request] atom {"type":"atom","name":"chemistry-atoms-and-elements-1-18","protons":"6","neutrons":"6","electrons":"6"}
[2026-09-04T21:08:30.966Z] [generated] atom-f17306de7837.svg
[2026-09-04T21:08:30.966Z] [request] atom {"type":"atom","name":"chemistry-atoms-and-elements-1-19","protons":"8","neutrons":"8","electrons":"8"}
[2026-09-04T21:08:30.967Z] [generated] atom-b0b49ee513b0.svg
[2026-09-04T21:08:30.967Z] [request] atom {"type":"atom","name":"chemistry-atoms-and-elements-1-1","protons":"8","neutrons":"8","electrons":"8"}
[2026-09-04T21:08:30.968Z] [generated] atom-171a9437779a.svg
[2026-09-04T21:08:30.968Z] [request] atom {"type":"atom","name":"chemistry-atoms-and-elements-1-2","protons":"11","neutrons":"12","electrons":"11"}
[2026-09-04T21:08:30.969Z] [generated] atom-72bafa196610.svg
[2026-09-04T21:08:30.969Z] [request] atom {"type":"atom","name":"chemistry-atoms-and-elements-1-3","protons":"12","neutrons":"12","electrons":"12"}
[2026-09-04T21:08:30.970Z] [generated] atom-eb86ea826b0a.svg
[2026-09-04T21:08:30.970Z] [request] atom {"type":"atom","name":"chemistry-atoms-and-elements-1-4","protons":"17","neutrons":"18","electrons":"17"}
[2026-09-04T21:08:30.971Z] [generated] atom-c5b8115d2445.svg
[2026-09-04T21:08:30.971Z] [request] atom {"type":"atom","name":"chemistry-atoms-and-elements-1-5","protons":"3","neutrons":"4","electrons":"3"}
[2026-09-04T21:08:30.972Z] [generated] atom-b639db634963.svg
[2026-09-04T21:08:30.972Z] [request] atom {"type":"atom","name":"chemistry-atoms-and-elements-1-6","protons":"6","neutrons":"6","electrons":"6"}
[2026-09-04T21:08:30.973Z] [generated] atom-ebe2c717167e.svg
[2026-09-04T21:08:30.973Z] [request] atom {"type":"atom","name":"chemistry-atoms-and-elements-1-7","protons":"8","neutrons":"8","electrons":"8"}
[2026-09-04T21:08:30.973Z] [generated] atom-cb1d0a86d003.svg
[2026-09-04T21:08:30.974Z] [request] atom {"type":"atom","name":"chemistry-atoms-and-elements-1-8","protons":"11","neutrons":"12","electrons":"11"}
[2026-09-04T21:08:30.974Z] [generated] atom-7c0b7ba2be88.svg
[2026-09-04T21:08:30.975Z] [request] atom {"type":"atom","name":"chemistry-atoms-and-elements-1-9","protons":"12","neutrons":"12","electrons":"12"}
[2026-09-04T21:08:30.975Z] [generated] atom-8606ff91583c.svg
[2026-09-04T21:08:30.975Z] [request] atom {"type":"atom","name":"chemistry-atoms-and-elements-1-10","protons":"17","neutrons":"18","electrons":"17"}
[2026-09-04T21:08:30.976Z] [generated] atom-89f55a6e39db.svg
[2026-09-04T21:08:33.189Z] [request] atom {"type":"atom","name":"chemistry-atoms-and-elements-1-0","protons":"6","neutrons":"6","electrons":"6"}
[2026-09-04T21:08:33.190Z] [generated] atom-a5958396bae6.svg
[2026-09-04T21:08:33.191Z] [request] atom {"type":"atom","name":"chemistry-atoms-and-elements-1-13","protons":"8","neutrons":"8","electrons":"8"}
[2026-09-04T21:08:33.191Z] [generated] atom-d41ebd75f3f0.svg
[2026-09-04T21:08:33.192Z] [request] atom {"type":"atom","name":"chemistry-atoms-and-elements-1-14","protons":"11","neutrons":"12","electrons":"11"}
[2026-09-04T21:08:33.192Z] [generated] atom-7cf595a04cb8.svg
[2026-09-04T21:08:33.193Z] [request] atom {"type":"atom","name":"chemistry-atoms-and-elements-1-15","protons":"12","neutrons":"12","electrons":"12"}
[2026-09-04T21:08:33.193Z] [generated] atom-4c66ddcc03aa.svg
[2026-09-04T21:08:33.194Z] [request] atom {"type":"atom","name":"chemistry-atoms-and-elements-1-16","protons":"17","neutrons":"18","electrons":"17"}
[2026-09-04T21:08:33.194Z] [generated] atom-1f156224e8ad.svg
[2026-09-04T21:08:33.195Z] [request] atom {"type":"atom","name":"chemistry-atoms-and-elements-1-17","protons":"3","neutrons":"4","electrons":"3"}
[2026-09-04T21:08:33.195Z] [generated] atom-fe25779ca3cb.svg
[2026-09-04T21:08:33.196Z] [request] atom {"type":"atom","name":"chemistry-atoms-and-elements-1-18","protons":"6","neutrons":"6","electrons":"6"}
[2026-09-04T21:08:33.196Z] [generated] atom-f17306de7837.svg
[2026-09-04T21:08:33.196Z] [request] atom {"type":"atom","name":"chemistry-atoms-and-elements-1-19","protons":"8","neutrons":"8","electrons":"8"}
[2026-09-04T21:08:33.197Z] [generated] atom-b0b49ee513b0.svg
[2026-09-04T21:08:33.197Z] [request] atom {"type":"atom","name":"chemistry-atoms-and-elements-1-1","protons":"8","neutrons":"8","electrons":"8"}
[2026-09-04T21:08:33.198Z] [generated] atom-171a9437779a.svg
[2026-09-04T21:08:33.198Z] [request] atom {"type":"atom","name":"chemistry-atoms-and-elements-1-2","protons":"11","neutrons":"12","electrons":"11"}
[2026-09-04T21:08:33.199Z] [generated] atom-72bafa196610.svg
[2026-09-04T21:08:33.199Z] [request] atom {"type":"atom","name":"chemistry-atoms-and-elements-1-3","protons":"12","neutrons":"12","electrons":"12"}
[2026-09-04T21:08:33.200Z] [generated] atom-eb86ea826b0a.svg
[2026-09-04T21:08:33.200Z] [request] atom {"type":"atom","name":"chemistry-atoms-and-elements-1-4","protons":"17","neutrons":"18","electrons":"17"}
[2026-09-04T21:08:33.201Z] [generated] atom-c5b8115d2445.svg
[2026-09-04T21:08:33.201Z] [request] atom {"type":"atom","name":"chemistry-atoms-and-elements-1-5","protons":"3","neutrons":"4","electrons":"3"}
[2026-09-04T21:08:33.202Z] [generated] atom-b639db634963.svg
[2026-09-04T21:08:33.202Z] [request] atom {"type":"atom","name":"chemistry-atoms-and-elements-1-6","protons":"6","neutrons":"6","electrons":"6"}
[2026-09-04T21:08:33.203Z] [generated] atom-ebe2c717167e.svg
[2026-09-04T21:08:33.203Z] [request] atom {"type":"atom","name":"chemistry-atoms-and-elements-1-7","protons":"8","neutrons":"8","electrons":"8"}
[2026-09-04T21:08:33.203Z] [generated] atom-cb1d0a86d003.svg
[2026-09-04T21:08:33.204Z] [request] atom {"type":"atom","name":"chemistry-atoms-and-elements-1-8","protons":"11","neutrons":"12","electrons":"11"}
[2026-09-04T21:08:33.205Z] [generated] atom-7c0b7ba2be88.svg
[2026-09-04T21:08:33.205Z] [request] atom {"type":"atom","name":"chemistry-atoms-and-elements-1-9","protons":"12","neutrons":"12","electrons":"12"}
[2026-09-04T21:08:33.206Z] [generated] atom-8606ff91583c.svg
[2026-09-04T21:08:33.206Z] [request] atom {"type":"atom","name":"chemistry-atoms-and-elements-1-10","protons":"17","neutrons":"18","electrons":"17"}
[2026-09-04T21:08:33.207Z] [generated] atom-89f55a6e39db.svg
[2026-09-04T21:08:33.207Z] [request] atom {"type":"atom","name":"chemistry-atoms-and-elements-1-11","protons":"3","neutrons":"4","electrons":"3"}
[2026-09-04T21:08:33.208Z] [generated] atom-08a40ffb53ef.svg
[2026-09-04T21:08:33.208Z] [request] atom {"type":"atom","name":"chemistry-atoms-and-elements-1-12","protons":"6","neutrons":"6","electrons":"6"}
[2026-09-04T21:08:33.209Z] [generated] atom-d94081786e30.svg
[2026-09-04T21:08:34.276Z] [request] atom {"type":"atom","name":"chemistry-atoms-and-elements-1-0","protons":"6","neutrons":"6","electrons":"6"}
[2026-09-04T21:08:34.277Z] [generated] atom-a5958396bae6.svg
[2026-09-04T21:08:34.277Z] [request] atom {"type":"atom","name":"chemistry-atoms-and-elements-1-15","protons":"12","neutrons":"12","electrons":"12"}
[2026-09-04T21:08:34.278Z] [generated] atom-4c66ddcc03aa.svg
[2026-09-04T21:08:34.278Z] [request] atom {"type":"atom","name":"chemistry-atoms-and-elements-1-16","protons":"17","neutrons":"18","electrons":"17"}
[2026-09-04T21:08:34.279Z] [generated] atom-1f156224e8ad.svg
[2026-09-04T21:08:34.279Z] [request] atom {"type":"atom","name":"chemistry-atoms-and-elements-1-17","protons":"3","neutrons":"4","electrons":"3"}
[2026-09-04T21:08:34.280Z] [generated] atom-fe25779ca3cb.svg
[2026-09-04T21:08:34.280Z] [request] atom {"type":"atom","name":"chemistry-atoms-and-elements-1-18","protons":"6","neutrons":"6","electrons":"6"}
[2026-09-04T21:08:34.281Z] [generated] atom-f17306de7837.svg
[2026-09-04T21:08:34.281Z] [request] atom {"type":"atom","name":"chemistry-atoms-and-elements-1-19","protons":"8","neutrons":"8","electrons":"8"}
[2026-09-04T21:08:34.282Z] [generated] atom-b0b49ee513b0.svg
[2026-09-04T21:08:34.282Z] [request] atom {"type":"atom","name":"chemistry-atoms-and-elements-1-1","protons":"8","neutrons":"8","electrons":"8"}
[2026-09-04T21:08:34.282Z] [generated] atom-171a9437779a.svg
[2026-09-04T21:08:34.283Z] [request] atom {"type":"atom","name":"chemistry-atoms-and-elements-1-2","protons":"11","neutrons":"12","electrons":"11"}
[2026-09-04T21:08:34.283Z] [generated] atom-72bafa196610.svg
[2026-09-04T21:08:34.284Z] [request] atom {"type":"atom","name":"chemistry-atoms-and-elements-1-3","protons":"12","neutrons":"12","electrons":"12"}
[2026-09-04T21:08:34.284Z] [generated] atom-eb86ea826b0a.svg
[2026-09-04T21:08:34.285Z] [request] atom {"type":"atom","name":"chemistry-atoms-and-elements-1-4","protons":"17","neutrons":"18","electrons":"17"}
[2026-09-04T21:08:34.285Z] [generated] atom-c5b8115d2445.svg
[2026-09-04T21:08:34.285Z] [request] atom {"type":"atom","name":"chemistry-atoms-and-elements-1-5","protons":"3","neutrons":"4","electrons":"3"}
[2026-09-04T21:08:34.286Z] [generated] atom-b639db634963.svg
[2026-09-04T21:08:34.286Z] [request] atom {"type":"atom","name":"chemistry-atoms-and-elements-1-6","protons":"6","neutrons":"6","electrons":"6"}
[2026-09-04T21:08:34.287Z] [generated] atom-ebe2c717167e.svg
[2026-09-04T21:08:34.287Z] [request] atom {"type":"atom","name":"chemistry-atoms-and-elements-1-7","protons":"8","neutrons":"8","electrons":"8"}
[2026-09-04T21:08:34.288Z] [generated] atom-cb1d0a86d003.svg
[2026-09-04T21:08:34.288Z] [request] atom {"type":"atom","name":"chemistry-atoms-and-elements-1-8","protons":"11","neutrons":"12","electrons":"11"}
[2026-09-04T21:08:34.289Z] [generated] atom-7c0b7ba2be88.svg
[2026-09-04T21:08:34.290Z] [request] atom {"type":"atom","name":"chemistry-atoms-and-elements-1-9","protons":"12","neutrons":"12","electrons":"12"}
[2026-09-04T21:08:34.291Z] [generated] atom-8606ff91583c.svg
[2026-09-04T21:08:34.291Z] [request] atom {"type":"atom","name":"chemistry-atoms-and-elements-1-10","protons":"17","neutrons":"18","electrons":"17"}
[2026-09-04T21:08:34.292Z] [generated] atom-89f55a6e39db.svg
[2026-09-04T21:08:34.292Z] [request] atom {"type":"atom","name":"chemistry-atoms-and-elements-1-11","protons":"3","neutrons":"4","electrons":"3"}
[2026-09-04T21:08:34.293Z] [generated] atom-08a40ffb53ef.svg
[2026-09-04T21:08:34.293Z] [request] atom {"type":"atom","name":"chemistry-atoms-and-elements-1-12","protons":"6","neutrons":"6","electrons":"6"}
[2026-09-04T21:08:34.294Z] [generated] atom-d94081786e30.svg
[2026-09-04T21:08:34.294Z] [request] atom {"type":"atom","name":"chemistry-atoms-and-elements-1-13","protons":"8","neutrons":"8","electrons":"8"}
[2026-09-04T21:08:34.295Z] [generated] atom-d41ebd75f3f0.svg
[2026-09-04T21:08:34.295Z] [request] atom {"type":"atom","name":"chemistry-atoms-and-elements-1-14","protons":"11","neutrons":"12","electrons":"11"}
[2026-09-04T21:08:34.296Z] [generated] atom-7cf595a04cb8.svg
[2026-09-04T21:08:51.750Z] Worksheet image server listening at http://127.0.0.1:4317
[2026-09-04T21:09:24.180Z] [request] atom {"type":"atom","name":"chemistry-atoms-and-elements-1-0","protons":"6","neutrons":"6","electrons":"6"}
[2026-09-04T21:09:24.182Z] [generated] atom-5baffc315d7d.svg
[2026-09-04T21:09:24.183Z] [request] atom {"type":"atom","name":"chemistry-atoms-and-elements-1-9","protons":"12","neutrons":"12","electrons":"12"}
[2026-09-04T21:09:24.184Z] [generated] atom-4aa0c47b57bf.svg
[2026-09-04T21:09:24.185Z] [request] atom {"type":"atom","name":"chemistry-atoms-and-elements-1-10","protons":"17","neutrons":"18","electrons":"17"}
[2026-09-04T21:09:24.186Z] [generated] atom-d315d58a7099.svg
[2026-09-04T21:09:24.187Z] [request] atom {"type":"atom","name":"chemistry-atoms-and-elements-1-14","protons":"11","neutrons":"12","electrons":"11"}
[2026-09-04T21:09:24.188Z] [generated] atom-71a0a7bdf527.svg
[2026-09-04T21:09:24.189Z] [request] atom {"type":"atom","name":"chemistry-atoms-and-elements-1-15","protons":"12","neutrons":"12","electrons":"12"}
[2026-09-04T21:09:24.190Z] [generated] atom-a2e1a0314203.svg
[2026-09-04T21:09:24.191Z] [request] atom {"type":"atom","name":"chemistry-atoms-and-elements-1-11","protons":"3","neutrons":"4","electrons":"3"}
[2026-09-04T21:09:24.191Z] [generated] atom-a17cc2033d36.svg
[2026-09-04T21:09:24.192Z] [request] atom {"type":"atom","name":"chemistry-atoms-and-elements-1-12","protons":"6","neutrons":"6","electrons":"6"}
[2026-09-04T21:09:24.193Z] [generated] atom-3eb0d98d5ee2.svg
[2026-09-04T21:09:24.194Z] [request] atom {"type":"atom","name":"chemistry-atoms-and-elements-1-13","protons":"8","neutrons":"8","electrons":"8"}
[2026-09-04T21:09:24.194Z] [generated] atom-5446b53c1f45.svg
[2026-09-04T21:09:24.195Z] [request] atom {"type":"atom","name":"chemistry-atoms-and-elements-1-16","protons":"17","neutrons":"18","electrons":"17"}
[2026-09-04T21:09:24.196Z] [generated] atom-50e99fd95ec3.svg
[2026-09-04T21:09:24.196Z] [request] atom {"type":"atom","name":"chemistry-atoms-and-elements-1-17","protons":"3","neutrons":"4","electrons":"3"}
[2026-09-04T21:09:24.197Z] [generated] atom-184c0962e4bc.svg
[2026-09-04T21:09:24.198Z] [request] atom {"type":"atom","name":"chemistry-atoms-and-elements-1-18","protons":"6","neutrons":"6","electrons":"6"}
[2026-09-04T21:09:24.198Z] [generated] atom-01c84b9d7676.svg
[2026-09-04T21:09:24.199Z] [request] atom {"type":"atom","name":"chemistry-atoms-and-elements-1-19","protons":"8","neutrons":"8","electrons":"8"}
[2026-09-04T21:09:24.200Z] [generated] atom-c19684ef6db7.svg
[2026-09-04T21:09:24.200Z] [request] atom {"type":"atom","name":"chemistry-atoms-and-elements-1-1","protons":"8","neutrons":"8","electrons":"8"}
[2026-09-04T21:09:24.201Z] [generated] atom-1df515d2d41d.svg
[2026-09-04T21:09:24.201Z] [request] atom {"type":"atom","name":"chemistry-atoms-and-elements-1-2","protons":"11","neutrons":"12","electrons":"11"}
[2026-09-04T21:09:24.202Z] [generated] atom-4f44cb76bd71.svg
[2026-09-04T21:09:24.202Z] [request] atom {"type":"atom","name":"chemistry-atoms-and-elements-1-3","protons":"12","neutrons":"12","electrons":"12"}
[2026-09-04T21:09:24.203Z] [generated] atom-fb4a617a06c0.svg
[2026-09-04T21:09:24.204Z] [request] atom {"type":"atom","name":"chemistry-atoms-and-elements-1-4","protons":"17","neutrons":"18","electrons":"17"}
[2026-09-04T21:09:24.204Z] [generated] atom-e60b48482a3a.svg
[2026-09-04T21:09:24.205Z] [request] atom {"type":"atom","name":"chemistry-atoms-and-elements-1-5","protons":"3","neutrons":"4","electrons":"3"}
[2026-09-04T21:09:24.206Z] [generated] atom-4c6a5330ea7d.svg
[2026-09-04T21:09:24.206Z] [request] atom {"type":"atom","name":"chemistry-atoms-and-elements-1-6","protons":"6","neutrons":"6","electrons":"6"}
[2026-09-04T21:09:24.207Z] [generated] atom-fb9809498a3b.svg
[2026-09-04T21:09:24.207Z] [request] atom {"type":"atom","name":"chemistry-atoms-and-elements-1-7","protons":"8","neutrons":"8","electrons":"8"}
[2026-09-04T21:09:24.208Z] [generated] atom-7d3fe65cf553.svg
[2026-09-04T21:09:24.208Z] [request] atom {"type":"atom","name":"chemistry-atoms-and-elements-1-8","protons":"11","neutrons":"12","electrons":"11"}
[2026-09-04T21:09:24.209Z] [generated] atom-fc43e97cbc40.svg
[2026-09-04T21:09:26.347Z] [request] atom {"type":"atom","name":"chemistry-atoms-and-elements-2-0","protons":"8","neutrons":"8","electrons":"8"}
[2026-09-04T21:09:26.348Z] [generated] atom-e78ccdb714d2.svg
[2026-09-04T21:09:26.349Z] [request] atom {"type":"atom","name":"chemistry-atoms-and-elements-2-1","protons":"11","neutrons":"12","electrons":"11"}
[2026-09-04T21:09:26.349Z] [generated] atom-a3aae1f069b7.svg
[2026-09-04T21:09:26.350Z] [request] atom {"type":"atom","name":"chemistry-atoms-and-elements-2-2","protons":"12","neutrons":"12","electrons":"12"}
[2026-09-04T21:09:26.350Z] [generated] atom-98bdf041f658.svg
[2026-09-04T21:09:26.351Z] [request] atom {"type":"atom","name":"chemistry-atoms-and-elements-2-3","protons":"17","neutrons":"18","electrons":"17"}
[2026-09-04T21:09:26.352Z] [generated] atom-bbbf624f12fb.svg
[2026-09-04T21:09:26.352Z] [request] atom {"type":"atom","name":"chemistry-atoms-and-elements-2-4","protons":"3","neutrons":"4","electrons":"3"}
[2026-09-04T21:09:26.353Z] [generated] atom-fd6cd1dcc255.svg
[2026-09-04T21:09:26.353Z] [request] atom {"type":"atom","name":"chemistry-atoms-and-elements-2-5","protons":"6","neutrons":"6","electrons":"6"}
[2026-09-04T21:09:26.354Z] [generated] atom-66bcccd5329d.svg
[2026-09-04T21:09:26.354Z] [request] atom {"type":"atom","name":"chemistry-atoms-and-elements-2-6","protons":"8","neutrons":"8","electrons":"8"}
[2026-09-04T21:09:26.355Z] [generated] atom-5424ca6f497e.svg
[2026-09-04T21:09:26.356Z] [request] atom {"type":"atom","name":"chemistry-atoms-and-elements-2-7","protons":"11","neutrons":"12","electrons":"11"}
[2026-09-04T21:09:26.356Z] [generated] atom-fbccf2d88d64.svg
[2026-09-04T21:09:26.357Z] [request] atom {"type":"atom","name":"chemistry-atoms-and-elements-2-8","protons":"12","neutrons":"12","electrons":"12"}
[2026-09-04T21:09:26.358Z] [generated] atom-aab3638bf1b3.svg
[2026-09-04T21:09:26.358Z] [request] atom {"type":"atom","name":"chemistry-atoms-and-elements-2-9","protons":"17","neutrons":"18","electrons":"17"}
[2026-09-04T21:09:26.359Z] [generated] atom-15c20a79e7a6.svg
[2026-09-04T21:09:26.359Z] [request] atom {"type":"atom","name":"chemistry-atoms-and-elements-2-10","protons":"3","neutrons":"4","electrons":"3"}
[2026-09-04T21:09:26.360Z] [generated] atom-47e285f1f94e.svg
[2026-09-04T21:09:26.360Z] [request] atom {"type":"atom","name":"chemistry-atoms-and-elements-2-11","protons":"6","neutrons":"6","electrons":"6"}
[2026-09-04T21:09:26.361Z] [generated] atom-03598ed13f86.svg
[2026-09-04T21:09:26.361Z] [request] atom {"type":"atom","name":"chemistry-atoms-and-elements-2-12","protons":"8","neutrons":"8","electrons":"8"}
[2026-09-04T21:09:26.362Z] [generated] atom-6ccbaf500a89.svg
[2026-09-04T21:09:26.362Z] [request] atom {"type":"atom","name":"chemistry-atoms-and-elements-2-13","protons":"11","neutrons":"12","electrons":"11"}
[2026-09-04T21:09:26.363Z] [generated] atom-88f90cd6466d.svg
[2026-09-04T21:09:26.364Z] [request] atom {"type":"atom","name":"chemistry-atoms-and-elements-2-14","protons":"12","neutrons":"12","electrons":"12"}
[2026-09-04T21:09:26.364Z] [generated] atom-2d637d768c4c.svg
[2026-09-04T21:09:26.365Z] [request] atom {"type":"atom","name":"chemistry-atoms-and-elements-2-15","protons":"17","neutrons":"18","electrons":"17"}
[2026-09-04T21:09:26.365Z] [generated] atom-5805f78518a8.svg
[2026-09-04T21:09:26.366Z] [request] atom {"type":"atom","name":"chemistry-atoms-and-elements-2-16","protons":"3","neutrons":"4","electrons":"3"}
[2026-09-04T21:09:26.366Z] [generated] atom-a4579905dea3.svg
[2026-09-04T21:09:26.367Z] [request] atom {"type":"atom","name":"chemistry-atoms-and-elements-2-17","protons":"6","neutrons":"6","electrons":"6"}
[2026-09-04T21:09:26.367Z] [generated] atom-3330b3d6e426.svg
[2026-09-04T21:09:26.368Z] [request] atom {"type":"atom","name":"chemistry-atoms-and-elements-2-18","protons":"8","neutrons":"8","electrons":"8"}
[2026-09-04T21:09:26.368Z] [generated] atom-858923129a23.svg
[2026-09-04T21:09:26.369Z] [request] atom {"type":"atom","name":"chemistry-atoms-and-elements-2-19","protons":"11","neutrons":"12","electrons":"11"}
[2026-09-04T21:09:26.369Z] [generated] atom-b52dbb919ea4.svg
[2026-09-04T21:09:26.524Z] [request] atom {"type":"atom","name":"chemistry-atoms-and-elements-3-0","protons":"11","neutrons":"12","electrons":"11"}
[2026-09-04T21:09:26.525Z] [generated] atom-b24dd2cc58f7.svg
[2026-09-04T21:09:26.525Z] [request] atom {"type":"atom","name":"chemistry-atoms-and-elements-3-1","protons":"12","neutrons":"12","electrons":"12"}
[2026-09-04T21:09:26.526Z] [generated] atom-750c0b9e6e5f.svg
[2026-09-04T21:09:26.526Z] [request] atom {"type":"atom","name":"chemistry-atoms-and-elements-3-2","protons":"17","neutrons":"18","electrons":"17"}
[2026-09-04T21:09:26.527Z] [generated] atom-8c627730dd51.svg
[2026-09-04T21:09:26.527Z] [request] atom {"type":"atom","name":"chemistry-atoms-and-elements-3-3","protons":"3","neutrons":"4","electrons":"3"}
[2026-09-04T21:09:26.528Z] [generated] atom-53e7fc1e3f36.svg
[2026-09-04T21:09:26.528Z] [request] atom {"type":"atom","name":"chemistry-atoms-and-elements-3-4","protons":"6","neutrons":"6","electrons":"6"}
[2026-09-04T21:09:26.529Z] [generated] atom-633c02e1fd46.svg
[2026-09-04T21:09:26.529Z] [request] atom {"type":"atom","name":"chemistry-atoms-and-elements-3-5","protons":"8","neutrons":"8","electrons":"8"}
[2026-09-04T21:09:26.530Z] [generated] atom-5f26034f4a33.svg
[2026-09-04T21:09:26.531Z] [request] atom {"type":"atom","name":"chemistry-atoms-and-elements-3-6","protons":"11","neutrons":"12","electrons":"11"}
[2026-09-04T21:09:26.531Z] [generated] atom-91e35b4fe465.svg
[2026-09-04T21:09:26.532Z] [request] atom {"type":"atom","name":"chemistry-atoms-and-elements-3-7","protons":"12","neutrons":"12","electrons":"12"}
[2026-09-04T21:09:26.532Z] [generated] atom-ab4b9edb7790.svg
[2026-09-04T21:09:26.533Z] [request] atom {"type":"atom","name":"chemistry-atoms-and-elements-3-8","protons":"17","neutrons":"18","electrons":"17"}
[2026-09-04T21:09:26.534Z] [generated] atom-02dd80f468cb.svg
[2026-09-04T21:09:26.534Z] [request] atom {"type":"atom","name":"chemistry-atoms-and-elements-3-9","protons":"3","neutrons":"4","electrons":"3"}
[2026-09-04T21:09:26.535Z] [generated] atom-16c89c4aca45.svg
[2026-09-04T21:09:26.535Z] [request] atom {"type":"atom","name":"chemistry-atoms-and-elements-3-10","protons":"6","neutrons":"6","electrons":"6"}
[2026-09-04T21:09:26.536Z] [generated] atom-267456f08ee3.svg
[2026-09-04T21:09:26.536Z] [request] atom {"type":"atom","name":"chemistry-atoms-and-elements-3-11","protons":"8","neutrons":"8","electrons":"8"}
[2026-09-04T21:09:26.537Z] [generated] atom-c3697868d7c7.svg
[2026-09-04T21:09:26.537Z] [request] atom {"type":"atom","name":"chemistry-atoms-and-elements-3-12","protons":"11","neutrons":"12","electrons":"11"}
[2026-09-04T21:09:26.538Z] [generated] atom-2cc76d586544.svg
[2026-09-04T21:09:26.538Z] [request] atom {"type":"atom","name":"chemistry-atoms-and-elements-3-13","protons":"12","neutrons":"12","electrons":"12"}
[2026-09-04T21:09:26.539Z] [generated] atom-10ffb4a3d25f.svg
[2026-09-04T21:09:26.539Z] [request] atom {"type":"atom","name":"chemistry-atoms-and-elements-3-14","protons":"17","neutrons":"18","electrons":"17"}
[2026-09-04T21:09:26.540Z] [generated] atom-823b34a95278.svg
[2026-09-04T21:09:26.541Z] [request] atom {"type":"atom","name":"chemistry-atoms-and-elements-3-15","protons":"3","neutrons":"4","electrons":"3"}
[2026-09-04T21:09:26.541Z] [generated] atom-593a00098429.svg
[2026-09-04T21:09:26.542Z] [request] atom {"type":"atom","name":"chemistry-atoms-and-elements-3-16","protons":"6","neutrons":"6","electrons":"6"}
[2026-09-04T21:09:26.542Z] [generated] atom-c1bb407220d4.svg
[2026-09-04T21:09:26.543Z] [request] atom {"type":"atom","name":"chemistry-atoms-and-elements-3-17","protons":"8","neutrons":"8","electrons":"8"}
[2026-09-04T21:09:26.544Z] [generated] atom-59cd467118f9.svg
[2026-09-04T21:09:26.544Z] [request] atom {"type":"atom","name":"chemistry-atoms-and-elements-3-18","protons":"11","neutrons":"12","electrons":"11"}
[2026-09-04T21:09:26.545Z] [generated] atom-b180358afa20.svg
[2026-09-04T21:09:26.545Z] [request] atom {"type":"atom","name":"chemistry-atoms-and-elements-3-19","protons":"12","neutrons":"12","electrons":"12"}
[2026-09-04T21:09:26.546Z] [generated] atom-6b711cadca1c.svg
[2026-09-04T21:09:26.893Z] [request] atom {"type":"atom","name":"chemistry-atoms-and-elements-4-0","protons":"12","neutrons":"12","electrons":"12"}
[2026-09-04T21:09:26.893Z] [generated] atom-a3e204736d01.svg
[2026-09-04T21:09:26.894Z] [request] atom {"type":"atom","name":"chemistry-atoms-and-elements-4-1","protons":"17","neutrons":"18","electrons":"17"}
[2026-09-04T21:09:26.895Z] [generated] atom-5ef818626309.svg
[2026-09-04T21:09:26.895Z] [request] atom {"type":"atom","name":"chemistry-atoms-and-elements-4-2","protons":"3","neutrons":"4","electrons":"3"}
[2026-09-04T21:09:26.896Z] [generated] atom-d8f46367b186.svg
[2026-09-04T21:09:26.896Z] [request] atom {"type":"atom","name":"chemistry-atoms-and-elements-4-3","protons":"6","neutrons":"6","electrons":"6"}
[2026-09-04T21:09:26.897Z] [generated] atom-684aa4e82953.svg
[2026-09-04T21:09:26.897Z] [request] atom {"type":"atom","name":"chemistry-atoms-and-elements-4-4","protons":"8","neutrons":"8","electrons":"8"}
[2026-09-04T21:09:26.898Z] [generated] atom-29be4dc596e3.svg
[2026-09-04T21:09:26.898Z] [request] atom {"type":"atom","name":"chemistry-atoms-and-elements-4-5","protons":"11","neutrons":"12","electrons":"11"}
[2026-09-04T21:09:26.899Z] [generated] atom-b8a0df6b91ae.svg
[2026-09-04T21:09:26.899Z] [request] atom {"type":"atom","name":"chemistry-atoms-and-elements-4-6","protons":"12","neutrons":"12","electrons":"12"}
[2026-09-04T21:09:26.900Z] [generated] atom-b4fc3355c162.svg
[2026-09-04T21:09:26.900Z] [request] atom {"type":"atom","name":"chemistry-atoms-and-elements-4-7","protons":"17","neutrons":"18","electrons":"17"}
[2026-09-04T21:09:26.901Z] [generated] atom-0295d2125760.svg
[2026-09-04T21:09:26.901Z] [request] atom {"type":"atom","name":"chemistry-atoms-and-elements-4-8","protons":"3","neutrons":"4","electrons":"3"}
[2026-09-04T21:09:26.902Z] [generated] atom-13691c05aade.svg
[2026-09-04T21:09:26.902Z] [request] atom {"type":"atom","name":"chemistry-atoms-and-elements-4-9","protons":"6","neutrons":"6","electrons":"6"}
[2026-09-04T21:09:26.903Z] [generated] atom-c99656e768f4.svg
[2026-09-04T21:09:26.903Z] [request] atom {"type":"atom","name":"chemistry-atoms-and-elements-4-10","protons":"8","neutrons":"8","electrons":"8"}
[2026-09-04T21:09:26.903Z] [generated] atom-796edec49044.svg
[2026-09-04T21:09:26.904Z] [request] atom {"type":"atom","name":"chemistry-atoms-and-elements-4-11","protons":"11","neutrons":"12","electrons":"11"}
[2026-09-04T21:09:26.906Z] [generated] atom-ea01442ccd9b.svg
[2026-09-04T21:09:26.907Z] [request] atom {"type":"atom","name":"chemistry-atoms-and-elements-4-12","protons":"12","neutrons":"12","electrons":"12"}
[2026-09-04T21:09:26.907Z] [generated] atom-1819bfdbcfa4.svg
[2026-09-04T21:09:26.908Z] [request] atom {"type":"atom","name":"chemistry-atoms-and-elements-4-13","protons":"17","neutrons":"18","electrons":"17"}
[2026-09-04T21:09:26.909Z] [generated] atom-9d12ea349c43.svg
[2026-09-04T21:09:26.909Z] [request] atom {"type":"atom","name":"chemistry-atoms-and-elements-4-14","protons":"3","neutrons":"4","electrons":"3"}
[2026-09-04T21:09:26.910Z] [generated] atom-7f972ce4f9e8.svg
[2026-09-04T21:09:26.910Z] [request] atom {"type":"atom","name":"chemistry-atoms-and-elements-4-15","protons":"6","neutrons":"6","electrons":"6"}
[2026-09-04T21:09:26.911Z] [generated] atom-c2a6ff0ed8ab.svg
[2026-09-04T21:09:26.911Z] [request] atom {"type":"atom","name":"chemistry-atoms-and-elements-4-16","protons":"8","neutrons":"8","electrons":"8"}
[2026-09-04T21:09:26.912Z] [generated] atom-527e704b8c41.svg
[2026-09-04T21:09:26.912Z] [request] atom {"type":"atom","name":"chemistry-atoms-and-elements-4-17","protons":"11","neutrons":"12","electrons":"11"}
[2026-09-04T21:09:26.913Z] [generated] atom-8b016d81b3c9.svg
[2026-09-04T21:09:26.913Z] [request] atom {"type":"atom","name":"chemistry-atoms-and-elements-4-18","protons":"12","neutrons":"12","electrons":"12"}
[2026-09-04T21:09:26.914Z] [generated] atom-3b3200ec7f74.svg
[2026-09-04T21:09:26.914Z] [request] atom {"type":"atom","name":"chemistry-atoms-and-elements-4-19","protons":"17","neutrons":"18","electrons":"17"}
[2026-09-04T21:09:26.915Z] [generated] atom-abad2555ef71.svg
[2026-09-04T21:10:36.000Z] Worksheet image server listening at http://127.0.0.1:4317
[2026-09-04T21:10:38.484Z] [request] atom {"type":"atom","name":"chemistry-atoms-and-elements-1-0","protons":"6","neutrons":"6","electrons":"6"}
[2026-09-04T21:10:38.486Z] [generated] atom-3dfec923c73e.svg
[2026-09-04T21:10:38.487Z] [request] atom {"type":"atom","name":"chemistry-atoms-and-elements-1-17","protons":"3","neutrons":"4","electrons":"3"}
[2026-09-04T21:10:38.488Z] [generated] atom-7e7e579476cf.svg
[2026-09-04T21:10:38.489Z] [request] atom {"type":"atom","name":"chemistry-atoms-and-elements-1-12","protons":"6","neutrons":"6","electrons":"6"}
[2026-09-04T21:10:38.490Z] [generated] atom-324acb2aa4e7.svg
[2026-09-04T21:10:38.490Z] [request] atom {"type":"atom","name":"chemistry-atoms-and-elements-1-13","protons":"8","neutrons":"8","electrons":"8"}
[2026-09-04T21:10:38.491Z] [generated] atom-b5c556a3f5cc.svg
[2026-09-04T21:10:38.491Z] [request] atom {"type":"atom","name":"chemistry-atoms-and-elements-1-14","protons":"11","neutrons":"12","electrons":"11"}
[2026-09-04T21:10:38.492Z] [generated] atom-c278406bc779.svg
[2026-09-04T21:10:38.493Z] [request] atom {"type":"atom","name":"chemistry-atoms-and-elements-1-15","protons":"12","neutrons":"12","electrons":"12"}
[2026-09-04T21:10:38.493Z] [generated] atom-22a652e3d0da.svg
[2026-09-04T21:10:38.494Z] [request] atom {"type":"atom","name":"chemistry-atoms-and-elements-1-16","protons":"17","neutrons":"18","electrons":"17"}
[2026-09-04T21:10:38.495Z] [generated] atom-a04009a4815a.svg
[2026-09-04T21:10:38.496Z] [request] atom {"type":"atom","name":"chemistry-atoms-and-elements-1-18","protons":"6","neutrons":"6","electrons":"6"}
[2026-09-04T21:10:38.496Z] [generated] atom-10963db3c2fc.svg
[2026-09-04T21:10:38.497Z] [request] atom {"type":"atom","name":"chemistry-atoms-and-elements-1-19","protons":"8","neutrons":"8","electrons":"8"}
[2026-09-04T21:10:38.497Z] [generated] atom-9714eb8f94af.svg
[2026-09-04T21:10:38.498Z] [request] atom {"type":"atom","name":"chemistry-atoms-and-elements-1-1","protons":"8","neutrons":"8","electrons":"8"}
[2026-09-04T21:10:38.498Z] [generated] atom-b3a0f648b066.svg
[2026-09-04T21:10:38.499Z] [request] atom {"type":"atom","name":"chemistry-atoms-and-elements-1-2","protons":"11","neutrons":"12","electrons":"11"}
[2026-09-04T21:10:38.499Z] [generated] atom-5cda0c7c407e.svg
[2026-09-04T21:10:38.500Z] [request] atom {"type":"atom","name":"chemistry-atoms-and-elements-1-3","protons":"12","neutrons":"12","electrons":"12"}
[2026-09-04T21:10:38.500Z] [generated] atom-dd52c6be5c10.svg
[2026-09-04T21:10:38.501Z] [request] atom {"type":"atom","name":"chemistry-atoms-and-elements-1-4","protons":"17","neutrons":"18","electrons":"17"}
[2026-09-04T21:10:38.502Z] [generated] atom-9cf8ec97793e.svg
[2026-09-04T21:10:38.502Z] [request] atom {"type":"atom","name":"chemistry-atoms-and-elements-1-5","protons":"3","neutrons":"4","electrons":"3"}
[2026-09-04T21:10:38.503Z] [generated] atom-2854b7c11012.svg
[2026-09-04T21:10:38.503Z] [request] atom {"type":"atom","name":"chemistry-atoms-and-elements-1-6","protons":"6","neutrons":"6","electrons":"6"}
[2026-09-04T21:10:38.504Z] [generated] atom-988c1b473597.svg
[2026-09-04T21:10:38.505Z] [request] atom {"type":"atom","name":"chemistry-atoms-and-elements-1-7","protons":"8","neutrons":"8","electrons":"8"}
[2026-09-04T21:10:38.505Z] [generated] atom-1c264e5ba7a4.svg
[2026-09-04T21:10:38.506Z] [request] atom {"type":"atom","name":"chemistry-atoms-and-elements-1-8","protons":"11","neutrons":"12","electrons":"11"}
[2026-09-04T21:10:38.506Z] [generated] atom-990139bc1f3c.svg
[2026-09-04T21:10:38.507Z] [request] atom {"type":"atom","name":"chemistry-atoms-and-elements-1-9","protons":"12","neutrons":"12","electrons":"12"}
[2026-09-04T21:10:38.507Z] [generated] atom-af1f46f8c25d.svg
[2026-09-04T21:10:38.508Z] [request] atom {"type":"atom","name":"chemistry-atoms-and-elements-1-10","protons":"17","neutrons":"18","electrons":"17"}
[2026-09-04T21:10:38.508Z] [generated] atom-88497c57872c.svg
[2026-09-04T21:10:38.509Z] [request] atom {"type":"atom","name":"chemistry-atoms-and-elements-1-11","protons":"3","neutrons":"4","electrons":"3"}
[2026-09-04T21:10:38.509Z] [generated] atom-fa2658f4bd39.svg
[2026-09-04T21:10:39.726Z] [request] atom {"type":"atom","name":"chemistry-atoms-and-elements-2-0","protons":"8","neutrons":"8","electrons":"8"}
[2026-09-04T21:10:39.727Z] [generated] atom-3beb265732fa.svg
[2026-09-04T21:10:39.728Z] [request] atom {"type":"atom","name":"chemistry-atoms-and-elements-2-1","protons":"11","neutrons":"12","electrons":"11"}
[2026-09-04T21:10:39.730Z] [generated] atom-fc194fca1385.svg
[2026-09-04T21:10:39.731Z] [request] atom {"type":"atom","name":"chemistry-atoms-and-elements-2-2","protons":"12","neutrons":"12","electrons":"12"}
[2026-09-04T21:10:39.731Z] [generated] atom-759bbb6d0a65.svg
[2026-09-04T21:10:39.732Z] [request] atom {"type":"atom","name":"chemistry-atoms-and-elements-2-3","protons":"17","neutrons":"18","electrons":"17"}
[2026-09-04T21:10:39.733Z] [generated] atom-1c9a54c6fab0.svg
[2026-09-04T21:10:39.733Z] [request] atom {"type":"atom","name":"chemistry-atoms-and-elements-2-4","protons":"3","neutrons":"4","electrons":"3"}
[2026-09-04T21:10:39.734Z] [generated] atom-896aff0c2963.svg
[2026-09-04T21:10:39.734Z] [request] atom {"type":"atom","name":"chemistry-atoms-and-elements-2-5","protons":"6","neutrons":"6","electrons":"6"}
[2026-09-04T21:10:39.735Z] [generated] atom-d7ea0715ec1f.svg
[2026-09-04T21:10:39.735Z] [request] atom {"type":"atom","name":"chemistry-atoms-and-elements-2-6","protons":"8","neutrons":"8","electrons":"8"}
[2026-09-04T21:10:39.736Z] [generated] atom-d0bb41c6d1e5.svg
[2026-09-04T21:10:39.736Z] [request] atom {"type":"atom","name":"chemistry-atoms-and-elements-2-7","protons":"11","neutrons":"12","electrons":"11"}
[2026-09-04T21:10:39.737Z] [generated] atom-385963e9df8b.svg
[2026-09-04T21:10:39.737Z] [request] atom {"type":"atom","name":"chemistry-atoms-and-elements-2-8","protons":"12","neutrons":"12","electrons":"12"}
[2026-09-04T21:10:39.738Z] [generated] atom-504aa31b1372.svg
[2026-09-04T21:10:39.739Z] [request] atom {"type":"atom","name":"chemistry-atoms-and-elements-2-9","protons":"17","neutrons":"18","electrons":"17"}
[2026-09-04T21:10:39.739Z] [generated] atom-3660e2209206.svg
[2026-09-04T21:10:39.740Z] [request] atom {"type":"atom","name":"chemistry-atoms-and-elements-2-10","protons":"3","neutrons":"4","electrons":"3"}
[2026-09-04T21:10:39.740Z] [generated] atom-5bfa0c4a880c.svg
[2026-09-04T21:10:39.741Z] [request] atom {"type":"atom","name":"chemistry-atoms-and-elements-2-11","protons":"6","neutrons":"6","electrons":"6"}
[2026-09-04T21:10:39.741Z] [generated] atom-d18a4d46831e.svg
[2026-09-04T21:10:39.742Z] [request] atom {"type":"atom","name":"chemistry-atoms-and-elements-2-12","protons":"8","neutrons":"8","electrons":"8"}
[2026-09-04T21:10:39.743Z] [generated] atom-daf3d9f8bad1.svg
[2026-09-04T21:10:39.743Z] [request] atom {"type":"atom","name":"chemistry-atoms-and-elements-2-13","protons":"11","neutrons":"12","electrons":"11"}
[2026-09-04T21:10:39.744Z] [generated] atom-720d27cd6df0.svg
[2026-09-04T21:10:39.744Z] [request] atom {"type":"atom","name":"chemistry-atoms-and-elements-2-14","protons":"12","neutrons":"12","electrons":"12"}
[2026-09-04T21:10:39.745Z] [generated] atom-6b8d5ebe9270.svg
[2026-09-04T21:10:39.746Z] [request] atom {"type":"atom","name":"chemistry-atoms-and-elements-2-15","protons":"17","neutrons":"18","electrons":"17"}
[2026-09-04T21:10:39.746Z] [generated] atom-c2062b3aa58f.svg
[2026-09-04T21:10:39.747Z] [request] atom {"type":"atom","name":"chemistry-atoms-and-elements-2-16","protons":"3","neutrons":"4","electrons":"3"}
[2026-09-04T21:10:39.747Z] [generated] atom-14443d25fd36.svg
[2026-09-04T21:10:39.748Z] [request] atom {"type":"atom","name":"chemistry-atoms-and-elements-2-17","protons":"6","neutrons":"6","electrons":"6"}
[2026-09-04T21:10:39.749Z] [generated] atom-a02dd49774e8.svg
[2026-09-04T21:10:39.749Z] [request] atom {"type":"atom","name":"chemistry-atoms-and-elements-2-18","protons":"8","neutrons":"8","electrons":"8"}
[2026-09-04T21:10:39.750Z] [generated] atom-778a5648019c.svg
[2026-09-04T21:10:39.750Z] [request] atom {"type":"atom","name":"chemistry-atoms-and-elements-2-19","protons":"11","neutrons":"12","electrons":"11"}
[2026-09-04T21:10:39.751Z] [generated] atom-ecb1dfe80042.svg
[2026-09-04T21:10:40.131Z] [request] atom {"type":"atom","name":"chemistry-atoms-and-elements-3-0","protons":"11","neutrons":"12","electrons":"11"}
[2026-09-04T21:10:40.132Z] [generated] atom-ee1a49103554.svg
[2026-09-04T21:10:40.133Z] [request] atom {"type":"atom","name":"chemistry-atoms-and-elements-3-1","protons":"12","neutrons":"12","electrons":"12"}
[2026-09-04T21:10:40.134Z] [generated] atom-2c67fed4a195.svg
[2026-09-04T21:10:40.134Z] [request] atom {"type":"atom","name":"chemistry-atoms-and-elements-3-2","protons":"17","neutrons":"18","electrons":"17"}
[2026-09-04T21:10:40.135Z] [generated] atom-5a726a107f60.svg
[2026-09-04T21:10:40.135Z] [request] atom {"type":"atom","name":"chemistry-atoms-and-elements-3-3","protons":"3","neutrons":"4","electrons":"3"}
[2026-09-04T21:10:40.136Z] [generated] atom-19b5dc7e49e7.svg
[2026-09-04T21:10:40.136Z] [request] atom {"type":"atom","name":"chemistry-atoms-and-elements-3-4","protons":"6","neutrons":"6","electrons":"6"}
[2026-09-04T21:10:40.137Z] [generated] atom-14906767fb67.svg
[2026-09-04T21:10:40.137Z] [request] atom {"type":"atom","name":"chemistry-atoms-and-elements-3-5","protons":"8","neutrons":"8","electrons":"8"}
[2026-09-04T21:10:40.138Z] [generated] atom-d477d7b87f35.svg
[2026-09-04T21:10:40.139Z] [request] atom {"type":"atom","name":"chemistry-atoms-and-elements-3-6","protons":"11","neutrons":"12","electrons":"11"}
[2026-09-04T21:10:40.139Z] [generated] atom-c3209d3357f6.svg
[2026-09-04T21:10:40.140Z] [request] atom {"type":"atom","name":"chemistry-atoms-and-elements-3-7","protons":"12","neutrons":"12","electrons":"12"}
[2026-09-04T21:10:40.141Z] [generated] atom-78683da5081e.svg
[2026-09-04T21:10:40.141Z] [request] atom {"type":"atom","name":"chemistry-atoms-and-elements-3-8","protons":"17","neutrons":"18","electrons":"17"}
[2026-09-04T21:10:40.142Z] [generated] atom-15e82ee3bd13.svg
[2026-09-04T21:10:40.143Z] [request] atom {"type":"atom","name":"chemistry-atoms-and-elements-3-9","protons":"3","neutrons":"4","electrons":"3"}
[2026-09-04T21:10:40.143Z] [generated] atom-12c77976449f.svg
[2026-09-04T21:10:40.144Z] [request] atom {"type":"atom","name":"chemistry-atoms-and-elements-3-10","protons":"6","neutrons":"6","electrons":"6"}
[2026-09-04T21:10:40.144Z] [generated] atom-f68e2fa635d5.svg
[2026-09-04T21:10:40.145Z] [request] atom {"type":"atom","name":"chemistry-atoms-and-elements-3-11","protons":"8","neutrons":"8","electrons":"8"}
[2026-09-04T21:10:40.146Z] [generated] atom-ed9d6a93056b.svg
[2026-09-04T21:10:40.146Z] [request] atom {"type":"atom","name":"chemistry-atoms-and-elements-3-12","protons":"11","neutrons":"12","electrons":"11"}
[2026-09-04T21:10:40.147Z] [generated] atom-995a8ccea8c1.svg
[2026-09-04T21:10:40.148Z] [request] atom {"type":"atom","name":"chemistry-atoms-and-elements-3-13","protons":"12","neutrons":"12","electrons":"12"}
[2026-09-04T21:10:40.148Z] [generated] atom-ea5e7280e196.svg
[2026-09-04T21:10:40.149Z] [request] atom {"type":"atom","name":"chemistry-atoms-and-elements-3-14","protons":"17","neutrons":"18","electrons":"17"}
[2026-09-04T21:10:40.149Z] [generated] atom-2d2d193960ed.svg
[2026-09-04T21:10:40.150Z] [request] atom {"type":"atom","name":"chemistry-atoms-and-elements-3-15","protons":"3","neutrons":"4","electrons":"3"}
[2026-09-04T21:10:40.150Z] [generated] atom-8d62bf599b79.svg
[2026-09-04T21:10:40.151Z] [request] atom {"type":"atom","name":"chemistry-atoms-and-elements-3-16","protons":"6","neutrons":"6","electrons":"6"}
[2026-09-04T21:10:40.151Z] [generated] atom-f1945b2ce22a.svg
[2026-09-04T21:10:40.152Z] [request] atom {"type":"atom","name":"chemistry-atoms-and-elements-3-17","protons":"8","neutrons":"8","electrons":"8"}
[2026-09-04T21:10:40.152Z] [generated] atom-ea29f690ad37.svg
[2026-09-04T21:10:40.153Z] [request] atom {"type":"atom","name":"chemistry-atoms-and-elements-3-18","protons":"11","neutrons":"12","electrons":"11"}
[2026-09-04T21:10:40.153Z] [generated] atom-36bf67173624.svg
[2026-09-04T21:10:40.154Z] [request] atom {"type":"atom","name":"chemistry-atoms-and-elements-3-19","protons":"12","neutrons":"12","electrons":"12"}
[2026-09-04T21:10:40.155Z] [generated] atom-faecbf5d47ae.svg
[2026-09-04T21:10:41.173Z] [request] atom {"type":"atom","name":"chemistry-atoms-and-elements-4-0","protons":"12","neutrons":"12","electrons":"12"}
[2026-09-04T21:10:41.175Z] [generated] atom-412e8672c203.svg
[2026-09-04T21:10:41.175Z] [request] atom {"type":"atom","name":"chemistry-atoms-and-elements-4-1","protons":"17","neutrons":"18","electrons":"17"}
[2026-09-04T21:10:41.176Z] [generated] atom-28a39c72a379.svg
[2026-09-04T21:10:41.177Z] [request] atom {"type":"atom","name":"chemistry-atoms-and-elements-4-2","protons":"3","neutrons":"4","electrons":"3"}
[2026-09-04T21:10:41.177Z] [generated] atom-0cc76b240572.svg
[2026-09-04T21:10:41.178Z] [request] atom {"type":"atom","name":"chemistry-atoms-and-elements-4-3","protons":"6","neutrons":"6","electrons":"6"}
[2026-09-04T21:10:41.179Z] [generated] atom-c6be5d408624.svg
[2026-09-04T21:10:41.180Z] [request] atom {"type":"atom","name":"chemistry-atoms-and-elements-4-4","protons":"8","neutrons":"8","electrons":"8"}
[2026-09-04T21:10:41.181Z] [generated] atom-a66e6254c11a.svg
[2026-09-04T21:10:41.181Z] [request] atom {"type":"atom","name":"chemistry-atoms-and-elements-4-5","protons":"11","neutrons":"12","electrons":"11"}
[2026-09-04T21:10:41.182Z] [generated] atom-df8b71b9ce6e.svg
[2026-09-04T21:10:41.183Z] [request] atom {"type":"atom","name":"chemistry-atoms-and-elements-4-6","protons":"12","neutrons":"12","electrons":"12"}
[2026-09-04T21:10:41.183Z] [generated] atom-146867ed6f4c.svg
[2026-09-04T21:10:41.184Z] [request] atom {"type":"atom","name":"chemistry-atoms-and-elements-4-7","protons":"17","neutrons":"18","electrons":"17"}
[2026-09-04T21:10:41.185Z] [generated] atom-d41ea637c523.svg
[2026-09-04T21:10:41.186Z] [request] atom {"type":"atom","name":"chemistry-atoms-and-elements-4-8","protons":"3","neutrons":"4","electrons":"3"}
[2026-09-04T21:10:41.186Z] [generated] atom-498e842334fb.svg
[2026-09-04T21:10:41.187Z] [request] atom {"type":"atom","name":"chemistry-atoms-and-elements-4-9","protons":"6","neutrons":"6","electrons":"6"}
[2026-09-04T21:10:41.188Z] [generated] atom-8cea40e7f685.svg
[2026-09-04T21:10:41.188Z] [request] atom {"type":"atom","name":"chemistry-atoms-and-elements-4-10","protons":"8","neutrons":"8","electrons":"8"}
[2026-09-04T21:10:41.189Z] [generated] atom-c0ab662dd680.svg
[2026-09-04T21:10:41.189Z] [request] atom {"type":"atom","name":"chemistry-atoms-and-elements-4-11","protons":"11","neutrons":"12","electrons":"11"}
[2026-09-04T21:10:41.190Z] [generated] atom-4aab1e968f01.svg
[2026-09-04T21:10:41.190Z] [request] atom {"type":"atom","name":"chemistry-atoms-and-elements-4-12","protons":"12","neutrons":"12","electrons":"12"}
[2026-09-04T21:10:41.191Z] [generated] atom-de1fc6734a3d.svg
[2026-09-04T21:10:41.192Z] [request] atom {"type":"atom","name":"chemistry-atoms-and-elements-4-13","protons":"17","neutrons":"18","electrons":"17"}
[2026-09-04T21:10:41.192Z] [generated] atom-955f79924476.svg
[2026-09-04T21:10:41.193Z] [request] atom {"type":"atom","name":"chemistry-atoms-and-elements-4-14","protons":"3","neutrons":"4","electrons":"3"}
[2026-09-04T21:10:41.194Z] [generated] atom-58833a594681.svg
[2026-09-04T21:10:41.194Z] [request] atom {"type":"atom","name":"chemistry-atoms-and-elements-4-15","protons":"6","neutrons":"6","electrons":"6"}
[2026-09-04T21:10:41.195Z] [generated] atom-f46d60633826.svg
[2026-09-04T21:10:41.196Z] [request] atom {"type":"atom","name":"chemistry-atoms-and-elements-4-16","protons":"8","neutrons":"8","electrons":"8"}
[2026-09-04T21:10:41.196Z] [generated] atom-f1c4f5814fb5.svg
[2026-09-04T21:10:41.197Z] [request] atom {"type":"atom","name":"chemistry-atoms-and-elements-4-17","protons":"11","neutrons":"12","electrons":"11"}
[2026-09-04T21:10:41.198Z] [generated] atom-4dfd65619792.svg
[2026-09-04T21:10:41.198Z] [request] atom {"type":"atom","name":"chemistry-atoms-and-elements-4-18","protons":"12","neutrons":"12","electrons":"12"}
[2026-09-04T21:10:41.199Z] [generated] atom-741dcd250872.svg
[2026-09-04T21:10:41.199Z] [request] atom {"type":"atom","name":"chemistry-atoms-and-elements-4-19","protons":"17","neutrons":"18","electrons":"17"}
[2026-09-04T21:10:41.200Z] [generated] atom-5e7072fdb3f8.svg
[2026-09-04T21:10:41.849Z] [request] atom {"type":"atom","name":"chemistry-atoms-and-elements-5-0","protons":"17","neutrons":"18","electrons":"17"}
[2026-09-04T21:10:41.850Z] [generated] atom-ce00e3ae330a.svg
[2026-09-04T21:10:41.851Z] [request] atom {"type":"atom","name":"chemistry-atoms-and-elements-5-1","protons":"3","neutrons":"4","electrons":"3"}
[2026-09-04T21:10:41.852Z] [generated] atom-955fe1115326.svg
[2026-09-04T21:10:41.852Z] [request] atom {"type":"atom","name":"chemistry-atoms-and-elements-5-2","protons":"6","neutrons":"6","electrons":"6"}
[2026-09-04T21:10:41.853Z] [generated] atom-746716936e08.svg
[2026-09-04T21:10:41.853Z] [request] atom {"type":"atom","name":"chemistry-atoms-and-elements-5-3","protons":"8","neutrons":"8","electrons":"8"}
[2026-09-04T21:10:41.854Z] [generated] atom-dc8980855909.svg
[2026-09-04T21:10:41.854Z] [request] atom {"type":"atom","name":"chemistry-atoms-and-elements-5-4","protons":"11","neutrons":"12","electrons":"11"}
[2026-09-04T21:10:41.855Z] [generated] atom-69b30d82ff93.svg
[2026-09-04T21:10:41.855Z] [request] atom {"type":"atom","name":"chemistry-atoms-and-elements-5-5","protons":"12","neutrons":"12","electrons":"12"}
[2026-09-04T21:10:41.856Z] [generated] atom-a5eb0608570e.svg
[2026-09-04T21:10:41.857Z] [request] atom {"type":"atom","name":"chemistry-atoms-and-elements-5-6","protons":"17","neutrons":"18","electrons":"17"}
[2026-09-04T21:10:41.857Z] [generated] atom-cf3313aeb67c.svg
[2026-09-04T21:10:41.858Z] [request] atom {"type":"atom","name":"chemistry-atoms-and-elements-5-7","protons":"3","neutrons":"4","electrons":"3"}
[2026-09-04T21:10:41.859Z] [generated] atom-d797df9a7a1a.svg
[2026-09-04T21:10:41.859Z] [request] atom {"type":"atom","name":"chemistry-atoms-and-elements-5-8","protons":"6","neutrons":"6","electrons":"6"}
[2026-09-04T21:10:41.860Z] [generated] atom-c910fbc72462.svg
[2026-09-04T21:10:41.860Z] [request] atom {"type":"atom","name":"chemistry-atoms-and-elements-5-9","protons":"8","neutrons":"8","electrons":"8"}
[2026-09-04T21:10:41.861Z] [generated] atom-fda8b6d85a8c.svg
[2026-09-04T21:10:41.861Z] [request] atom {"type":"atom","name":"chemistry-atoms-and-elements-5-10","protons":"11","neutrons":"12","electrons":"11"}
[2026-09-04T21:10:41.862Z] [generated] atom-7827a19a810c.svg
[2026-09-04T21:10:41.862Z] [request] atom {"type":"atom","name":"chemistry-atoms-and-elements-5-11","protons":"12","neutrons":"12","electrons":"12"}
[2026-09-04T21:10:41.863Z] [generated] atom-533f021d9ddd.svg
[2026-09-04T21:10:41.863Z] [request] atom {"type":"atom","name":"chemistry-atoms-and-elements-5-12","protons":"17","neutrons":"18","electrons":"17"}
[2026-09-04T21:10:41.864Z] [generated] atom-b66a466a8462.svg
[2026-09-04T21:10:41.864Z] [request] atom {"type":"atom","name":"chemistry-atoms-and-elements-5-13","protons":"3","neutrons":"4","electrons":"3"}
[2026-09-04T21:10:41.865Z] [generated] atom-03f42b37386a.svg
[2026-09-04T21:10:41.865Z] [request] atom {"type":"atom","name":"chemistry-atoms-and-elements-5-14","protons":"6","neutrons":"6","electrons":"6"}
[2026-09-04T21:10:41.866Z] [generated] atom-c972966f830f.svg
[2026-09-04T21:10:41.866Z] [request] atom {"type":"atom","name":"chemistry-atoms-and-elements-5-15","protons":"8","neutrons":"8","electrons":"8"}
[2026-09-04T21:10:41.867Z] [generated] atom-e7819aa12666.svg
[2026-09-04T21:10:41.867Z] [request] atom {"type":"atom","name":"chemistry-atoms-and-elements-5-16","protons":"11","neutrons":"12","electrons":"11"}
[2026-09-04T21:10:41.868Z] [generated] atom-04c5bdd3e008.svg
[2026-09-04T21:10:41.868Z] [request] atom {"type":"atom","name":"chemistry-atoms-and-elements-5-17","protons":"12","neutrons":"12","electrons":"12"}
[2026-09-04T21:10:41.869Z] [generated] atom-66f52343da18.svg
[2026-09-04T21:10:41.869Z] [request] atom {"type":"atom","name":"chemistry-atoms-and-elements-5-18","protons":"17","neutrons":"18","electrons":"17"}
[2026-09-04T21:10:41.870Z] [generated] atom-8ad1381caefa.svg
[2026-09-04T21:10:41.870Z] [request] atom {"type":"atom","name":"chemistry-atoms-and-elements-5-19","protons":"3","neutrons":"4","electrons":"3"}
[2026-09-04T21:10:41.871Z] [generated] atom-32c707602106.svg
[2026-09-04T21:11:47.929Z] [request] atom {"type":"atom","name":"chemistry-atoms-and-elements-1-0","protons":"6","neutrons":"6","electrons":"6"}
[2026-09-04T21:11:47.930Z] [generated] atom-3dfec923c73e.svg
[2026-09-04T21:11:47.931Z] [request] atom {"type":"atom","name":"chemistry-atoms-and-elements-1-10","protons":"17","neutrons":"18","electrons":"17"}
[2026-09-04T21:11:47.931Z] [generated] atom-88497c57872c.svg
[2026-09-04T21:11:47.932Z] [request] atom {"type":"atom","name":"chemistry-atoms-and-elements-1-11","protons":"3","neutrons":"4","electrons":"3"}
[2026-09-04T21:11:47.932Z] [generated] atom-fa2658f4bd39.svg
[2026-09-04T21:11:47.933Z] [request] atom {"type":"atom","name":"chemistry-atoms-and-elements-1-12","protons":"6","neutrons":"6","electrons":"6"}
[2026-09-04T21:11:47.934Z] [generated] atom-324acb2aa4e7.svg
[2026-09-04T21:11:47.934Z] [request] atom {"type":"atom","name":"chemistry-atoms-and-elements-1-13","protons":"8","neutrons":"8","electrons":"8"}
[2026-09-04T21:11:47.935Z] [generated] atom-b5c556a3f5cc.svg
[2026-09-04T21:11:47.935Z] [request] atom {"type":"atom","name":"chemistry-atoms-and-elements-1-14","protons":"11","neutrons":"12","electrons":"11"}
[2026-09-04T21:11:47.936Z] [generated] atom-c278406bc779.svg
[2026-09-04T21:11:47.936Z] [request] atom {"type":"atom","name":"chemistry-atoms-and-elements-1-15","protons":"12","neutrons":"12","electrons":"12"}
[2026-09-04T21:11:47.937Z] [generated] atom-22a652e3d0da.svg
[2026-09-04T21:11:47.937Z] [request] atom {"type":"atom","name":"chemistry-atoms-and-elements-1-16","protons":"17","neutrons":"18","electrons":"17"}
[2026-09-04T21:11:47.938Z] [generated] atom-a04009a4815a.svg
[2026-09-04T21:11:47.938Z] [request] atom {"type":"atom","name":"chemistry-atoms-and-elements-1-17","protons":"3","neutrons":"4","electrons":"3"}
[2026-09-04T21:11:47.939Z] [generated] atom-7e7e579476cf.svg
[2026-09-04T21:11:47.939Z] [request] atom {"type":"atom","name":"chemistry-atoms-and-elements-1-18","protons":"6","neutrons":"6","electrons":"6"}
[2026-09-04T21:11:47.940Z] [generated] atom-10963db3c2fc.svg
[2026-09-04T21:11:47.940Z] [request] atom {"type":"atom","name":"chemistry-atoms-and-elements-1-19","protons":"8","neutrons":"8","electrons":"8"}
[2026-09-04T21:11:47.940Z] [generated] atom-9714eb8f94af.svg
[2026-09-04T21:11:47.941Z] [request] atom {"type":"atom","name":"chemistry-atoms-and-elements-1-1","protons":"8","neutrons":"8","electrons":"8"}
[2026-09-04T21:11:47.941Z] [generated] atom-b3a0f648b066.svg
[2026-09-04T21:11:47.942Z] [request] atom {"type":"atom","name":"chemistry-atoms-and-elements-1-2","protons":"11","neutrons":"12","electrons":"11"}
[2026-09-04T21:11:47.942Z] [generated] atom-5cda0c7c407e.svg
[2026-09-04T21:11:47.943Z] [request] atom {"type":"atom","name":"chemistry-atoms-and-elements-1-3","protons":"12","neutrons":"12","electrons":"12"}
[2026-09-04T21:11:47.943Z] [generated] atom-dd52c6be5c10.svg
[2026-09-04T21:11:47.944Z] [request] atom {"type":"atom","name":"chemistry-atoms-and-elements-1-4","protons":"17","neutrons":"18","electrons":"17"}
[2026-09-04T21:11:47.944Z] [generated] atom-9cf8ec97793e.svg
[2026-09-04T21:11:47.945Z] [request] atom {"type":"atom","name":"chemistry-atoms-and-elements-1-5","protons":"3","neutrons":"4","electrons":"3"}
[2026-09-04T21:11:47.945Z] [generated] atom-2854b7c11012.svg
[2026-09-04T21:11:47.946Z] [request] atom {"type":"atom","name":"chemistry-atoms-and-elements-1-6","protons":"6","neutrons":"6","electrons":"6"}
[2026-09-04T21:11:47.946Z] [generated] atom-988c1b473597.svg
[2026-09-04T21:11:47.947Z] [request] atom {"type":"atom","name":"chemistry-atoms-and-elements-1-7","protons":"8","neutrons":"8","electrons":"8"}
[2026-09-04T21:11:47.947Z] [generated] atom-1c264e5ba7a4.svg
[2026-09-04T21:11:47.948Z] [request] atom {"type":"atom","name":"chemistry-atoms-and-elements-1-8","protons":"11","neutrons":"12","electrons":"11"}
[2026-09-04T21:11:47.948Z] [generated] atom-990139bc1f3c.svg
[2026-09-04T21:11:47.948Z] [request] atom {"type":"atom","name":"chemistry-atoms-and-elements-1-9","protons":"12","neutrons":"12","electrons":"12"}
[2026-09-04T21:11:47.949Z] [generated] atom-af1f46f8c25d.svg
[2026-09-04T21:11:49.036Z] [request] atom {"type":"atom","name":"chemistry-atoms-and-elements-2-0","protons":"8","neutrons":"8","electrons":"8"}
[2026-09-04T21:11:49.037Z] [generated] atom-3beb265732fa.svg
[2026-09-04T21:11:49.038Z] [request] atom {"type":"atom","name":"chemistry-atoms-and-elements-2-1","protons":"11","neutrons":"12","electrons":"11"}
[2026-09-04T21:11:49.039Z] [generated] atom-fc194fca1385.svg
[2026-09-04T21:11:49.039Z] [request] atom {"type":"atom","name":"chemistry-atoms-and-elements-2-2","protons":"12","neutrons":"12","electrons":"12"}
[2026-09-04T21:11:49.040Z] [generated] atom-759bbb6d0a65.svg
[2026-09-04T21:11:49.040Z] [request] atom {"type":"atom","name":"chemistry-atoms-and-elements-2-3","protons":"17","neutrons":"18","electrons":"17"}
[2026-09-04T21:11:49.041Z] [generated] atom-1c9a54c6fab0.svg
[2026-09-04T21:11:49.041Z] [request] atom {"type":"atom","name":"chemistry-atoms-and-elements-2-4","protons":"3","neutrons":"4","electrons":"3"}
[2026-09-04T21:11:49.042Z] [generated] atom-896aff0c2963.svg
[2026-09-04T21:11:49.042Z] [request] atom {"type":"atom","name":"chemistry-atoms-and-elements-2-5","protons":"6","neutrons":"6","electrons":"6"}
[2026-09-04T21:11:49.043Z] [generated] atom-d7ea0715ec1f.svg
[2026-09-04T21:11:49.043Z] [request] atom {"type":"atom","name":"chemistry-atoms-and-elements-2-6","protons":"8","neutrons":"8","electrons":"8"}
[2026-09-04T21:11:49.044Z] [generated] atom-d0bb41c6d1e5.svg
[2026-09-04T21:11:49.044Z] [request] atom {"type":"atom","name":"chemistry-atoms-and-elements-2-7","protons":"11","neutrons":"12","electrons":"11"}
[2026-09-04T21:11:49.045Z] [generated] atom-385963e9df8b.svg
[2026-09-04T21:11:49.045Z] [request] atom {"type":"atom","name":"chemistry-atoms-and-elements-2-8","protons":"12","neutrons":"12","electrons":"12"}
[2026-09-04T21:11:49.046Z] [generated] atom-504aa31b1372.svg
[2026-09-04T21:11:49.046Z] [request] atom {"type":"atom","name":"chemistry-atoms-and-elements-2-9","protons":"17","neutrons":"18","electrons":"17"}
[2026-09-04T21:11:49.047Z] [generated] atom-3660e2209206.svg
[2026-09-04T21:11:49.047Z] [request] atom {"type":"atom","name":"chemistry-atoms-and-elements-2-10","protons":"3","neutrons":"4","electrons":"3"}
[2026-09-04T21:11:49.048Z] [generated] atom-5bfa0c4a880c.svg
[2026-09-04T21:11:49.048Z] [request] atom {"type":"atom","name":"chemistry-atoms-and-elements-2-11","protons":"6","neutrons":"6","electrons":"6"}
[2026-09-04T21:11:49.049Z] [generated] atom-d18a4d46831e.svg
[2026-09-04T21:11:49.049Z] [request] atom {"type":"atom","name":"chemistry-atoms-and-elements-2-12","protons":"8","neutrons":"8","electrons":"8"}
[2026-09-04T21:11:49.050Z] [generated] atom-daf3d9f8bad1.svg
[2026-09-04T21:11:49.050Z] [request] atom {"type":"atom","name":"chemistry-atoms-and-elements-2-13","protons":"11","neutrons":"12","electrons":"11"}
[2026-09-04T21:11:49.051Z] [generated] atom-720d27cd6df0.svg
[2026-09-04T21:11:49.051Z] [request] atom {"type":"atom","name":"chemistry-atoms-and-elements-2-14","protons":"12","neutrons":"12","electrons":"12"}
[2026-09-04T21:11:49.052Z] [generated] atom-6b8d5ebe9270.svg
[2026-09-04T21:11:49.052Z] [request] atom {"type":"atom","name":"chemistry-atoms-and-elements-2-15","protons":"17","neutrons":"18","electrons":"17"}
[2026-09-04T21:11:49.053Z] [generated] atom-c2062b3aa58f.svg
[2026-09-04T21:11:49.053Z] [request] atom {"type":"atom","name":"chemistry-atoms-and-elements-2-16","protons":"3","neutrons":"4","electrons":"3"}
[2026-09-04T21:11:49.054Z] [generated] atom-14443d25fd36.svg
[2026-09-04T21:11:49.054Z] [request] atom {"type":"atom","name":"chemistry-atoms-and-elements-2-17","protons":"6","neutrons":"6","electrons":"6"}
[2026-09-04T21:11:49.055Z] [generated] atom-a02dd49774e8.svg
[2026-09-04T21:11:49.055Z] [request] atom {"type":"atom","name":"chemistry-atoms-and-elements-2-18","protons":"8","neutrons":"8","electrons":"8"}
[2026-09-04T21:11:49.056Z] [generated] atom-778a5648019c.svg
[2026-09-04T21:11:49.056Z] [request] atom {"type":"atom","name":"chemistry-atoms-and-elements-2-19","protons":"11","neutrons":"12","electrons":"11"}
[2026-09-04T21:11:49.057Z] [generated] atom-ecb1dfe80042.svg
[2026-09-04T21:11:49.224Z] [request] atom {"type":"atom","name":"chemistry-atoms-and-elements-3-0","protons":"11","neutrons":"12","electrons":"11"}
[2026-09-04T21:11:49.225Z] [generated] atom-ee1a49103554.svg
[2026-09-04T21:11:49.226Z] [request] atom {"type":"atom","name":"chemistry-atoms-and-elements-3-1","protons":"12","neutrons":"12","electrons":"12"}
[2026-09-04T21:11:49.226Z] [generated] atom-2c67fed4a195.svg
[2026-09-04T21:11:49.227Z] [request] atom {"type":"atom","name":"chemistry-atoms-and-elements-3-2","protons":"17","neutrons":"18","electrons":"17"}
[2026-09-04T21:11:49.227Z] [generated] atom-5a726a107f60.svg
[2026-09-04T21:11:49.228Z] [request] atom {"type":"atom","name":"chemistry-atoms-and-elements-3-3","protons":"3","neutrons":"4","electrons":"3"}
[2026-09-04T21:11:49.228Z] [generated] atom-19b5dc7e49e7.svg
[2026-09-04T21:11:49.229Z] [request] atom {"type":"atom","name":"chemistry-atoms-and-elements-3-4","protons":"6","neutrons":"6","electrons":"6"}
[2026-09-04T21:11:49.229Z] [generated] atom-14906767fb67.svg
[2026-09-04T21:11:49.229Z] [request] atom {"type":"atom","name":"chemistry-atoms-and-elements-3-5","protons":"8","neutrons":"8","electrons":"8"}
[2026-09-04T21:11:49.230Z] [generated] atom-d477d7b87f35.svg
[2026-09-04T21:11:49.231Z] [request] atom {"type":"atom","name":"chemistry-atoms-and-elements-3-6","protons":"11","neutrons":"12","electrons":"11"}
[2026-09-04T21:11:49.231Z] [generated] atom-c3209d3357f6.svg
[2026-09-04T21:11:49.232Z] [request] atom {"type":"atom","name":"chemistry-atoms-and-elements-3-7","protons":"12","neutrons":"12","electrons":"12"}
[2026-09-04T21:11:49.232Z] [generated] atom-78683da5081e.svg
[2026-09-04T21:11:49.232Z] [request] atom {"type":"atom","name":"chemistry-atoms-and-elements-3-8","protons":"17","neutrons":"18","electrons":"17"}
[2026-09-04T21:11:49.233Z] [generated] atom-15e82ee3bd13.svg
[2026-09-04T21:11:49.233Z] [request] atom {"type":"atom","name":"chemistry-atoms-and-elements-3-9","protons":"3","neutrons":"4","electrons":"3"}
[2026-09-04T21:11:49.234Z] [generated] atom-12c77976449f.svg
[2026-09-04T21:11:49.234Z] [request] atom {"type":"atom","name":"chemistry-atoms-and-elements-3-10","protons":"6","neutrons":"6","electrons":"6"}
[2026-09-04T21:11:49.235Z] [generated] atom-f68e2fa635d5.svg
[2026-09-04T21:11:49.235Z] [request] atom {"type":"atom","name":"chemistry-atoms-and-elements-3-11","protons":"8","neutrons":"8","electrons":"8"}
[2026-09-04T21:11:49.235Z] [generated] atom-ed9d6a93056b.svg
[2026-09-04T21:11:49.236Z] [request] atom {"type":"atom","name":"chemistry-atoms-and-elements-3-12","protons":"11","neutrons":"12","electrons":"11"}
[2026-09-04T21:11:49.236Z] [generated] atom-995a8ccea8c1.svg
[2026-09-04T21:11:49.237Z] [request] atom {"type":"atom","name":"chemistry-atoms-and-elements-3-13","protons":"12","neutrons":"12","electrons":"12"}
[2026-09-04T21:11:49.237Z] [generated] atom-ea5e7280e196.svg
[2026-09-04T21:11:49.238Z] [request] atom {"type":"atom","name":"chemistry-atoms-and-elements-3-14","protons":"17","neutrons":"18","electrons":"17"}
[2026-09-04T21:11:49.238Z] [generated] atom-2d2d193960ed.svg
[2026-09-04T21:11:49.239Z] [request] atom {"type":"atom","name":"chemistry-atoms-and-elements-3-15","protons":"3","neutrons":"4","electrons":"3"}
[2026-09-04T21:11:49.239Z] [generated] atom-8d62bf599b79.svg
[2026-09-04T21:11:49.239Z] [request] atom {"type":"atom","name":"chemistry-atoms-and-elements-3-16","protons":"6","neutrons":"6","electrons":"6"}
[2026-09-04T21:11:49.240Z] [generated] atom-f1945b2ce22a.svg
[2026-09-04T21:11:49.240Z] [request] atom {"type":"atom","name":"chemistry-atoms-and-elements-3-17","protons":"8","neutrons":"8","electrons":"8"}
[2026-09-04T21:11:49.241Z] [generated] atom-ea29f690ad37.svg
[2026-09-04T21:11:49.241Z] [request] atom {"type":"atom","name":"chemistry-atoms-and-elements-3-18","protons":"11","neutrons":"12","electrons":"11"}
[2026-09-04T21:11:49.242Z] [generated] atom-36bf67173624.svg
[2026-09-04T21:11:49.242Z] [request] atom {"type":"atom","name":"chemistry-atoms-and-elements-3-19","protons":"12","neutrons":"12","electrons":"12"}
[2026-09-04T21:11:49.243Z] [generated] atom-faecbf5d47ae.svg
[2026-09-04T21:11:49.607Z] [request] atom {"type":"atom","name":"chemistry-atoms-and-elements-4-0","protons":"12","neutrons":"12","electrons":"12"}
[2026-09-04T21:11:49.608Z] [generated] atom-412e8672c203.svg
[2026-09-04T21:11:49.609Z] [request] atom {"type":"atom","name":"chemistry-atoms-and-elements-4-1","protons":"17","neutrons":"18","electrons":"17"}
[2026-09-04T21:11:49.609Z] [generated] atom-28a39c72a379.svg
[2026-09-04T21:11:49.610Z] [request] atom {"type":"atom","name":"chemistry-atoms-and-elements-4-2","protons":"3","neutrons":"4","electrons":"3"}
[2026-09-04T21:11:49.610Z] [generated] atom-0cc76b240572.svg
[2026-09-04T21:11:49.610Z] [request] atom {"type":"atom","name":"chemistry-atoms-and-elements-4-3","protons":"6","neutrons":"6","electrons":"6"}
[2026-09-04T21:11:49.611Z] [generated] atom-c6be5d408624.svg
[2026-09-04T21:11:49.611Z] [request] atom {"type":"atom","name":"chemistry-atoms-and-elements-4-4","protons":"8","neutrons":"8","electrons":"8"}
[2026-09-04T21:11:49.612Z] [generated] atom-a66e6254c11a.svg
[2026-09-04T21:11:49.612Z] [request] atom {"type":"atom","name":"chemistry-atoms-and-elements-4-5","protons":"11","neutrons":"12","electrons":"11"}
[2026-09-04T21:11:49.613Z] [generated] atom-df8b71b9ce6e.svg
[2026-09-04T21:11:49.613Z] [request] atom {"type":"atom","name":"chemistry-atoms-and-elements-4-6","protons":"12","neutrons":"12","electrons":"12"}
[2026-09-04T21:11:49.614Z] [generated] atom-146867ed6f4c.svg
[2026-09-04T21:11:49.614Z] [request] atom {"type":"atom","name":"chemistry-atoms-and-elements-4-7","protons":"17","neutrons":"18","electrons":"17"}
[2026-09-04T21:11:49.614Z] [generated] atom-d41ea637c523.svg
[2026-09-04T21:11:49.615Z] [request] atom {"type":"atom","name":"chemistry-atoms-and-elements-4-8","protons":"3","neutrons":"4","electrons":"3"}
[2026-09-04T21:11:49.615Z] [generated] atom-498e842334fb.svg
[2026-09-04T21:11:49.616Z] [request] atom {"type":"atom","name":"chemistry-atoms-and-elements-4-9","protons":"6","neutrons":"6","electrons":"6"}
[2026-09-04T21:11:49.616Z] [generated] atom-8cea40e7f685.svg
[2026-09-04T21:11:49.616Z] [request] atom {"type":"atom","name":"chemistry-atoms-and-elements-4-10","protons":"8","neutrons":"8","electrons":"8"}
[2026-09-04T21:11:49.617Z] [generated] atom-c0ab662dd680.svg
[2026-09-04T21:11:49.617Z] [request] atom {"type":"atom","name":"chemistry-atoms-and-elements-4-11","protons":"11","neutrons":"12","electrons":"11"}
[2026-09-04T21:11:49.618Z] [generated] atom-4aab1e968f01.svg
[2026-09-04T21:11:49.618Z] [request] atom {"type":"atom","name":"chemistry-atoms-and-elements-4-12","protons":"12","neutrons":"12","electrons":"12"}
[2026-09-04T21:11:49.619Z] [generated] atom-de1fc6734a3d.svg
[2026-09-04T21:11:49.619Z] [request] atom {"type":"atom","name":"chemistry-atoms-and-elements-4-13","protons":"17","neutrons":"18","electrons":"17"}
[2026-09-04T21:11:49.620Z] [generated] atom-955f79924476.svg
[2026-09-04T21:11:49.620Z] [request] atom {"type":"atom","name":"chemistry-atoms-and-elements-4-14","protons":"3","neutrons":"4","electrons":"3"}
[2026-09-04T21:11:49.621Z] [generated] atom-58833a594681.svg
[2026-09-04T21:11:49.621Z] [request] atom {"type":"atom","name":"chemistry-atoms-and-elements-4-15","protons":"6","neutrons":"6","electrons":"6"}
[2026-09-04T21:11:49.621Z] [generated] atom-f46d60633826.svg
[2026-09-04T21:11:49.622Z] [request] atom {"type":"atom","name":"chemistry-atoms-and-elements-4-16","protons":"8","neutrons":"8","electrons":"8"}
[2026-09-04T21:11:49.622Z] [generated] atom-f1c4f5814fb5.svg
[2026-09-04T21:11:49.623Z] [request] atom {"type":"atom","name":"chemistry-atoms-and-elements-4-17","protons":"11","neutrons":"12","electrons":"11"}
[2026-09-04T21:11:49.623Z] [generated] atom-4dfd65619792.svg
[2026-09-04T21:11:49.624Z] [request] atom {"type":"atom","name":"chemistry-atoms-and-elements-4-18","protons":"12","neutrons":"12","electrons":"12"}
[2026-09-04T21:11:49.624Z] [generated] atom-741dcd250872.svg
[2026-09-04T21:11:49.624Z] [request] atom {"type":"atom","name":"chemistry-atoms-and-elements-4-19","protons":"17","neutrons":"18","electrons":"17"}
[2026-09-04T21:11:49.625Z] [generated] atom-5e7072fdb3f8.svg
[2026-09-04T21:11:50.020Z] [request] atom {"type":"atom","name":"chemistry-atoms-and-elements-5-0","protons":"17","neutrons":"18","electrons":"17"}
[2026-09-04T21:11:50.021Z] [generated] atom-ce00e3ae330a.svg
[2026-09-04T21:11:50.022Z] [request] atom {"type":"atom","name":"chemistry-atoms-and-elements-5-1","protons":"3","neutrons":"4","electrons":"3"}
[2026-09-04T21:11:50.022Z] [generated] atom-955fe1115326.svg
[2026-09-04T21:11:50.023Z] [request] atom {"type":"atom","name":"chemistry-atoms-and-elements-5-2","protons":"6","neutrons":"6","electrons":"6"}
[2026-09-04T21:11:50.023Z] [generated] atom-746716936e08.svg
[2026-09-04T21:11:50.024Z] [request] atom {"type":"atom","name":"chemistry-atoms-and-elements-5-3","protons":"8","neutrons":"8","electrons":"8"}
[2026-09-04T21:11:50.024Z] [generated] atom-dc8980855909.svg
[2026-09-04T21:11:50.025Z] [request] atom {"type":"atom","name":"chemistry-atoms-and-elements-5-4","protons":"11","neutrons":"12","electrons":"11"}
[2026-09-04T21:11:50.025Z] [generated] atom-69b30d82ff93.svg
[2026-09-04T21:11:50.026Z] [request] atom {"type":"atom","name":"chemistry-atoms-and-elements-5-5","protons":"12","neutrons":"12","electrons":"12"}
[2026-09-04T21:11:50.026Z] [generated] atom-a5eb0608570e.svg
[2026-09-04T21:11:50.027Z] [request] atom {"type":"atom","name":"chemistry-atoms-and-elements-5-6","protons":"17","neutrons":"18","electrons":"17"}
[2026-09-04T21:11:50.027Z] [generated] atom-cf3313aeb67c.svg
[2026-09-04T21:11:50.028Z] [request] atom {"type":"atom","name":"chemistry-atoms-and-elements-5-7","protons":"3","neutrons":"4","electrons":"3"}
[2026-09-04T21:11:50.028Z] [generated] atom-d797df9a7a1a.svg
[2026-09-04T21:11:50.029Z] [request] atom {"type":"atom","name":"chemistry-atoms-and-elements-5-8","protons":"6","neutrons":"6","electrons":"6"}
[2026-09-04T21:11:50.029Z] [generated] atom-c910fbc72462.svg
[2026-09-04T21:11:50.030Z] [request] atom {"type":"atom","name":"chemistry-atoms-and-elements-5-9","protons":"8","neutrons":"8","electrons":"8"}
[2026-09-04T21:11:50.030Z] [generated] atom-fda8b6d85a8c.svg
[2026-09-04T21:11:50.031Z] [request] atom {"type":"atom","name":"chemistry-atoms-and-elements-5-10","protons":"11","neutrons":"12","electrons":"11"}
[2026-09-04T21:11:50.031Z] [generated] atom-7827a19a810c.svg
[2026-09-04T21:11:50.032Z] [request] atom {"type":"atom","name":"chemistry-atoms-and-elements-5-11","protons":"12","neutrons":"12","electrons":"12"}
[2026-09-04T21:11:50.032Z] [generated] atom-533f021d9ddd.svg
[2026-09-04T21:11:50.032Z] [request] atom {"type":"atom","name":"chemistry-atoms-and-elements-5-12","protons":"17","neutrons":"18","electrons":"17"}
[2026-09-04T21:11:50.033Z] [generated] atom-b66a466a8462.svg
[2026-09-04T21:11:50.033Z] [request] atom {"type":"atom","name":"chemistry-atoms-and-elements-5-13","protons":"3","neutrons":"4","electrons":"3"}
[2026-09-04T21:11:50.034Z] [generated] atom-03f42b37386a.svg
[2026-09-04T21:11:50.034Z] [request] atom {"type":"atom","name":"chemistry-atoms-and-elements-5-14","protons":"6","neutrons":"6","electrons":"6"}
[2026-09-04T21:11:50.035Z] [generated] atom-c972966f830f.svg
[2026-09-04T21:11:50.035Z] [request] atom {"type":"atom","name":"chemistry-atoms-and-elements-5-15","protons":"8","neutrons":"8","electrons":"8"}
[2026-09-04T21:11:50.036Z] [generated] atom-e7819aa12666.svg
[2026-09-04T21:11:50.036Z] [request] atom {"type":"atom","name":"chemistry-atoms-and-elements-5-16","protons":"11","neutrons":"12","electrons":"11"}
[2026-09-04T21:11:50.037Z] [generated] atom-04c5bdd3e008.svg
[2026-09-04T21:11:50.037Z] [request] atom {"type":"atom","name":"chemistry-atoms-and-elements-5-17","protons":"12","neutrons":"12","electrons":"12"}
[2026-09-04T21:11:50.038Z] [generated] atom-66f52343da18.svg
[2026-09-04T21:11:50.038Z] [request] atom {"type":"atom","name":"chemistry-atoms-and-elements-5-18","protons":"17","neutrons":"18","electrons":"17"}
[2026-09-04T21:11:50.039Z] [generated] atom-8ad1381caefa.svg
[2026-09-04T21:11:50.039Z] [request] atom {"type":"atom","name":"chemistry-atoms-and-elements-5-19","protons":"3","neutrons":"4","electrons":"3"}
[2026-09-04T21:11:50.040Z] [generated] atom-32c707602106.svg
[2026-09-04T21:12:26.883Z] Worksheet image server listening at http://127.0.0.1:4317
[2026-09-04T21:27:58.369Z] [request] atom {"type":"atom","name":"chemistry-atoms-and-elements-1-0","protons":"6","neutrons":"6","electrons":"6"}
[2026-09-04T21:27:58.371Z] [generated] atom-e2dfafd34abc.svg
[2026-09-04T21:27:58.371Z] [request] atom {"type":"atom","name":"chemistry-atoms-and-elements-1-12","protons":"6","neutrons":"6","electrons":"6"}
[2026-09-04T21:27:58.372Z] [generated] atom-54d4c3c5e673.svg
[2026-09-04T21:27:58.373Z] [request] atom {"type":"atom","name":"chemistry-atoms-and-elements-1-13","protons":"8","neutrons":"8","electrons":"8"}
[2026-09-04T21:27:58.373Z] [generated] atom-c40d6dfbe0b9.svg
[2026-09-04T21:27:58.374Z] [request] atom {"type":"atom","name":"chemistry-atoms-and-elements-1-14","protons":"11","neutrons":"12","electrons":"11"}
[2026-09-04T21:27:58.375Z] [generated] atom-bea22f2728b9.svg
[2026-09-04T21:27:58.375Z] [request] atom {"type":"atom","name":"chemistry-atoms-and-elements-1-15","protons":"12","neutrons":"12","electrons":"12"}
[2026-09-04T21:27:58.376Z] [generated] atom-1519fa4495a5.svg
[2026-09-04T21:27:58.377Z] [request] atom {"type":"atom","name":"chemistry-atoms-and-elements-1-16","protons":"17","neutrons":"18","electrons":"17"}
[2026-09-04T21:27:58.377Z] [generated] atom-1399a381c32e.svg
[2026-09-04T21:27:58.378Z] [request] atom {"type":"atom","name":"chemistry-atoms-and-elements-1-17","protons":"3","neutrons":"4","electrons":"3"}
[2026-09-04T21:27:58.379Z] [generated] atom-0c8dbe8c35a3.svg
[2026-09-04T21:27:58.379Z] [request] atom {"type":"atom","name":"chemistry-atoms-and-elements-1-18","protons":"6","neutrons":"6","electrons":"6"}
[2026-09-04T21:27:58.380Z] [generated] atom-b27e0aaef8a6.svg
[2026-09-04T21:27:58.380Z] [request] atom {"type":"atom","name":"chemistry-atoms-and-elements-1-19","protons":"8","neutrons":"8","electrons":"8"}
[2026-09-04T21:27:58.381Z] [generated] atom-ff1accc47ce1.svg
[2026-09-04T21:27:58.382Z] [request] atom {"type":"atom","name":"chemistry-atoms-and-elements-1-1","protons":"8","neutrons":"8","electrons":"8"}
[2026-09-04T21:27:58.383Z] [generated] atom-3fbe6cfa6c24.svg
[2026-09-04T21:27:58.383Z] [request] atom {"type":"atom","name":"chemistry-atoms-and-elements-1-2","protons":"11","neutrons":"12","electrons":"11"}
[2026-09-04T21:27:58.384Z] [generated] atom-d7425cac69ec.svg
[2026-09-04T21:27:58.385Z] [request] atom {"type":"atom","name":"chemistry-atoms-and-elements-1-3","protons":"12","neutrons":"12","electrons":"12"}
[2026-09-04T21:27:58.385Z] [generated] atom-92af983e23a8.svg
[2026-09-04T21:27:58.386Z] [request] atom {"type":"atom","name":"chemistry-atoms-and-elements-1-4","protons":"17","neutrons":"18","electrons":"17"}
[2026-09-04T21:27:58.386Z] [generated] atom-2ea9e21033d2.svg
[2026-09-04T21:27:58.387Z] [request] atom {"type":"atom","name":"chemistry-atoms-and-elements-1-5","protons":"3","neutrons":"4","electrons":"3"}
[2026-09-04T21:27:58.388Z] [generated] atom-50a1b3a6217a.svg
[2026-09-04T21:27:58.388Z] [request] atom {"type":"atom","name":"chemistry-atoms-and-elements-1-6","protons":"6","neutrons":"6","electrons":"6"}
[2026-09-04T21:27:58.389Z] [generated] atom-b18dfb68f268.svg
[2026-09-04T21:27:58.390Z] [request] atom {"type":"atom","name":"chemistry-atoms-and-elements-1-7","protons":"8","neutrons":"8","electrons":"8"}
[2026-09-04T21:27:58.390Z] [generated] atom-b9f371830285.svg
[2026-09-04T21:27:58.391Z] [request] atom {"type":"atom","name":"chemistry-atoms-and-elements-1-8","protons":"11","neutrons":"12","electrons":"11"}
[2026-09-04T21:27:58.391Z] [generated] atom-912bbcdbadbe.svg
[2026-09-04T21:27:58.392Z] [request] atom {"type":"atom","name":"chemistry-atoms-and-elements-1-9","protons":"12","neutrons":"12","electrons":"12"}
[2026-09-04T21:27:58.393Z] [generated] atom-8178dbec0e04.svg
[2026-09-04T21:27:58.393Z] [request] atom {"type":"atom","name":"chemistry-atoms-and-elements-1-10","protons":"17","neutrons":"18","electrons":"17"}
[2026-09-04T21:27:58.394Z] [generated] atom-ca707c7e1b41.svg
[2026-09-04T21:27:58.394Z] [request] atom {"type":"atom","name":"chemistry-atoms-and-elements-1-11","protons":"3","neutrons":"4","electrons":"3"}
[2026-09-04T21:27:58.395Z] [generated] atom-7e801ac34d56.svg
[2026-09-04T21:28:21.228Z] [request] atom {"type":"atom","name":"chemistry-atoms-and-elements-1-0","protons":"6","neutrons":"6","electrons":"6"}
[2026-09-04T21:28:21.229Z] [generated] atom-e2dfafd34abc.svg
[2026-09-04T21:28:21.230Z] [request] atom {"type":"atom","name":"chemistry-atoms-and-elements-1-13","protons":"8","neutrons":"8","electrons":"8"}
[2026-09-04T21:28:21.230Z] [generated] atom-c40d6dfbe0b9.svg
[2026-09-04T21:28:21.231Z] [request] atom {"type":"atom","name":"chemistry-atoms-and-elements-1-14","protons":"11","neutrons":"12","electrons":"11"}
[2026-09-04T21:28:21.231Z] [generated] atom-bea22f2728b9.svg
[2026-09-04T21:28:21.232Z] [request] atom {"type":"atom","name":"chemistry-atoms-and-elements-1-15","protons":"12","neutrons":"12","electrons":"12"}
[2026-09-04T21:28:21.232Z] [generated] atom-1519fa4495a5.svg
[2026-09-04T21:28:21.233Z] [request] atom {"type":"atom","name":"chemistry-atoms-and-elements-1-16","protons":"17","neutrons":"18","electrons":"17"}
[2026-09-04T21:28:21.234Z] [generated] atom-1399a381c32e.svg
[2026-09-04T21:28:21.234Z] [request] atom {"type":"atom","name":"chemistry-atoms-and-elements-1-17","protons":"3","neutrons":"4","electrons":"3"}
[2026-09-04T21:28:21.235Z] [generated] atom-0c8dbe8c35a3.svg
[2026-09-04T21:28:21.235Z] [request] atom {"type":"atom","name":"chemistry-atoms-and-elements-1-18","protons":"6","neutrons":"6","electrons":"6"}
[2026-09-04T21:28:21.236Z] [generated] atom-b27e0aaef8a6.svg
[2026-09-04T21:28:21.236Z] [request] atom {"type":"atom","name":"chemistry-atoms-and-elements-1-19","protons":"8","neutrons":"8","electrons":"8"}
[2026-09-04T21:28:21.237Z] [generated] atom-ff1accc47ce1.svg
[2026-09-04T21:28:21.237Z] [request] atom {"type":"atom","name":"chemistry-atoms-and-elements-1-1","protons":"8","neutrons":"8","electrons":"8"}
[2026-09-04T21:28:21.238Z] [generated] atom-3fbe6cfa6c24.svg
[2026-09-04T21:28:21.238Z] [request] atom {"type":"atom","name":"chemistry-atoms-and-elements-1-2","protons":"11","neutrons":"12","electrons":"11"}
[2026-09-04T21:28:21.239Z] [generated] atom-d7425cac69ec.svg
[2026-09-04T21:28:21.239Z] [request] atom {"type":"atom","name":"chemistry-atoms-and-elements-1-3","protons":"12","neutrons":"12","electrons":"12"}
[2026-09-04T21:28:21.240Z] [generated] atom-92af983e23a8.svg
[2026-09-04T21:28:21.240Z] [request] atom {"type":"atom","name":"chemistry-atoms-and-elements-1-4","protons":"17","neutrons":"18","electrons":"17"}
[2026-09-04T21:28:21.241Z] [generated] atom-2ea9e21033d2.svg
[2026-09-04T21:28:21.241Z] [request] atom {"type":"atom","name":"chemistry-atoms-and-elements-1-5","protons":"3","neutrons":"4","electrons":"3"}
[2026-09-04T21:28:21.242Z] [generated] atom-50a1b3a6217a.svg
[2026-09-04T21:28:21.242Z] [request] atom {"type":"atom","name":"chemistry-atoms-and-elements-1-6","protons":"6","neutrons":"6","electrons":"6"}
[2026-09-04T21:28:21.243Z] [generated] atom-b18dfb68f268.svg
[2026-09-04T21:28:21.243Z] [request] atom {"type":"atom","name":"chemistry-atoms-and-elements-1-7","protons":"8","neutrons":"8","electrons":"8"}
[2026-09-04T21:28:21.244Z] [generated] atom-b9f371830285.svg
[2026-09-04T21:28:21.244Z] [request] atom {"type":"atom","name":"chemistry-atoms-and-elements-1-8","protons":"11","neutrons":"12","electrons":"11"}
[2026-09-04T21:28:21.245Z] [generated] atom-912bbcdbadbe.svg
[2026-09-04T21:28:21.245Z] [request] atom {"type":"atom","name":"chemistry-atoms-and-elements-1-9","protons":"12","neutrons":"12","electrons":"12"}
[2026-09-04T21:28:21.246Z] [generated] atom-8178dbec0e04.svg
[2026-09-04T21:28:21.246Z] [request] atom {"type":"atom","name":"chemistry-atoms-and-elements-1-10","protons":"17","neutrons":"18","electrons":"17"}
[2026-09-04T21:28:21.247Z] [generated] atom-ca707c7e1b41.svg
[2026-09-04T21:28:21.247Z] [request] atom {"type":"atom","name":"chemistry-atoms-and-elements-1-11","protons":"3","neutrons":"4","electrons":"3"}
[2026-09-04T21:28:21.248Z] [generated] atom-7e801ac34d56.svg
[2026-09-04T21:28:21.248Z] [request] atom {"type":"atom","name":"chemistry-atoms-and-elements-1-12","protons":"6","neutrons":"6","electrons":"6"}
[2026-09-04T21:28:21.249Z] [generated] atom-54d4c3c5e673.svg
[2026-09-04T21:28:21.560Z] [request] atom {"type":"atom","name":"chemistry-atoms-and-elements-2-0","protons":"8","neutrons":"8","electrons":"8"}
[2026-09-04T21:28:21.561Z] [generated] atom-e45b045b996e.svg
[2026-09-04T21:28:21.562Z] [request] atom {"type":"atom","name":"chemistry-atoms-and-elements-2-1","protons":"11","neutrons":"12","electrons":"11"}
[2026-09-04T21:28:21.562Z] [generated] atom-71c3be62ba68.svg
[2026-09-04T21:28:21.563Z] [request] atom {"type":"atom","name":"chemistry-atoms-and-elements-2-2","protons":"12","neutrons":"12","electrons":"12"}
[2026-09-04T21:28:21.564Z] [generated] atom-3d5db616b658.svg
[2026-09-04T21:28:21.564Z] [request] atom {"type":"atom","name":"chemistry-atoms-and-elements-2-3","protons":"17","neutrons":"18","electrons":"17"}
[2026-09-04T21:28:21.565Z] [generated] atom-a976b39411ae.svg
[2026-09-04T21:28:21.565Z] [request] atom {"type":"atom","name":"chemistry-atoms-and-elements-2-4","protons":"3","neutrons":"4","electrons":"3"}
[2026-09-04T21:28:21.566Z] [generated] atom-056486bdd312.svg
[2026-09-04T21:28:21.566Z] [request] atom {"type":"atom","name":"chemistry-atoms-and-elements-2-5","protons":"6","neutrons":"6","electrons":"6"}
[2026-09-04T21:28:21.567Z] [generated] atom-cfdb1554fe15.svg
[2026-09-04T21:28:21.567Z] [request] atom {"type":"atom","name":"chemistry-atoms-and-elements-2-6","protons":"8","neutrons":"8","electrons":"8"}
[2026-09-04T21:28:21.568Z] [generated] atom-2305d6591b78.svg
[2026-09-04T21:28:21.568Z] [request] atom {"type":"atom","name":"chemistry-atoms-and-elements-2-7","protons":"11","neutrons":"12","electrons":"11"}
[2026-09-04T21:28:21.569Z] [generated] atom-c7815f0a6c8a.svg
[2026-09-04T21:28:21.569Z] [request] atom {"type":"atom","name":"chemistry-atoms-and-elements-2-8","protons":"12","neutrons":"12","electrons":"12"}
[2026-09-04T21:28:21.570Z] [generated] atom-b5cd4e8f1c0a.svg
[2026-09-04T21:28:21.570Z] [request] atom {"type":"atom","name":"chemistry-atoms-and-elements-2-9","protons":"17","neutrons":"18","electrons":"17"}
[2026-09-04T21:28:21.571Z] [generated] atom-0c4839c81c51.svg
[2026-09-04T21:28:21.571Z] [request] atom {"type":"atom","name":"chemistry-atoms-and-elements-2-10","protons":"3","neutrons":"4","electrons":"3"}
[2026-09-04T21:28:21.572Z] [generated] atom-dc997ed27220.svg
[2026-09-04T21:28:21.572Z] [request] atom {"type":"atom","name":"chemistry-atoms-and-elements-2-11","protons":"6","neutrons":"6","electrons":"6"}
[2026-09-04T21:28:21.573Z] [generated] atom-c291fe5f6813.svg
[2026-09-04T21:28:21.573Z] [request] atom {"type":"atom","name":"chemistry-atoms-and-elements-2-12","protons":"8","neutrons":"8","electrons":"8"}
[2026-09-04T21:28:21.574Z] [generated] atom-07a5e780cad2.svg
[2026-09-04T21:28:21.574Z] [request] atom {"type":"atom","name":"chemistry-atoms-and-elements-2-13","protons":"11","neutrons":"12","electrons":"11"}
[2026-09-04T21:28:21.575Z] [generated] atom-eb1428c25de8.svg
[2026-09-04T21:28:21.575Z] [request] atom {"type":"atom","name":"chemistry-atoms-and-elements-2-14","protons":"12","neutrons":"12","electrons":"12"}
[2026-09-04T21:28:21.576Z] [generated] atom-e52415d26a05.svg
[2026-09-04T21:28:21.577Z] [request] atom {"type":"atom","name":"chemistry-atoms-and-elements-2-15","protons":"17","neutrons":"18","electrons":"17"}
[2026-09-04T21:28:21.577Z] [generated] atom-a4a550c7401d.svg
[2026-09-04T21:28:21.578Z] [request] atom {"type":"atom","name":"chemistry-atoms-and-elements-2-16","protons":"3","neutrons":"4","electrons":"3"}
[2026-09-04T21:28:21.579Z] [generated] atom-064c7fc19a13.svg
[2026-09-04T21:28:21.579Z] [request] atom {"type":"atom","name":"chemistry-atoms-and-elements-2-17","protons":"6","neutrons":"6","electrons":"6"}
[2026-09-04T21:28:21.580Z] [generated] atom-f78c794b50e0.svg
[2026-09-04T21:28:21.580Z] [request] atom {"type":"atom","name":"chemistry-atoms-and-elements-2-18","protons":"8","neutrons":"8","electrons":"8"}
[2026-09-04T21:28:21.581Z] [generated] atom-d41010cd7cfe.svg
[2026-09-04T21:28:21.582Z] [request] atom {"type":"atom","name":"chemistry-atoms-and-elements-2-19","protons":"11","neutrons":"12","electrons":"11"}
[2026-09-04T21:28:21.582Z] [generated] atom-3392acf86f77.svg
[2026-09-04T21:28:21.946Z] [request] atom {"type":"atom","name":"chemistry-atoms-and-elements-3-0","protons":"11","neutrons":"12","electrons":"11"}
[2026-09-04T21:28:21.947Z] [generated] atom-1c60f284d76c.svg
[2026-09-04T21:28:21.948Z] [request] atom {"type":"atom","name":"chemistry-atoms-and-elements-3-1","protons":"12","neutrons":"12","electrons":"12"}
[2026-09-04T21:28:21.948Z] [generated] atom-6dba8345ebf8.svg
[2026-09-04T21:28:21.949Z] [request] atom {"type":"atom","name":"chemistry-atoms-and-elements-3-2","protons":"17","neutrons":"18","electrons":"17"}
[2026-09-04T21:28:21.949Z] [generated] atom-7e7f088dcf30.svg
[2026-09-04T21:28:21.950Z] [request] atom {"type":"atom","name":"chemistry-atoms-and-elements-3-3","protons":"3","neutrons":"4","electrons":"3"}
[2026-09-04T21:28:21.950Z] [generated] atom-2380bc7e2473.svg
[2026-09-04T21:28:21.951Z] [request] atom {"type":"atom","name":"chemistry-atoms-and-elements-3-4","protons":"6","neutrons":"6","electrons":"6"}
[2026-09-04T21:28:21.951Z] [generated] atom-f32b526d6bc5.svg
[2026-09-04T21:28:21.952Z] [request] atom {"type":"atom","name":"chemistry-atoms-and-elements-3-5","protons":"8","neutrons":"8","electrons":"8"}
[2026-09-04T21:28:21.952Z] [generated] atom-04abe652e320.svg
[2026-09-04T21:28:21.953Z] [request] atom {"type":"atom","name":"chemistry-atoms-and-elements-3-6","protons":"11","neutrons":"12","electrons":"11"}
[2026-09-04T21:28:21.953Z] [generated] atom-1f1284dbcb1a.svg
[2026-09-04T21:28:21.953Z] [request] atom {"type":"atom","name":"chemistry-atoms-and-elements-3-7","protons":"12","neutrons":"12","electrons":"12"}
[2026-09-04T21:28:21.954Z] [generated] atom-538bd51e8883.svg
[2026-09-04T21:28:21.954Z] [request] atom {"type":"atom","name":"chemistry-atoms-and-elements-3-8","protons":"17","neutrons":"18","electrons":"17"}
[2026-09-04T21:28:21.955Z] [generated] atom-512319e23d98.svg
[2026-09-04T21:28:21.955Z] [request] atom {"type":"atom","name":"chemistry-atoms-and-elements-3-9","protons":"3","neutrons":"4","electrons":"3"}
[2026-09-04T21:28:21.956Z] [generated] atom-2165ba6df5a9.svg
[2026-09-04T21:28:21.957Z] [request] atom {"type":"atom","name":"chemistry-atoms-and-elements-3-10","protons":"6","neutrons":"6","electrons":"6"}
[2026-09-04T21:28:21.957Z] [generated] atom-d575ce5e301f.svg
[2026-09-04T21:28:21.958Z] [request] atom {"type":"atom","name":"chemistry-atoms-and-elements-3-11","protons":"8","neutrons":"8","electrons":"8"}
[2026-09-04T21:28:21.958Z] [generated] atom-c05ef2017bbd.svg
[2026-09-04T21:28:21.959Z] [request] atom {"type":"atom","name":"chemistry-atoms-and-elements-3-12","protons":"11","neutrons":"12","electrons":"11"}
[2026-09-04T21:28:21.959Z] [generated] atom-c0c40d5d0e39.svg
[2026-09-04T21:28:21.960Z] [request] atom {"type":"atom","name":"chemistry-atoms-and-elements-3-13","protons":"12","neutrons":"12","electrons":"12"}
[2026-09-04T21:28:21.960Z] [generated] atom-22d73e201f79.svg
[2026-09-04T21:28:21.961Z] [request] atom {"type":"atom","name":"chemistry-atoms-and-elements-3-14","protons":"17","neutrons":"18","electrons":"17"}
[2026-09-04T21:28:21.961Z] [generated] atom-41f0ba92b3f6.svg
[2026-09-04T21:28:21.962Z] [request] atom {"type":"atom","name":"chemistry-atoms-and-elements-3-15","protons":"3","neutrons":"4","electrons":"3"}
[2026-09-04T21:28:21.963Z] [generated] atom-1103bb94a745.svg
[2026-09-04T21:28:21.963Z] [request] atom {"type":"atom","name":"chemistry-atoms-and-elements-3-16","protons":"6","neutrons":"6","electrons":"6"}
[2026-09-04T21:28:21.964Z] [generated] atom-d6a02e3080c6.svg
[2026-09-04T21:28:21.964Z] [request] atom {"type":"atom","name":"chemistry-atoms-and-elements-3-17","protons":"8","neutrons":"8","electrons":"8"}
[2026-09-04T21:28:21.965Z] [generated] atom-ea6e70c5b265.svg
[2026-09-04T21:28:21.966Z] [request] atom {"type":"atom","name":"chemistry-atoms-and-elements-3-18","protons":"11","neutrons":"12","electrons":"11"}
[2026-09-04T21:28:21.966Z] [generated] atom-dab04e1d6bf6.svg
[2026-09-04T21:28:21.967Z] [request] atom {"type":"atom","name":"chemistry-atoms-and-elements-3-19","protons":"12","neutrons":"12","electrons":"12"}
[2026-09-04T21:28:21.968Z] [generated] atom-37f00cb997fb.svg
[2026-09-04T21:28:22.250Z] [request] atom {"type":"atom","name":"chemistry-atoms-and-elements-4-0","protons":"12","neutrons":"12","electrons":"12"}
[2026-09-04T21:28:22.250Z] [generated] atom-22a4c7085492.svg
[2026-09-04T21:28:22.251Z] [request] atom {"type":"atom","name":"chemistry-atoms-and-elements-4-1","protons":"17","neutrons":"18","electrons":"17"}
[2026-09-04T21:28:22.252Z] [generated] atom-5a24a3c654c9.svg
[2026-09-04T21:28:22.252Z] [request] atom {"type":"atom","name":"chemistry-atoms-and-elements-4-2","protons":"3","neutrons":"4","electrons":"3"}
[2026-09-04T21:28:22.253Z] [generated] atom-0b8f55da73bb.svg
[2026-09-04T21:28:22.254Z] [request] atom {"type":"atom","name":"chemistry-atoms-and-elements-4-3","protons":"6","neutrons":"6","electrons":"6"}
[2026-09-04T21:28:22.254Z] [generated] atom-309dbda73a79.svg
[2026-09-04T21:28:22.255Z] [request] atom {"type":"atom","name":"chemistry-atoms-and-elements-4-4","protons":"8","neutrons":"8","electrons":"8"}
[2026-09-04T21:28:22.255Z] [generated] atom-944a80061f71.svg
[2026-09-04T21:28:22.256Z] [request] atom {"type":"atom","name":"chemistry-atoms-and-elements-4-5","protons":"11","neutrons":"12","electrons":"11"}
[2026-09-04T21:28:22.256Z] [generated] atom-d652b845a496.svg
[2026-09-04T21:28:22.257Z] [request] atom {"type":"atom","name":"chemistry-atoms-and-elements-4-6","protons":"12","neutrons":"12","electrons":"12"}
[2026-09-04T21:28:22.257Z] [generated] atom-678b010db32a.svg
[2026-09-04T21:28:22.258Z] [request] atom {"type":"atom","name":"chemistry-atoms-and-elements-4-7","protons":"17","neutrons":"18","electrons":"17"}
[2026-09-04T21:28:22.259Z] [generated] atom-ec3e82c83929.svg
[2026-09-04T21:28:22.259Z] [request] atom {"type":"atom","name":"chemistry-atoms-and-elements-4-8","protons":"3","neutrons":"4","electrons":"3"}
[2026-09-04T21:28:22.260Z] [generated] atom-035dd372b7cd.svg
[2026-09-04T21:28:22.260Z] [request] atom {"type":"atom","name":"chemistry-atoms-and-elements-4-9","protons":"6","neutrons":"6","electrons":"6"}
[2026-09-04T21:28:22.261Z] [generated] atom-7053bfb39597.svg
[2026-09-04T21:28:22.261Z] [request] atom {"type":"atom","name":"chemistry-atoms-and-elements-4-10","protons":"8","neutrons":"8","electrons":"8"}
[2026-09-04T21:28:22.262Z] [generated] atom-f87bb28d3ce4.svg
[2026-09-04T21:28:22.262Z] [request] atom {"type":"atom","name":"chemistry-atoms-and-elements-4-11","protons":"11","neutrons":"12","electrons":"11"}
[2026-09-04T21:28:22.263Z] [generated] atom-35dadb3f64d8.svg
[2026-09-04T21:28:22.263Z] [request] atom {"type":"atom","name":"chemistry-atoms-and-elements-4-12","protons":"12","neutrons":"12","electrons":"12"}
[2026-09-04T21:28:22.264Z] [generated] atom-4d003a3b8bf0.svg
[2026-09-04T21:28:22.265Z] [request] atom {"type":"atom","name":"chemistry-atoms-and-elements-4-13","protons":"17","neutrons":"18","electrons":"17"}
[2026-09-04T21:28:22.265Z] [generated] atom-c2aa0d0fbcff.svg
[2026-09-04T21:28:22.266Z] [request] atom {"type":"atom","name":"chemistry-atoms-and-elements-4-14","protons":"3","neutrons":"4","electrons":"3"}
[2026-09-04T21:28:22.266Z] [generated] atom-c4845abb5f9b.svg
[2026-09-04T21:28:22.267Z] [request] atom {"type":"atom","name":"chemistry-atoms-and-elements-4-15","protons":"6","neutrons":"6","electrons":"6"}
[2026-09-04T21:28:22.267Z] [generated] atom-3aa9caf2f219.svg
[2026-09-04T21:28:22.268Z] [request] atom {"type":"atom","name":"chemistry-atoms-and-elements-4-16","protons":"8","neutrons":"8","electrons":"8"}
[2026-09-04T21:28:22.268Z] [generated] atom-e31747a5f427.svg
[2026-09-04T21:28:22.269Z] [request] atom {"type":"atom","name":"chemistry-atoms-and-elements-4-17","protons":"11","neutrons":"12","electrons":"11"}
[2026-09-04T21:28:22.269Z] [generated] atom-5cfa677a53fa.svg
[2026-09-04T21:28:22.270Z] [request] atom {"type":"atom","name":"chemistry-atoms-and-elements-4-18","protons":"12","neutrons":"12","electrons":"12"}
[2026-09-04T21:28:22.270Z] [generated] atom-0839e14c9202.svg
[2026-09-04T21:28:22.271Z] [request] atom {"type":"atom","name":"chemistry-atoms-and-elements-4-19","protons":"17","neutrons":"18","electrons":"17"}
[2026-09-04T21:28:22.271Z] [generated] atom-16edad7fc959.svg
[2026-09-04T21:28:22.670Z] [request] atom {"type":"atom","name":"chemistry-atoms-and-elements-5-0","protons":"17","neutrons":"18","electrons":"17"}
[2026-09-04T21:28:22.671Z] [generated] atom-8fa5a057a83e.svg
[2026-09-04T21:28:22.671Z] [request] atom {"type":"atom","name":"chemistry-atoms-and-elements-5-1","protons":"3","neutrons":"4","electrons":"3"}
[2026-09-04T21:28:22.672Z] [generated] atom-7782c62e2deb.svg
[2026-09-04T21:28:22.672Z] [request] atom {"type":"atom","name":"chemistry-atoms-and-elements-5-2","protons":"6","neutrons":"6","electrons":"6"}
[2026-09-04T21:28:22.673Z] [generated] atom-2543d2421732.svg
[2026-09-04T21:28:22.674Z] [request] atom {"type":"atom","name":"chemistry-atoms-and-elements-5-3","protons":"8","neutrons":"8","electrons":"8"}
[2026-09-04T21:28:22.674Z] [generated] atom-f1af6188a120.svg
[2026-09-04T21:28:22.675Z] [request] atom {"type":"atom","name":"chemistry-atoms-and-elements-5-4","protons":"11","neutrons":"12","electrons":"11"}
[2026-09-04T21:28:22.675Z] [generated] atom-0b2c6e3938e2.svg
[2026-09-04T21:28:22.676Z] [request] atom {"type":"atom","name":"chemistry-atoms-and-elements-5-5","protons":"12","neutrons":"12","electrons":"12"}
[2026-09-04T21:28:22.676Z] [generated] atom-c73385a04090.svg
[2026-09-04T21:28:22.677Z] [request] atom {"type":"atom","name":"chemistry-atoms-and-elements-5-6","protons":"17","neutrons":"18","electrons":"17"}
[2026-09-04T21:28:22.677Z] [generated] atom-aa29f9105bf9.svg
[2026-09-04T21:28:22.678Z] [request] atom {"type":"atom","name":"chemistry-atoms-and-elements-5-7","protons":"3","neutrons":"4","electrons":"3"}
[2026-09-04T21:28:22.678Z] [generated] atom-53ad4a3a1ece.svg
[2026-09-04T21:28:22.679Z] [request] atom {"type":"atom","name":"chemistry-atoms-and-elements-5-8","protons":"6","neutrons":"6","electrons":"6"}
[2026-09-04T21:28:22.679Z] [generated] atom-6945d0c29b49.svg
[2026-09-04T21:28:22.680Z] [request] atom {"type":"atom","name":"chemistry-atoms-and-elements-5-9","protons":"8","neutrons":"8","electrons":"8"}
[2026-09-04T21:28:22.680Z] [generated] atom-3e8cd41bf866.svg
[2026-09-04T21:28:22.681Z] [request] atom {"type":"atom","name":"chemistry-atoms-and-elements-5-10","protons":"11","neutrons":"12","electrons":"11"}
[2026-09-04T21:28:22.681Z] [generated] atom-a87f7ea51c33.svg
[2026-09-04T21:28:22.682Z] [request] atom {"type":"atom","name":"chemistry-atoms-and-elements-5-11","protons":"12","neutrons":"12","electrons":"12"}
[2026-09-04T21:28:22.682Z] [generated] atom-821bedf6a4ce.svg
[2026-09-04T21:28:22.682Z] [request] atom {"type":"atom","name":"chemistry-atoms-and-elements-5-12","protons":"17","neutrons":"18","electrons":"17"}
[2026-09-04T21:28:22.683Z] [generated] atom-8c6cf7679ea3.svg
[2026-09-04T21:28:22.683Z] [request] atom {"type":"atom","name":"chemistry-atoms-and-elements-5-13","protons":"3","neutrons":"4","electrons":"3"}
[2026-09-04T21:28:22.684Z] [generated] atom-cae6fd7c595c.svg
[2026-09-04T21:28:22.684Z] [request] atom {"type":"atom","name":"chemistry-atoms-and-elements-5-14","protons":"6","neutrons":"6","electrons":"6"}
[2026-09-04T21:28:22.685Z] [generated] atom-78bb47650bbb.svg
[2026-09-04T21:28:22.685Z] [request] atom {"type":"atom","name":"chemistry-atoms-and-elements-5-15","protons":"8","neutrons":"8","electrons":"8"}
[2026-09-04T21:28:22.686Z] [generated] atom-f38c4585084e.svg
[2026-09-04T21:28:22.687Z] [request] atom {"type":"atom","name":"chemistry-atoms-and-elements-5-16","protons":"11","neutrons":"12","electrons":"11"}
[2026-09-04T21:28:22.687Z] [generated] atom-f7b6e103f5b0.svg
[2026-09-04T21:28:22.688Z] [request] atom {"type":"atom","name":"chemistry-atoms-and-elements-5-17","protons":"12","neutrons":"12","electrons":"12"}
[2026-09-04T21:28:22.688Z] [generated] atom-89641ec8f388.svg
[2026-09-04T21:28:22.688Z] [request] atom {"type":"atom","name":"chemistry-atoms-and-elements-5-18","protons":"17","neutrons":"18","electrons":"17"}
[2026-09-04T21:28:22.689Z] [generated] atom-1a8f5d38a55b.svg
[2026-09-04T21:28:22.690Z] [request] atom {"type":"atom","name":"chemistry-atoms-and-elements-5-19","protons":"3","neutrons":"4","electrons":"3"}
[2026-09-04T21:28:22.690Z] [generated] atom-04c1f2000362.svg
[2026-09-04T21:28:23.469Z] [request] atom {"type":"atom","name":"chemistry-atoms-and-elements-6-0","protons":"3","neutrons":"4","electrons":"3"}
[2026-09-04T21:28:23.470Z] [generated] atom-23fb9e20b771.svg
[2026-09-04T21:28:23.470Z] [request] atom {"type":"atom","name":"chemistry-atoms-and-elements-6-1","protons":"6","neutrons":"6","electrons":"6"}
[2026-09-04T21:28:23.471Z] [generated] atom-f07a5246d0e5.svg
[2026-09-04T21:28:23.472Z] [request] atom {"type":"atom","name":"chemistry-atoms-and-elements-6-2","protons":"8","neutrons":"8","electrons":"8"}
[2026-09-04T21:28:23.472Z] [generated] atom-e18c42c1811d.svg
[2026-09-04T21:28:23.473Z] [request] atom {"type":"atom","name":"chemistry-atoms-and-elements-6-3","protons":"11","neutrons":"12","electrons":"11"}
[2026-09-04T21:28:23.473Z] [generated] atom-eaf6a7960863.svg
[2026-09-04T21:28:23.474Z] [request] atom {"type":"atom","name":"chemistry-atoms-and-elements-6-4","protons":"12","neutrons":"12","electrons":"12"}
[2026-09-04T21:28:23.474Z] [generated] atom-38a0b6cdde0b.svg
[2026-09-04T21:28:23.475Z] [request] atom {"type":"atom","name":"chemistry-atoms-and-elements-6-5","protons":"17","neutrons":"18","electrons":"17"}
[2026-09-04T21:28:23.475Z] [generated] atom-5668c3ec25d2.svg
[2026-09-04T21:28:23.476Z] [request] atom {"type":"atom","name":"chemistry-atoms-and-elements-6-6","protons":"3","neutrons":"4","electrons":"3"}
[2026-09-04T21:28:23.476Z] [generated] atom-00b938b57bac.svg
[2026-09-04T21:28:23.477Z] [request] atom {"type":"atom","name":"chemistry-atoms-and-elements-6-7","protons":"6","neutrons":"6","electrons":"6"}
[2026-09-04T21:28:23.477Z] [generated] atom-51619f5c4309.svg
[2026-09-04T21:28:23.478Z] [request] atom {"type":"atom","name":"chemistry-atoms-and-elements-6-8","protons":"8","neutrons":"8","electrons":"8"}
[2026-09-04T21:28:23.478Z] [generated] atom-6a3b987f6e2d.svg
[2026-09-04T21:28:23.479Z] [request] atom {"type":"atom","name":"chemistry-atoms-and-elements-6-9","protons":"11","neutrons":"12","electrons":"11"}
[2026-09-04T21:28:23.479Z] [generated] atom-6fe9fb15220a.svg
[2026-09-04T21:28:23.480Z] [request] atom {"type":"atom","name":"chemistry-atoms-and-elements-6-10","protons":"12","neutrons":"12","electrons":"12"}
[2026-09-04T21:28:23.482Z] [generated] atom-c81151905072.svg
[2026-09-04T21:28:23.482Z] [request] atom {"type":"atom","name":"chemistry-atoms-and-elements-6-11","protons":"17","neutrons":"18","electrons":"17"}
[2026-09-04T21:28:23.483Z] [generated] atom-b92365890a98.svg
[2026-09-04T21:28:23.483Z] [request] atom {"type":"atom","name":"chemistry-atoms-and-elements-6-12","protons":"3","neutrons":"4","electrons":"3"}
[2026-09-04T21:28:23.484Z] [generated] atom-d9310914ec99.svg
[2026-09-04T21:28:23.484Z] [request] atom {"type":"atom","name":"chemistry-atoms-and-elements-6-13","protons":"6","neutrons":"6","electrons":"6"}
[2026-09-04T21:28:23.485Z] [generated] atom-2f23d108f2a8.svg
[2026-09-04T21:28:23.485Z] [request] atom {"type":"atom","name":"chemistry-atoms-and-elements-6-14","protons":"8","neutrons":"8","electrons":"8"}
[2026-09-04T21:28:23.486Z] [generated] atom-91a51cfe73a5.svg
[2026-09-04T21:28:23.486Z] [request] atom {"type":"atom","name":"chemistry-atoms-and-elements-6-15","protons":"11","neutrons":"12","electrons":"11"}
[2026-09-04T21:28:23.487Z] [generated] atom-ec696c9bd205.svg
[2026-09-04T21:28:23.487Z] [request] atom {"type":"atom","name":"chemistry-atoms-and-elements-6-16","protons":"12","neutrons":"12","electrons":"12"}
[2026-09-04T21:28:23.488Z] [generated] atom-8fb99fe14a32.svg
[2026-09-04T21:28:23.488Z] [request] atom {"type":"atom","name":"chemistry-atoms-and-elements-6-17","protons":"17","neutrons":"18","electrons":"17"}
[2026-09-04T21:28:23.489Z] [generated] atom-79a3a834e363.svg
[2026-09-04T21:28:23.489Z] [request] atom {"type":"atom","name":"chemistry-atoms-and-elements-6-18","protons":"3","neutrons":"4","electrons":"3"}
[2026-09-04T21:28:23.489Z] [generated] atom-eaa52cd975ba.svg
[2026-09-04T21:28:23.490Z] [request] atom {"type":"atom","name":"chemistry-atoms-and-elements-6-19","protons":"6","neutrons":"6","electrons":"6"}
[2026-09-04T21:28:23.490Z] [generated] atom-7feeaff02f2a.svg
[2026-09-04T21:28:25.932Z] [request] atom {"type":"atom","name":"chemistry-atoms-and-elements-7-0","protons":"6","neutrons":"6","electrons":"6"}
[2026-09-04T21:28:25.933Z] [generated] atom-04babd4219fa.svg
[2026-09-04T21:28:25.933Z] [request] atom {"type":"atom","name":"chemistry-atoms-and-elements-7-1","protons":"8","neutrons":"8","electrons":"8"}
[2026-09-04T21:28:25.934Z] [generated] atom-4643e5920a22.svg
[2026-09-04T21:28:25.935Z] [request] atom {"type":"atom","name":"chemistry-atoms-and-elements-7-2","protons":"11","neutrons":"12","electrons":"11"}
[2026-09-04T21:28:25.935Z] [generated] atom-0bfcadea3bcf.svg
[2026-09-04T21:28:25.936Z] [request] atom {"type":"atom","name":"chemistry-atoms-and-elements-7-3","protons":"12","neutrons":"12","electrons":"12"}
[2026-09-04T21:28:25.936Z] [generated] atom-15cec35d16f0.svg
[2026-09-04T21:28:25.937Z] [request] atom {"type":"atom","name":"chemistry-atoms-and-elements-7-4","protons":"17","neutrons":"18","electrons":"17"}
[2026-09-04T21:28:25.937Z] [generated] atom-00373b1d8744.svg
[2026-09-04T21:28:25.938Z] [request] atom {"type":"atom","name":"chemistry-atoms-and-elements-7-5","protons":"3","neutrons":"4","electrons":"3"}
[2026-09-04T21:28:25.938Z] [generated] atom-ac239068224d.svg
[2026-09-04T21:28:25.939Z] [request] atom {"type":"atom","name":"chemistry-atoms-and-elements-7-6","protons":"6","neutrons":"6","electrons":"6"}
[2026-09-04T21:28:25.939Z] [generated] atom-f343187f8b95.svg
[2026-09-04T21:28:25.940Z] [request] atom {"type":"atom","name":"chemistry-atoms-and-elements-7-7","protons":"8","neutrons":"8","electrons":"8"}
[2026-09-04T21:28:25.940Z] [generated] atom-3e7b4dcc6848.svg
[2026-09-04T21:28:25.941Z] [request] atom {"type":"atom","name":"chemistry-atoms-and-elements-7-8","protons":"11","neutrons":"12","electrons":"11"}
[2026-09-04T21:28:25.941Z] [generated] atom-bd80e5b89553.svg
[2026-09-04T21:28:25.942Z] [request] atom {"type":"atom","name":"chemistry-atoms-and-elements-7-9","protons":"12","neutrons":"12","electrons":"12"}
[2026-09-04T21:28:25.942Z] [generated] atom-de44bcdb2190.svg
[2026-09-04T21:28:25.943Z] [request] atom {"type":"atom","name":"chemistry-atoms-and-elements-7-10","protons":"17","neutrons":"18","electrons":"17"}
[2026-09-04T21:28:25.943Z] [generated] atom-e264f2b63b8b.svg
[2026-09-04T21:28:25.944Z] [request] atom {"type":"atom","name":"chemistry-atoms-and-elements-7-11","protons":"3","neutrons":"4","electrons":"3"}
[2026-09-04T21:28:25.944Z] [generated] atom-acabe59e3db3.svg
[2026-09-04T21:28:25.945Z] [request] atom {"type":"atom","name":"chemistry-atoms-and-elements-7-12","protons":"6","neutrons":"6","electrons":"6"}
[2026-09-04T21:28:25.946Z] [generated] atom-734c7537f682.svg
[2026-09-04T21:28:25.946Z] [request] atom {"type":"atom","name":"chemistry-atoms-and-elements-7-13","protons":"8","neutrons":"8","electrons":"8"}
[2026-09-04T21:28:25.947Z] [generated] atom-6937063f5ace.svg
[2026-09-04T21:28:25.947Z] [request] atom {"type":"atom","name":"chemistry-atoms-and-elements-7-14","protons":"11","neutrons":"12","electrons":"11"}
[2026-09-04T21:28:25.948Z] [generated] atom-4de336c350b2.svg
[2026-09-04T21:28:25.948Z] [request] atom {"type":"atom","name":"chemistry-atoms-and-elements-7-15","protons":"12","neutrons":"12","electrons":"12"}
[2026-09-04T21:28:25.949Z] [generated] atom-9244a39fc334.svg
[2026-09-04T21:28:25.949Z] [request] atom {"type":"atom","name":"chemistry-atoms-and-elements-7-16","protons":"17","neutrons":"18","electrons":"17"}
[2026-09-04T21:28:25.950Z] [generated] atom-f7bfd7f3b20b.svg
[2026-09-04T21:28:25.950Z] [request] atom {"type":"atom","name":"chemistry-atoms-and-elements-7-17","protons":"3","neutrons":"4","electrons":"3"}
[2026-09-04T21:28:25.951Z] [generated] atom-1a6a73dc7713.svg
[2026-09-04T21:28:25.951Z] [request] atom {"type":"atom","name":"chemistry-atoms-and-elements-7-18","protons":"6","neutrons":"6","electrons":"6"}
[2026-09-04T21:28:25.952Z] [generated] atom-b98dd2cabdf1.svg
[2026-09-04T21:28:25.952Z] [request] atom {"type":"atom","name":"chemistry-atoms-and-elements-7-19","protons":"8","neutrons":"8","electrons":"8"}
[2026-09-04T21:28:25.953Z] [generated] atom-73ab57927a03.svg
[2026-09-04T21:29:01.465Z] [request] atom {"type":"atom","name":"chemistry-atoms-and-elements-1-0","protons":"6","neutrons":"6","electrons":"6"}
[2026-09-04T21:29:01.466Z] [generated] atom-e2dfafd34abc.svg
[2026-09-04T21:29:01.467Z] [request] atom {"type":"atom","name":"chemistry-atoms-and-elements-1-9","protons":"12","neutrons":"12","electrons":"12"}
[2026-09-04T21:29:01.467Z] [generated] atom-8178dbec0e04.svg
[2026-09-04T21:29:01.468Z] [request] atom {"type":"atom","name":"chemistry-atoms-and-elements-1-10","protons":"17","neutrons":"18","electrons":"17"}
[2026-09-04T21:29:01.468Z] [generated] atom-ca707c7e1b41.svg
[2026-09-04T21:29:01.469Z] [request] atom {"type":"atom","name":"chemistry-atoms-and-elements-1-11","protons":"3","neutrons":"4","electrons":"3"}
[2026-09-04T21:29:01.469Z] [generated] atom-7e801ac34d56.svg
[2026-09-04T21:29:01.470Z] [request] atom {"type":"atom","name":"chemistry-atoms-and-elements-1-12","protons":"6","neutrons":"6","electrons":"6"}
[2026-09-04T21:29:01.471Z] [generated] atom-54d4c3c5e673.svg
[2026-09-04T21:29:01.471Z] [request] atom {"type":"atom","name":"chemistry-atoms-and-elements-1-13","protons":"8","neutrons":"8","electrons":"8"}
[2026-09-04T21:29:01.471Z] [generated] atom-c40d6dfbe0b9.svg
[2026-09-04T21:29:01.472Z] [request] atom {"type":"atom","name":"chemistry-atoms-and-elements-1-14","protons":"11","neutrons":"12","electrons":"11"}
[2026-09-04T21:29:01.472Z] [generated] atom-bea22f2728b9.svg
[2026-09-04T21:29:01.473Z] [request] atom {"type":"atom","name":"chemistry-atoms-and-elements-1-15","protons":"12","neutrons":"12","electrons":"12"}
[2026-09-04T21:29:01.473Z] [generated] atom-1519fa4495a5.svg
[2026-09-04T21:29:01.474Z] [request] atom {"type":"atom","name":"chemistry-atoms-and-elements-1-16","protons":"17","neutrons":"18","electrons":"17"}
[2026-09-04T21:29:01.474Z] [generated] atom-1399a381c32e.svg
[2026-09-04T21:29:01.475Z] [request] atom {"type":"atom","name":"chemistry-atoms-and-elements-1-17","protons":"3","neutrons":"4","electrons":"3"}
[2026-09-04T21:29:01.475Z] [generated] atom-0c8dbe8c35a3.svg
[2026-09-04T21:29:01.476Z] [request] atom {"type":"atom","name":"chemistry-atoms-and-elements-1-18","protons":"6","neutrons":"6","electrons":"6"}
[2026-09-04T21:29:01.476Z] [generated] atom-b27e0aaef8a6.svg
[2026-09-04T21:29:01.477Z] [request] atom {"type":"atom","name":"chemistry-atoms-and-elements-1-19","protons":"8","neutrons":"8","electrons":"8"}
[2026-09-04T21:29:01.477Z] [generated] atom-ff1accc47ce1.svg
[2026-09-04T21:29:01.477Z] [request] atom {"type":"atom","name":"chemistry-atoms-and-elements-1-1","protons":"8","neutrons":"8","electrons":"8"}
[2026-09-04T21:29:01.478Z] [generated] atom-3fbe6cfa6c24.svg
[2026-09-04T21:29:01.478Z] [request] atom {"type":"atom","name":"chemistry-atoms-and-elements-1-2","protons":"11","neutrons":"12","electrons":"11"}
[2026-09-04T21:29:01.479Z] [generated] atom-d7425cac69ec.svg
[2026-09-04T21:29:01.480Z] [request] atom {"type":"atom","name":"chemistry-atoms-and-elements-1-3","protons":"12","neutrons":"12","electrons":"12"}
[2026-09-04T21:29:01.480Z] [generated] atom-92af983e23a8.svg
[2026-09-04T21:29:01.481Z] [request] atom {"type":"atom","name":"chemistry-atoms-and-elements-1-4","protons":"17","neutrons":"18","electrons":"17"}
[2026-09-04T21:29:01.481Z] [generated] atom-2ea9e21033d2.svg
[2026-09-04T21:29:01.481Z] [request] atom {"type":"atom","name":"chemistry-atoms-and-elements-1-5","protons":"3","neutrons":"4","electrons":"3"}
[2026-09-04T21:29:01.482Z] [generated] atom-50a1b3a6217a.svg
[2026-09-04T21:29:01.482Z] [request] atom {"type":"atom","name":"chemistry-atoms-and-elements-1-6","protons":"6","neutrons":"6","electrons":"6"}
[2026-09-04T21:29:01.483Z] [generated] atom-b18dfb68f268.svg
[2026-09-04T21:29:01.483Z] [request] atom {"type":"atom","name":"chemistry-atoms-and-elements-1-7","protons":"8","neutrons":"8","electrons":"8"}
[2026-09-04T21:29:01.484Z] [generated] atom-b9f371830285.svg
[2026-09-04T21:29:01.484Z] [request] atom {"type":"atom","name":"chemistry-atoms-and-elements-1-8","protons":"11","neutrons":"12","electrons":"11"}
[2026-09-04T21:29:01.484Z] [generated] atom-912bbcdbadbe.svg
[2026-09-04T21:29:03.012Z] [request] atom {"type":"atom","name":"chemistry-atoms-and-elements-2-0","protons":"8","neutrons":"8","electrons":"8"}
[2026-09-04T21:29:03.013Z] [generated] atom-e45b045b996e.svg
[2026-09-04T21:29:03.014Z] [request] atom {"type":"atom","name":"chemistry-atoms-and-elements-2-1","protons":"11","neutrons":"12","electrons":"11"}
[2026-09-04T21:29:03.015Z] [generated] atom-71c3be62ba68.svg
[2026-09-04T21:29:03.016Z] [request] atom {"type":"atom","name":"chemistry-atoms-and-elements-2-2","protons":"12","neutrons":"12","electrons":"12"}
[2026-09-04T21:29:03.016Z] [generated] atom-3d5db616b658.svg
[2026-09-04T21:29:03.017Z] [request] atom {"type":"atom","name":"chemistry-atoms-and-elements-2-3","protons":"17","neutrons":"18","electrons":"17"}
[2026-09-04T21:29:03.017Z] [generated] atom-a976b39411ae.svg
[2026-09-04T21:29:03.018Z] [request] atom {"type":"atom","name":"chemistry-atoms-and-elements-2-4","protons":"3","neutrons":"4","electrons":"3"}
[2026-09-04T21:29:03.019Z] [generated] atom-056486bdd312.svg
[2026-09-04T21:29:03.019Z] [request] atom {"type":"atom","name":"chemistry-atoms-and-elements-2-5","protons":"6","neutrons":"6","electrons":"6"}
[2026-09-04T21:29:03.019Z] [generated] atom-cfdb1554fe15.svg
[2026-09-04T21:29:03.020Z] [request] atom {"type":"atom","name":"chemistry-atoms-and-elements-2-6","protons":"8","neutrons":"8","electrons":"8"}
[2026-09-04T21:29:03.020Z] [generated] atom-2305d6591b78.svg
[2026-09-04T21:29:03.021Z] [request] atom {"type":"atom","name":"chemistry-atoms-and-elements-2-7","protons":"11","neutrons":"12","electrons":"11"}
[2026-09-04T21:29:03.021Z] [generated] atom-c7815f0a6c8a.svg
[2026-09-04T21:29:03.022Z] [request] atom {"type":"atom","name":"chemistry-atoms-and-elements-2-8","protons":"12","neutrons":"12","electrons":"12"}
[2026-09-04T21:29:03.022Z] [generated] atom-b5cd4e8f1c0a.svg
[2026-09-04T21:29:03.023Z] [request] atom {"type":"atom","name":"chemistry-atoms-and-elements-2-9","protons":"17","neutrons":"18","electrons":"17"}
[2026-09-04T21:29:03.024Z] [generated] atom-0c4839c81c51.svg
[2026-09-04T21:29:03.024Z] [request] atom {"type":"atom","name":"chemistry-atoms-and-elements-2-10","protons":"3","neutrons":"4","electrons":"3"}
[2026-09-04T21:29:03.025Z] [generated] atom-dc997ed27220.svg
[2026-09-04T21:29:03.025Z] [request] atom {"type":"atom","name":"chemistry-atoms-and-elements-2-11","protons":"6","neutrons":"6","electrons":"6"}
[2026-09-04T21:29:03.026Z] [generated] atom-c291fe5f6813.svg
[2026-09-04T21:29:03.026Z] [request] atom {"type":"atom","name":"chemistry-atoms-and-elements-2-12","protons":"8","neutrons":"8","electrons":"8"}
[2026-09-04T21:29:03.026Z] [generated] atom-07a5e780cad2.svg
[2026-09-04T21:29:03.027Z] [request] atom {"type":"atom","name":"chemistry-atoms-and-elements-2-13","protons":"11","neutrons":"12","electrons":"11"}
[2026-09-04T21:29:03.027Z] [generated] atom-eb1428c25de8.svg
[2026-09-04T21:29:03.028Z] [request] atom {"type":"atom","name":"chemistry-atoms-and-elements-2-14","protons":"12","neutrons":"12","electrons":"12"}
[2026-09-04T21:29:03.028Z] [generated] atom-e52415d26a05.svg
[2026-09-04T21:29:03.029Z] [request] atom {"type":"atom","name":"chemistry-atoms-and-elements-2-15","protons":"17","neutrons":"18","electrons":"17"}
[2026-09-04T21:29:03.029Z] [generated] atom-a4a550c7401d.svg
[2026-09-04T21:29:03.030Z] [request] atom {"type":"atom","name":"chemistry-atoms-and-elements-2-16","protons":"3","neutrons":"4","electrons":"3"}
[2026-09-04T21:29:03.030Z] [generated] atom-064c7fc19a13.svg
[2026-09-04T21:29:03.031Z] [request] atom {"type":"atom","name":"chemistry-atoms-and-elements-2-17","protons":"6","neutrons":"6","electrons":"6"}
[2026-09-04T21:29:03.031Z] [generated] atom-f78c794b50e0.svg
[2026-09-04T21:29:03.032Z] [request] atom {"type":"atom","name":"chemistry-atoms-and-elements-2-18","protons":"8","neutrons":"8","electrons":"8"}
[2026-09-04T21:29:03.033Z] [generated] atom-d41010cd7cfe.svg
[2026-09-04T21:29:03.033Z] [request] atom {"type":"atom","name":"chemistry-atoms-and-elements-2-19","protons":"11","neutrons":"12","electrons":"11"}
[2026-09-04T21:29:03.034Z] [generated] atom-3392acf86f77.svg
[2026-09-04T21:29:03.535Z] [request] atom {"type":"atom","name":"chemistry-atoms-and-elements-3-0","protons":"11","neutrons":"12","electrons":"11"}
[2026-09-04T21:29:03.537Z] [generated] atom-1c60f284d76c.svg
[2026-09-04T21:29:03.537Z] [request] atom {"type":"atom","name":"chemistry-atoms-and-elements-3-1","protons":"12","neutrons":"12","electrons":"12"}
[2026-09-04T21:29:03.538Z] [generated] atom-6dba8345ebf8.svg
[2026-09-04T21:29:03.538Z] [request] atom {"type":"atom","name":"chemistry-atoms-and-elements-3-2","protons":"17","neutrons":"18","electrons":"17"}
[2026-09-04T21:29:03.539Z] [generated] atom-7e7f088dcf30.svg
[2026-09-04T21:29:03.539Z] [request] atom {"type":"atom","name":"chemistry-atoms-and-elements-3-3","protons":"3","neutrons":"4","electrons":"3"}
[2026-09-04T21:29:03.540Z] [generated] atom-2380bc7e2473.svg
[2026-09-04T21:29:03.540Z] [request] atom {"type":"atom","name":"chemistry-atoms-and-elements-3-4","protons":"6","neutrons":"6","electrons":"6"}
[2026-09-04T21:29:03.541Z] [generated] atom-f32b526d6bc5.svg
[2026-09-04T21:29:03.541Z] [request] atom {"type":"atom","name":"chemistry-atoms-and-elements-3-5","protons":"8","neutrons":"8","electrons":"8"}
[2026-09-04T21:29:03.542Z] [generated] atom-04abe652e320.svg
[2026-09-04T21:29:03.542Z] [request] atom {"type":"atom","name":"chemistry-atoms-and-elements-3-6","protons":"11","neutrons":"12","electrons":"11"}
[2026-09-04T21:29:03.542Z] [generated] atom-1f1284dbcb1a.svg
[2026-09-04T21:29:03.543Z] [request] atom {"type":"atom","name":"chemistry-atoms-and-elements-3-7","protons":"12","neutrons":"12","electrons":"12"}
[2026-09-04T21:29:03.543Z] [generated] atom-538bd51e8883.svg
[2026-09-04T21:29:03.544Z] [request] atom {"type":"atom","name":"chemistry-atoms-and-elements-3-8","protons":"17","neutrons":"18","electrons":"17"}
[2026-09-04T21:29:03.544Z] [generated] atom-512319e23d98.svg
[2026-09-04T21:29:03.545Z] [request] atom {"type":"atom","name":"chemistry-atoms-and-elements-3-9","protons":"3","neutrons":"4","electrons":"3"}
[2026-09-04T21:29:03.545Z] [generated] atom-2165ba6df5a9.svg
[2026-09-04T21:29:03.545Z] [request] atom {"type":"atom","name":"chemistry-atoms-and-elements-3-10","protons":"6","neutrons":"6","electrons":"6"}
[2026-09-04T21:29:03.546Z] [generated] atom-d575ce5e301f.svg
[2026-09-04T21:29:03.546Z] [request] atom {"type":"atom","name":"chemistry-atoms-and-elements-3-11","protons":"8","neutrons":"8","electrons":"8"}
[2026-09-04T21:29:03.547Z] [generated] atom-c05ef2017bbd.svg
[2026-09-04T21:29:03.547Z] [request] atom {"type":"atom","name":"chemistry-atoms-and-elements-3-12","protons":"11","neutrons":"12","electrons":"11"}
[2026-09-04T21:29:03.548Z] [generated] atom-c0c40d5d0e39.svg
[2026-09-04T21:29:03.548Z] [request] atom {"type":"atom","name":"chemistry-atoms-and-elements-3-13","protons":"12","neutrons":"12","electrons":"12"}
[2026-09-04T21:29:03.548Z] [generated] atom-22d73e201f79.svg
[2026-09-04T21:29:03.549Z] [request] atom {"type":"atom","name":"chemistry-atoms-and-elements-3-14","protons":"17","neutrons":"18","electrons":"17"}
[2026-09-04T21:29:03.549Z] [generated] atom-41f0ba92b3f6.svg
[2026-09-04T21:29:03.550Z] [request] atom {"type":"atom","name":"chemistry-atoms-and-elements-3-15","protons":"3","neutrons":"4","electrons":"3"}
[2026-09-04T21:29:03.550Z] [generated] atom-1103bb94a745.svg
[2026-09-04T21:29:03.551Z] [request] atom {"type":"atom","name":"chemistry-atoms-and-elements-3-16","protons":"6","neutrons":"6","electrons":"6"}
[2026-09-04T21:29:03.551Z] [generated] atom-d6a02e3080c6.svg
[2026-09-04T21:29:03.552Z] [request] atom {"type":"atom","name":"chemistry-atoms-and-elements-3-17","protons":"8","neutrons":"8","electrons":"8"}
[2026-09-04T21:29:03.552Z] [generated] atom-ea6e70c5b265.svg
[2026-09-04T21:29:03.552Z] [request] atom {"type":"atom","name":"chemistry-atoms-and-elements-3-18","protons":"11","neutrons":"12","electrons":"11"}
[2026-09-04T21:29:03.553Z] [generated] atom-dab04e1d6bf6.svg
[2026-09-04T21:29:03.553Z] [request] atom {"type":"atom","name":"chemistry-atoms-and-elements-3-19","protons":"12","neutrons":"12","electrons":"12"}
[2026-09-04T21:29:03.554Z] [generated] atom-37f00cb997fb.svg
[2026-09-04T21:29:04.063Z] [request] atom {"type":"atom","name":"chemistry-atoms-and-elements-4-0","protons":"12","neutrons":"12","electrons":"12"}
[2026-09-04T21:29:04.064Z] [generated] atom-22a4c7085492.svg
[2026-09-04T21:29:04.064Z] [request] atom {"type":"atom","name":"chemistry-atoms-and-elements-4-1","protons":"17","neutrons":"18","electrons":"17"}
[2026-09-04T21:29:04.065Z] [generated] atom-5a24a3c654c9.svg
[2026-09-04T21:29:04.065Z] [request] atom {"type":"atom","name":"chemistry-atoms-and-elements-4-2","protons":"3","neutrons":"4","electrons":"3"}
[2026-09-04T21:29:04.066Z] [generated] atom-0b8f55da73bb.svg
[2026-09-04T21:29:04.067Z] [request] atom {"type":"atom","name":"chemistry-atoms-and-elements-4-3","protons":"6","neutrons":"6","electrons":"6"}
[2026-09-04T21:29:04.067Z] [generated] atom-309dbda73a79.svg
[2026-09-04T21:29:04.068Z] [request] atom {"type":"atom","name":"chemistry-atoms-and-elements-4-4","protons":"8","neutrons":"8","electrons":"8"}
[2026-09-04T21:29:04.068Z] [generated] atom-944a80061f71.svg
[2026-09-04T21:29:04.069Z] [request] atom {"type":"atom","name":"chemistry-atoms-and-elements-4-5","protons":"11","neutrons":"12","electrons":"11"}
[2026-09-04T21:29:04.069Z] [generated] atom-d652b845a496.svg
[2026-09-04T21:29:04.070Z] [request] atom {"type":"atom","name":"chemistry-atoms-and-elements-4-6","protons":"12","neutrons":"12","electrons":"12"}
[2026-09-04T21:29:04.070Z] [generated] atom-678b010db32a.svg
[2026-09-04T21:29:04.071Z] [request] atom {"type":"atom","name":"chemistry-atoms-and-elements-4-7","protons":"17","neutrons":"18","electrons":"17"}
[2026-09-04T21:29:04.071Z] [generated] atom-ec3e82c83929.svg
[2026-09-04T21:29:04.072Z] [request] atom {"type":"atom","name":"chemistry-atoms-and-elements-4-8","protons":"3","neutrons":"4","electrons":"3"}
[2026-09-04T21:29:04.072Z] [generated] atom-035dd372b7cd.svg
[2026-09-04T21:29:04.072Z] [request] atom {"type":"atom","name":"chemistry-atoms-and-elements-4-9","protons":"6","neutrons":"6","electrons":"6"}
[2026-09-04T21:29:04.073Z] [generated] atom-7053bfb39597.svg
[2026-09-04T21:29:04.073Z] [request] atom {"type":"atom","name":"chemistry-atoms-and-elements-4-10","protons":"8","neutrons":"8","electrons":"8"}
[2026-09-04T21:29:04.074Z] [generated] atom-f87bb28d3ce4.svg
[2026-09-04T21:29:04.074Z] [request] atom {"type":"atom","name":"chemistry-atoms-and-elements-4-11","protons":"11","neutrons":"12","electrons":"11"}
[2026-09-04T21:29:04.075Z] [generated] atom-35dadb3f64d8.svg
[2026-09-04T21:29:04.075Z] [request] atom {"type":"atom","name":"chemistry-atoms-and-elements-4-12","protons":"12","neutrons":"12","electrons":"12"}
[2026-09-04T21:29:04.075Z] [generated] atom-4d003a3b8bf0.svg
[2026-09-04T21:29:04.076Z] [request] atom {"type":"atom","name":"chemistry-atoms-and-elements-4-13","protons":"17","neutrons":"18","electrons":"17"}
[2026-09-04T21:29:04.076Z] [generated] atom-c2aa0d0fbcff.svg
[2026-09-04T21:29:04.077Z] [request] atom {"type":"atom","name":"chemistry-atoms-and-elements-4-14","protons":"3","neutrons":"4","electrons":"3"}
[2026-09-04T21:29:04.077Z] [generated] atom-c4845abb5f9b.svg
[2026-09-04T21:29:04.078Z] [request] atom {"type":"atom","name":"chemistry-atoms-and-elements-4-15","protons":"6","neutrons":"6","electrons":"6"}
[2026-09-04T21:29:04.078Z] [generated] atom-3aa9caf2f219.svg
[2026-09-04T21:29:04.078Z] [request] atom {"type":"atom","name":"chemistry-atoms-and-elements-4-16","protons":"8","neutrons":"8","electrons":"8"}
[2026-09-04T21:29:04.079Z] [generated] atom-e31747a5f427.svg
[2026-09-04T21:29:04.079Z] [request] atom {"type":"atom","name":"chemistry-atoms-and-elements-4-17","protons":"11","neutrons":"12","electrons":"11"}
[2026-09-04T21:29:04.080Z] [generated] atom-5cfa677a53fa.svg
[2026-09-04T21:29:04.080Z] [request] atom {"type":"atom","name":"chemistry-atoms-and-elements-4-18","protons":"12","neutrons":"12","electrons":"12"}
[2026-09-04T21:29:04.080Z] [generated] atom-0839e14c9202.svg
[2026-09-04T21:29:04.081Z] [request] atom {"type":"atom","name":"chemistry-atoms-and-elements-4-19","protons":"17","neutrons":"18","electrons":"17"}
[2026-09-04T21:29:04.081Z] [generated] atom-16edad7fc959.svg
[2026-09-04T21:29:04.435Z] [request] atom {"type":"atom","name":"chemistry-atoms-and-elements-5-0","protons":"17","neutrons":"18","electrons":"17"}
[2026-09-04T21:29:04.436Z] [generated] atom-8fa5a057a83e.svg
[2026-09-04T21:29:04.437Z] [request] atom {"type":"atom","name":"chemistry-atoms-and-elements-5-1","protons":"3","neutrons":"4","electrons":"3"}
[2026-09-04T21:29:04.438Z] [generated] atom-7782c62e2deb.svg
[2026-09-04T21:29:04.438Z] [request] atom {"type":"atom","name":"chemistry-atoms-and-elements-5-2","protons":"6","neutrons":"6","electrons":"6"}
[2026-09-04T21:29:04.439Z] [generated] atom-2543d2421732.svg
[2026-09-04T21:29:04.439Z] [request] atom {"type":"atom","name":"chemistry-atoms-and-elements-5-3","protons":"8","neutrons":"8","electrons":"8"}
[2026-09-04T21:29:04.440Z] [generated] atom-f1af6188a120.svg
[2026-09-04T21:29:04.440Z] [request] atom {"type":"atom","name":"chemistry-atoms-and-elements-5-4","protons":"11","neutrons":"12","electrons":"11"}
[2026-09-04T21:29:04.441Z] [generated] atom-0b2c6e3938e2.svg
[2026-09-04T21:29:04.441Z] [request] atom {"type":"atom","name":"chemistry-atoms-and-elements-5-5","protons":"12","neutrons":"12","electrons":"12"}
[2026-09-04T21:29:04.442Z] [generated] atom-c73385a04090.svg
[2026-09-04T21:29:04.442Z] [request] atom {"type":"atom","name":"chemistry-atoms-and-elements-5-6","protons":"17","neutrons":"18","electrons":"17"}
[2026-09-04T21:29:04.442Z] [generated] atom-aa29f9105bf9.svg
[2026-09-04T21:29:04.443Z] [request] atom {"type":"atom","name":"chemistry-atoms-and-elements-5-7","protons":"3","neutrons":"4","electrons":"3"}
[2026-09-04T21:29:04.443Z] [generated] atom-53ad4a3a1ece.svg
[2026-09-04T21:29:04.444Z] [request] atom {"type":"atom","name":"chemistry-atoms-and-elements-5-8","protons":"6","neutrons":"6","electrons":"6"}
[2026-09-04T21:29:04.444Z] [generated] atom-6945d0c29b49.svg
[2026-09-04T21:29:04.444Z] [request] atom {"type":"atom","name":"chemistry-atoms-and-elements-5-9","protons":"8","neutrons":"8","electrons":"8"}
[2026-09-04T21:29:04.445Z] [generated] atom-3e8cd41bf866.svg
[2026-09-04T21:29:04.445Z] [request] atom {"type":"atom","name":"chemistry-atoms-and-elements-5-10","protons":"11","neutrons":"12","electrons":"11"}
[2026-09-04T21:29:04.446Z] [generated] atom-a87f7ea51c33.svg
[2026-09-04T21:29:04.446Z] [request] atom {"type":"atom","name":"chemistry-atoms-and-elements-5-11","protons":"12","neutrons":"12","electrons":"12"}
[2026-09-04T21:29:04.447Z] [generated] atom-821bedf6a4ce.svg
[2026-09-04T21:29:04.447Z] [request] atom {"type":"atom","name":"chemistry-atoms-and-elements-5-12","protons":"17","neutrons":"18","electrons":"17"}
[2026-09-04T21:29:04.448Z] [generated] atom-8c6cf7679ea3.svg
[2026-09-04T21:29:04.448Z] [request] atom {"type":"atom","name":"chemistry-atoms-and-elements-5-13","protons":"3","neutrons":"4","electrons":"3"}
[2026-09-04T21:29:04.449Z] [generated] atom-cae6fd7c595c.svg
[2026-09-04T21:29:04.449Z] [request] atom {"type":"atom","name":"chemistry-atoms-and-elements-5-14","protons":"6","neutrons":"6","electrons":"6"}
[2026-09-04T21:29:04.450Z] [generated] atom-78bb47650bbb.svg
[2026-09-04T21:29:04.450Z] [request] atom {"type":"atom","name":"chemistry-atoms-and-elements-5-15","protons":"8","neutrons":"8","electrons":"8"}
[2026-09-04T21:29:04.451Z] [generated] atom-f38c4585084e.svg
[2026-09-04T21:29:04.451Z] [request] atom {"type":"atom","name":"chemistry-atoms-and-elements-5-16","protons":"11","neutrons":"12","electrons":"11"}
[2026-09-04T21:29:04.452Z] [generated] atom-f7b6e103f5b0.svg
[2026-09-04T21:29:04.452Z] [request] atom {"type":"atom","name":"chemistry-atoms-and-elements-5-17","protons":"12","neutrons":"12","electrons":"12"}
[2026-09-04T21:29:04.453Z] [generated] atom-89641ec8f388.svg
[2026-09-04T21:29:04.453Z] [request] atom {"type":"atom","name":"chemistry-atoms-and-elements-5-18","protons":"17","neutrons":"18","electrons":"17"}
[2026-09-04T21:29:04.454Z] [generated] atom-1a8f5d38a55b.svg
[2026-09-04T21:29:04.454Z] [request] atom {"type":"atom","name":"chemistry-atoms-and-elements-5-19","protons":"3","neutrons":"4","electrons":"3"}
[2026-09-04T21:29:04.455Z] [generated] atom-04c1f2000362.svg
[2026-09-04T21:29:04.898Z] [request] atom {"type":"atom","name":"chemistry-atoms-and-elements-6-0","protons":"3","neutrons":"4","electrons":"3"}
[2026-09-04T21:29:04.899Z] [generated] atom-23fb9e20b771.svg
[2026-09-04T21:29:04.899Z] [request] atom {"type":"atom","name":"chemistry-atoms-and-elements-6-1","protons":"6","neutrons":"6","electrons":"6"}
[2026-09-04T21:29:04.900Z] [generated] atom-f07a5246d0e5.svg
[2026-09-04T21:29:04.900Z] [request] atom {"type":"atom","name":"chemistry-atoms-and-elements-6-2","protons":"8","neutrons":"8","electrons":"8"}
[2026-09-04T21:29:04.901Z] [generated] atom-e18c42c1811d.svg
[2026-09-04T21:29:04.902Z] [request] atom {"type":"atom","name":"chemistry-atoms-and-elements-6-3","protons":"11","neutrons":"12","electrons":"11"}
[2026-09-04T21:29:04.903Z] [generated] atom-eaf6a7960863.svg
[2026-09-04T21:29:04.903Z] [request] atom {"type":"atom","name":"chemistry-atoms-and-elements-6-4","protons":"12","neutrons":"12","electrons":"12"}
[2026-09-04T21:29:04.904Z] [generated] atom-38a0b6cdde0b.svg
[2026-09-04T21:29:04.904Z] [request] atom {"type":"atom","name":"chemistry-atoms-and-elements-6-5","protons":"17","neutrons":"18","electrons":"17"}
[2026-09-04T21:29:04.904Z] [generated] atom-5668c3ec25d2.svg
[2026-09-04T21:29:04.905Z] [request] atom {"type":"atom","name":"chemistry-atoms-and-elements-6-6","protons":"3","neutrons":"4","electrons":"3"}
[2026-09-04T21:29:04.906Z] [generated] atom-00b938b57bac.svg
[2026-09-04T21:29:04.906Z] [request] atom {"type":"atom","name":"chemistry-atoms-and-elements-6-7","protons":"6","neutrons":"6","electrons":"6"}
[2026-09-04T21:29:04.907Z] [generated] atom-51619f5c4309.svg
[2026-09-04T21:29:04.907Z] [request] atom {"type":"atom","name":"chemistry-atoms-and-elements-6-8","protons":"8","neutrons":"8","electrons":"8"}
[2026-09-04T21:29:04.908Z] [generated] atom-6a3b987f6e2d.svg
[2026-09-04T21:29:04.908Z] [request] atom {"type":"atom","name":"chemistry-atoms-and-elements-6-9","protons":"11","neutrons":"12","electrons":"11"}
[2026-09-04T21:29:04.909Z] [generated] atom-6fe9fb15220a.svg
[2026-09-04T21:29:04.910Z] [request] atom {"type":"atom","name":"chemistry-atoms-and-elements-6-10","protons":"12","neutrons":"12","electrons":"12"}
[2026-09-04T21:29:04.910Z] [generated] atom-c81151905072.svg
[2026-09-04T21:29:04.911Z] [request] atom {"type":"atom","name":"chemistry-atoms-and-elements-6-11","protons":"17","neutrons":"18","electrons":"17"}
[2026-09-04T21:29:04.911Z] [generated] atom-b92365890a98.svg
[2026-09-04T21:29:04.912Z] [request] atom {"type":"atom","name":"chemistry-atoms-and-elements-6-12","protons":"3","neutrons":"4","electrons":"3"}
[2026-09-04T21:29:04.912Z] [generated] atom-d9310914ec99.svg
[2026-09-04T21:29:04.913Z] [request] atom {"type":"atom","name":"chemistry-atoms-and-elements-6-13","protons":"6","neutrons":"6","electrons":"6"}
[2026-09-04T21:29:04.914Z] [generated] atom-2f23d108f2a8.svg
[2026-09-04T21:29:04.914Z] [request] atom {"type":"atom","name":"chemistry-atoms-and-elements-6-14","protons":"8","neutrons":"8","electrons":"8"}
[2026-09-04T21:29:04.915Z] [generated] atom-91a51cfe73a5.svg
[2026-09-04T21:29:04.915Z] [request] atom {"type":"atom","name":"chemistry-atoms-and-elements-6-15","protons":"11","neutrons":"12","electrons":"11"}
[2026-09-04T21:29:04.916Z] [generated] atom-ec696c9bd205.svg
[2026-09-04T21:29:04.916Z] [request] atom {"type":"atom","name":"chemistry-atoms-and-elements-6-16","protons":"12","neutrons":"12","electrons":"12"}
[2026-09-04T21:29:04.917Z] [generated] atom-8fb99fe14a32.svg
[2026-09-04T21:29:04.917Z] [request] atom {"type":"atom","name":"chemistry-atoms-and-elements-6-17","protons":"17","neutrons":"18","electrons":"17"}
[2026-09-04T21:29:04.918Z] [generated] atom-79a3a834e363.svg
[2026-09-04T21:29:04.919Z] [request] atom {"type":"atom","name":"chemistry-atoms-and-elements-6-18","protons":"3","neutrons":"4","electrons":"3"}
[2026-09-04T21:29:04.919Z] [generated] atom-eaa52cd975ba.svg
[2026-09-04T21:29:04.919Z] [request] atom {"type":"atom","name":"chemistry-atoms-and-elements-6-19","protons":"6","neutrons":"6","electrons":"6"}
[2026-09-04T21:29:04.920Z] [generated] atom-7feeaff02f2a.svg
[2026-09-04T21:29:06.108Z] [request] atom {"type":"atom","name":"chemistry-atoms-and-elements-7-0","protons":"6","neutrons":"6","electrons":"6"}
[2026-09-04T21:29:06.109Z] [generated] atom-04babd4219fa.svg
[2026-09-04T21:29:06.109Z] [request] atom {"type":"atom","name":"chemistry-atoms-and-elements-7-1","protons":"8","neutrons":"8","electrons":"8"}
[2026-09-04T21:29:06.110Z] [generated] atom-4643e5920a22.svg
[2026-09-04T21:29:06.110Z] [request] atom {"type":"atom","name":"chemistry-atoms-and-elements-7-2","protons":"11","neutrons":"12","electrons":"11"}
[2026-09-04T21:29:06.111Z] [generated] atom-0bfcadea3bcf.svg
[2026-09-04T21:29:06.111Z] [request] atom {"type":"atom","name":"chemistry-atoms-and-elements-7-3","protons":"12","neutrons":"12","electrons":"12"}
[2026-09-04T21:29:06.112Z] [generated] atom-15cec35d16f0.svg
[2026-09-04T21:29:06.112Z] [request] atom {"type":"atom","name":"chemistry-atoms-and-elements-7-4","protons":"17","neutrons":"18","electrons":"17"}
[2026-09-04T21:29:06.113Z] [generated] atom-00373b1d8744.svg
[2026-09-04T21:29:06.113Z] [request] atom {"type":"atom","name":"chemistry-atoms-and-elements-7-5","protons":"3","neutrons":"4","electrons":"3"}
[2026-09-04T21:29:06.114Z] [generated] atom-ac239068224d.svg
[2026-09-04T21:29:06.114Z] [request] atom {"type":"atom","name":"chemistry-atoms-and-elements-7-6","protons":"6","neutrons":"6","electrons":"6"}
[2026-09-04T21:29:06.115Z] [generated] atom-f343187f8b95.svg
[2026-09-04T21:29:06.115Z] [request] atom {"type":"atom","name":"chemistry-atoms-and-elements-7-7","protons":"8","neutrons":"8","electrons":"8"}
[2026-09-04T21:29:06.115Z] [generated] atom-3e7b4dcc6848.svg
[2026-09-04T21:29:06.116Z] [request] atom {"type":"atom","name":"chemistry-atoms-and-elements-7-8","protons":"11","neutrons":"12","electrons":"11"}
[2026-09-04T21:29:06.116Z] [generated] atom-bd80e5b89553.svg
[2026-09-04T21:29:06.117Z] [request] atom {"type":"atom","name":"chemistry-atoms-and-elements-7-9","protons":"12","neutrons":"12","electrons":"12"}
[2026-09-04T21:29:06.117Z] [generated] atom-de44bcdb2190.svg
[2026-09-04T21:29:06.117Z] [request] atom {"type":"atom","name":"chemistry-atoms-and-elements-7-10","protons":"17","neutrons":"18","electrons":"17"}
[2026-09-04T21:29:06.118Z] [generated] atom-e264f2b63b8b.svg
[2026-09-04T21:29:06.119Z] [request] atom {"type":"atom","name":"chemistry-atoms-and-elements-7-11","protons":"3","neutrons":"4","electrons":"3"}
[2026-09-04T21:29:06.119Z] [generated] atom-acabe59e3db3.svg
[2026-09-04T21:29:06.120Z] [request] atom {"type":"atom","name":"chemistry-atoms-and-elements-7-12","protons":"6","neutrons":"6","electrons":"6"}
[2026-09-04T21:29:06.121Z] [generated] atom-734c7537f682.svg
[2026-09-04T21:29:06.121Z] [request] atom {"type":"atom","name":"chemistry-atoms-and-elements-7-13","protons":"8","neutrons":"8","electrons":"8"}
[2026-09-04T21:29:06.122Z] [generated] atom-6937063f5ace.svg
[2026-09-04T21:29:06.122Z] [request] atom {"type":"atom","name":"chemistry-atoms-and-elements-7-14","protons":"11","neutrons":"12","electrons":"11"}
[2026-09-04T21:29:06.122Z] [generated] atom-4de336c350b2.svg
[2026-09-04T21:29:06.123Z] [request] atom {"type":"atom","name":"chemistry-atoms-and-elements-7-15","protons":"12","neutrons":"12","electrons":"12"}
[2026-09-04T21:29:06.123Z] [generated] atom-9244a39fc334.svg
[2026-09-04T21:29:06.124Z] [request] atom {"type":"atom","name":"chemistry-atoms-and-elements-7-16","protons":"17","neutrons":"18","electrons":"17"}
[2026-09-04T21:29:06.124Z] [generated] atom-f7bfd7f3b20b.svg
[2026-09-04T21:29:06.125Z] [request] atom {"type":"atom","name":"chemistry-atoms-and-elements-7-17","protons":"3","neutrons":"4","electrons":"3"}
[2026-09-04T21:29:06.125Z] [generated] atom-1a6a73dc7713.svg
[2026-09-04T21:29:06.125Z] [request] atom {"type":"atom","name":"chemistry-atoms-and-elements-7-18","protons":"6","neutrons":"6","electrons":"6"}
[2026-09-04T21:29:06.126Z] [generated] atom-b98dd2cabdf1.svg
[2026-09-04T21:29:06.126Z] [request] atom {"type":"atom","name":"chemistry-atoms-and-elements-7-19","protons":"8","neutrons":"8","electrons":"8"}
[2026-09-04T21:29:06.127Z] [generated] atom-73ab57927a03.svg
[2026-09-04T21:29:06.480Z] [request] atom {"type":"atom","name":"chemistry-atoms-and-elements-8-0","protons":"8","neutrons":"8","electrons":"8"}
[2026-09-04T21:29:06.481Z] [generated] atom-984e626c1567.svg
[2026-09-04T21:29:06.481Z] [request] atom {"type":"atom","name":"chemistry-atoms-and-elements-8-1","protons":"11","neutrons":"12","electrons":"11"}
[2026-09-04T21:29:06.482Z] [generated] atom-bcbb2d564c14.svg
[2026-09-04T21:29:06.482Z] [request] atom {"type":"atom","name":"chemistry-atoms-and-elements-8-2","protons":"12","neutrons":"12","electrons":"12"}
[2026-09-04T21:29:06.483Z] [generated] atom-73dc2172eb02.svg
[2026-09-04T21:29:06.483Z] [request] atom {"type":"atom","name":"chemistry-atoms-and-elements-8-3","protons":"17","neutrons":"18","electrons":"17"}
[2026-09-04T21:29:06.484Z] [generated] atom-861359433120.svg
[2026-09-04T21:29:06.484Z] [request] atom {"type":"atom","name":"chemistry-atoms-and-elements-8-4","protons":"3","neutrons":"4","electrons":"3"}
[2026-09-04T21:29:06.485Z] [generated] atom-2bb745c50e4e.svg
[2026-09-04T21:29:06.485Z] [request] atom {"type":"atom","name":"chemistry-atoms-and-elements-8-5","protons":"6","neutrons":"6","electrons":"6"}
[2026-09-04T21:29:06.486Z] [generated] atom-4d926b630a32.svg
[2026-09-04T21:29:06.487Z] [request] atom {"type":"atom","name":"chemistry-atoms-and-elements-8-6","protons":"8","neutrons":"8","electrons":"8"}
[2026-09-04T21:29:06.487Z] [generated] atom-81034a064f34.svg
[2026-09-04T21:29:06.487Z] [request] atom {"type":"atom","name":"chemistry-atoms-and-elements-8-7","protons":"11","neutrons":"12","electrons":"11"}
[2026-09-04T21:29:06.490Z] [generated] atom-05930dce568f.svg
[2026-09-04T21:29:06.490Z] [request] atom {"type":"atom","name":"chemistry-atoms-and-elements-8-8","protons":"12","neutrons":"12","electrons":"12"}
[2026-09-04T21:29:06.491Z] [generated] atom-b9b2e9b76701.svg
[2026-09-04T21:29:06.491Z] [request] atom {"type":"atom","name":"chemistry-atoms-and-elements-8-9","protons":"17","neutrons":"18","electrons":"17"}
[2026-09-04T21:29:06.492Z] [generated] atom-15188ce03498.svg
[2026-09-04T21:29:06.492Z] [request] atom {"type":"atom","name":"chemistry-atoms-and-elements-8-10","protons":"3","neutrons":"4","electrons":"3"}
[2026-09-04T21:29:06.493Z] [generated] atom-00a4332d07ed.svg
[2026-09-04T21:29:06.493Z] [request] atom {"type":"atom","name":"chemistry-atoms-and-elements-8-11","protons":"6","neutrons":"6","electrons":"6"}
[2026-09-04T21:29:06.494Z] [generated] atom-9c6c9fc36290.svg
[2026-09-04T21:29:06.494Z] [request] atom {"type":"atom","name":"chemistry-atoms-and-elements-8-12","protons":"8","neutrons":"8","electrons":"8"}
[2026-09-04T21:29:06.494Z] [generated] atom-c5af13c693b1.svg
[2026-09-04T21:29:06.495Z] [request] atom {"type":"atom","name":"chemistry-atoms-and-elements-8-13","protons":"11","neutrons":"12","electrons":"11"}
[2026-09-04T21:29:06.495Z] [generated] atom-7a900690175d.svg
[2026-09-04T21:29:06.496Z] [request] atom {"type":"atom","name":"chemistry-atoms-and-elements-8-14","protons":"12","neutrons":"12","electrons":"12"}
[2026-09-04T21:29:06.497Z] [generated] atom-b5d59dc7ef36.svg
[2026-09-04T21:29:06.497Z] [request] atom {"type":"atom","name":"chemistry-atoms-and-elements-8-15","protons":"17","neutrons":"18","electrons":"17"}
[2026-09-04T21:29:06.497Z] [generated] atom-838fe918bb7e.svg
[2026-09-04T21:29:06.498Z] [request] atom {"type":"atom","name":"chemistry-atoms-and-elements-8-16","protons":"3","neutrons":"4","electrons":"3"}
[2026-09-04T21:29:06.498Z] [generated] atom-36ed29233e73.svg
[2026-09-04T21:29:06.499Z] [request] atom {"type":"atom","name":"chemistry-atoms-and-elements-8-17","protons":"6","neutrons":"6","electrons":"6"}
[2026-09-04T21:29:06.499Z] [generated] atom-911e8f899987.svg
[2026-09-04T21:29:06.500Z] [request] atom {"type":"atom","name":"chemistry-atoms-and-elements-8-18","protons":"8","neutrons":"8","electrons":"8"}
[2026-09-04T21:29:06.500Z] [generated] atom-0bf70cd37a13.svg
[2026-09-04T21:29:06.501Z] [request] atom {"type":"atom","name":"chemistry-atoms-and-elements-8-19","protons":"11","neutrons":"12","electrons":"11"}
[2026-09-04T21:29:06.501Z] [generated] atom-84fd8d9ae489.svg
[2026-09-04T21:29:06.653Z] [request] atom {"type":"atom","name":"chemistry-atoms-and-elements-9-0","protons":"11","neutrons":"12","electrons":"11"}
[2026-09-04T21:29:06.654Z] [generated] atom-041df2ee2241.svg
[2026-09-04T21:29:06.654Z] [request] atom {"type":"atom","name":"chemistry-atoms-and-elements-9-1","protons":"12","neutrons":"12","electrons":"12"}
[2026-09-04T21:29:06.655Z] [generated] atom-66b22625ddd2.svg
[2026-09-04T21:29:06.655Z] [request] atom {"type":"atom","name":"chemistry-atoms-and-elements-9-2","protons":"17","neutrons":"18","electrons":"17"}
[2026-09-04T21:29:06.656Z] [generated] atom-472be3fd677d.svg
[2026-09-04T21:29:06.656Z] [request] atom {"type":"atom","name":"chemistry-atoms-and-elements-9-3","protons":"3","neutrons":"4","electrons":"3"}
[2026-09-04T21:29:06.657Z] [generated] atom-beadea8ef503.svg
[2026-09-04T21:29:06.657Z] [request] atom {"type":"atom","name":"chemistry-atoms-and-elements-9-4","protons":"6","neutrons":"6","electrons":"6"}
[2026-09-04T21:29:06.658Z] [generated] atom-d45ed2f80da0.svg
[2026-09-04T21:29:06.658Z] [request] atom {"type":"atom","name":"chemistry-atoms-and-elements-9-5","protons":"8","neutrons":"8","electrons":"8"}
[2026-09-04T21:29:06.659Z] [generated] atom-9a6b568d1f13.svg
[2026-09-04T21:29:06.659Z] [request] atom {"type":"atom","name":"chemistry-atoms-and-elements-9-6","protons":"11","neutrons":"12","electrons":"11"}
[2026-09-04T21:29:06.660Z] [generated] atom-b526da546676.svg
[2026-09-04T21:29:06.660Z] [request] atom {"type":"atom","name":"chemistry-atoms-and-elements-9-7","protons":"12","neutrons":"12","electrons":"12"}
[2026-09-04T21:29:06.661Z] [generated] atom-7cd43edcb638.svg
[2026-09-04T21:29:06.661Z] [request] atom {"type":"atom","name":"chemistry-atoms-and-elements-9-8","protons":"17","neutrons":"18","electrons":"17"}
[2026-09-04T21:29:06.662Z] [generated] atom-4f971b84f73b.svg
[2026-09-04T21:29:06.662Z] [request] atom {"type":"atom","name":"chemistry-atoms-and-elements-9-9","protons":"3","neutrons":"4","electrons":"3"}
[2026-09-04T21:29:06.662Z] [generated] atom-d50d13fb406f.svg
[2026-09-04T21:29:06.663Z] [request] atom {"type":"atom","name":"chemistry-atoms-and-elements-9-10","protons":"6","neutrons":"6","electrons":"6"}
[2026-09-04T21:29:06.663Z] [generated] atom-c7472508262b.svg
[2026-09-04T21:29:06.664Z] [request] atom {"type":"atom","name":"chemistry-atoms-and-elements-9-11","protons":"8","neutrons":"8","electrons":"8"}
[2026-09-04T21:29:06.664Z] [generated] atom-53e64529e718.svg
[2026-09-04T21:29:06.665Z] [request] atom {"type":"atom","name":"chemistry-atoms-and-elements-9-12","protons":"11","neutrons":"12","electrons":"11"}
[2026-09-04T21:29:06.665Z] [generated] atom-33077c406e4c.svg
[2026-09-04T21:29:06.666Z] [request] atom {"type":"atom","name":"chemistry-atoms-and-elements-9-13","protons":"12","neutrons":"12","electrons":"12"}
[2026-09-04T21:29:06.666Z] [generated] atom-c218631721a2.svg
[2026-09-04T21:29:06.666Z] [request] atom {"type":"atom","name":"chemistry-atoms-and-elements-9-14","protons":"17","neutrons":"18","electrons":"17"}
[2026-09-04T21:29:06.667Z] [generated] atom-66f61220e368.svg
[2026-09-04T21:29:06.667Z] [request] atom {"type":"atom","name":"chemistry-atoms-and-elements-9-15","protons":"3","neutrons":"4","electrons":"3"}
[2026-09-04T21:29:06.668Z] [generated] atom-acc69969eeb2.svg
[2026-09-04T21:29:06.668Z] [request] atom {"type":"atom","name":"chemistry-atoms-and-elements-9-16","protons":"6","neutrons":"6","electrons":"6"}
[2026-09-04T21:29:06.669Z] [generated] atom-32655ef1ea56.svg
[2026-09-04T21:29:06.670Z] [request] atom {"type":"atom","name":"chemistry-atoms-and-elements-9-17","protons":"8","neutrons":"8","electrons":"8"}
[2026-09-04T21:29:06.670Z] [generated] atom-88b01098dfa1.svg
[2026-09-04T21:29:06.671Z] [request] atom {"type":"atom","name":"chemistry-atoms-and-elements-9-18","protons":"11","neutrons":"12","electrons":"11"}
[2026-09-04T21:29:06.671Z] [generated] atom-303f02aa582d.svg
[2026-09-04T21:29:06.672Z] [request] atom {"type":"atom","name":"chemistry-atoms-and-elements-9-19","protons":"12","neutrons":"12","electrons":"12"}
[2026-09-04T21:29:06.673Z] [generated] atom-03c38dcf84de.svg
[2026-09-04T21:29:07.061Z] [request] atom {"type":"atom","name":"chemistry-atoms-and-elements-10-0","protons":"12","neutrons":"12","electrons":"12"}
[2026-09-04T21:29:07.062Z] [generated] atom-db1be02f1e38.svg
[2026-09-04T21:29:07.062Z] [request] atom {"type":"atom","name":"chemistry-atoms-and-elements-10-1","protons":"17","neutrons":"18","electrons":"17"}
[2026-09-04T21:29:07.063Z] [generated] atom-db0c4be21460.svg
[2026-09-04T21:29:07.063Z] [request] atom {"type":"atom","name":"chemistry-atoms-and-elements-10-2","protons":"3","neutrons":"4","electrons":"3"}
[2026-09-04T21:29:07.064Z] [generated] atom-0cf2708cf0d3.svg
[2026-09-04T21:29:07.064Z] [request] atom {"type":"atom","name":"chemistry-atoms-and-elements-10-3","protons":"6","neutrons":"6","electrons":"6"}
[2026-09-04T21:29:07.065Z] [generated] atom-5a8f18b67da4.svg
[2026-09-04T21:29:07.065Z] [request] atom {"type":"atom","name":"chemistry-atoms-and-elements-10-4","protons":"8","neutrons":"8","electrons":"8"}
[2026-09-04T21:29:07.066Z] [generated] atom-920476dd8b9b.svg
[2026-09-04T21:29:07.066Z] [request] atom {"type":"atom","name":"chemistry-atoms-and-elements-10-5","protons":"11","neutrons":"12","electrons":"11"}
[2026-09-04T21:29:07.067Z] [generated] atom-dd8fea0619b6.svg
[2026-09-04T21:29:07.067Z] [request] atom {"type":"atom","name":"chemistry-atoms-and-elements-10-6","protons":"12","neutrons":"12","electrons":"12"}
[2026-09-04T21:29:07.068Z] [generated] atom-fea4931b63ad.svg
[2026-09-04T21:29:07.068Z] [request] atom {"type":"atom","name":"chemistry-atoms-and-elements-10-7","protons":"17","neutrons":"18","electrons":"17"}
[2026-09-04T21:29:07.069Z] [generated] atom-f02490baaf27.svg
[2026-09-04T21:29:07.069Z] [request] atom {"type":"atom","name":"chemistry-atoms-and-elements-10-8","protons":"3","neutrons":"4","electrons":"3"}
[2026-09-04T21:29:07.070Z] [generated] atom-0330898bc485.svg
[2026-09-04T21:29:07.070Z] [request] atom {"type":"atom","name":"chemistry-atoms-and-elements-10-9","protons":"6","neutrons":"6","electrons":"6"}
[2026-09-04T21:29:07.071Z] [generated] atom-e2bb2a193597.svg
[2026-09-04T21:29:07.071Z] [request] atom {"type":"atom","name":"chemistry-atoms-and-elements-10-10","protons":"8","neutrons":"8","electrons":"8"}
[2026-09-04T21:29:07.072Z] [generated] atom-8cf4dee9ff6e.svg
[2026-09-04T21:29:07.072Z] [request] atom {"type":"atom","name":"chemistry-atoms-and-elements-10-11","protons":"11","neutrons":"12","electrons":"11"}
[2026-09-04T21:29:07.073Z] [generated] atom-a86dfded4d9b.svg
[2026-09-04T21:29:07.073Z] [request] atom {"type":"atom","name":"chemistry-atoms-and-elements-10-12","protons":"12","neutrons":"12","electrons":"12"}
[2026-09-04T21:29:07.073Z] [generated] atom-9b3c20726dd0.svg
[2026-09-04T21:29:07.074Z] [request] atom {"type":"atom","name":"chemistry-atoms-and-elements-10-13","protons":"17","neutrons":"18","electrons":"17"}
[2026-09-04T21:29:07.074Z] [generated] atom-22cf8d37db4b.svg
[2026-09-04T21:29:07.075Z] [request] atom {"type":"atom","name":"chemistry-atoms-and-elements-10-14","protons":"3","neutrons":"4","electrons":"3"}
[2026-09-04T21:29:07.075Z] [generated] atom-fd57f160165b.svg
[2026-09-04T21:29:07.075Z] [request] atom {"type":"atom","name":"chemistry-atoms-and-elements-10-15","protons":"6","neutrons":"6","electrons":"6"}
[2026-09-04T21:29:07.076Z] [generated] atom-ba5be9bf5316.svg
[2026-09-04T21:29:07.076Z] [request] atom {"type":"atom","name":"chemistry-atoms-and-elements-10-16","protons":"8","neutrons":"8","electrons":"8"}
[2026-09-04T21:29:07.077Z] [generated] atom-ea104ca66f09.svg
[2026-09-04T21:29:07.077Z] [request] atom {"type":"atom","name":"chemistry-atoms-and-elements-10-17","protons":"11","neutrons":"12","electrons":"11"}
[2026-09-04T21:29:07.078Z] [generated] atom-23380e59a930.svg
[2026-09-04T21:29:07.078Z] [request] atom {"type":"atom","name":"chemistry-atoms-and-elements-10-18","protons":"12","neutrons":"12","electrons":"12"}
[2026-09-04T21:29:07.079Z] [generated] atom-aeed5477ed20.svg
[2026-09-04T21:29:07.079Z] [request] atom {"type":"atom","name":"chemistry-atoms-and-elements-10-19","protons":"17","neutrons":"18","electrons":"17"}
[2026-09-04T21:29:07.079Z] [generated] atom-6ab26a19cbed.svg
[2026-09-04T21:29:07.274Z] [request] atom {"type":"atom","name":"chemistry-atoms-and-elements-11-0","protons":"17","neutrons":"18","electrons":"17"}
[2026-09-04T21:29:07.275Z] [generated] atom-970df424bb56.svg
[2026-09-04T21:29:07.275Z] [request] atom {"type":"atom","name":"chemistry-atoms-and-elements-11-1","protons":"3","neutrons":"4","electrons":"3"}
[2026-09-04T21:29:07.276Z] [generated] atom-e4f04bb4bea4.svg
[2026-09-04T21:29:07.276Z] [request] atom {"type":"atom","name":"chemistry-atoms-and-elements-11-2","protons":"6","neutrons":"6","electrons":"6"}
[2026-09-04T21:29:07.277Z] [generated] atom-e5b89ebec940.svg
[2026-09-04T21:29:07.277Z] [request] atom {"type":"atom","name":"chemistry-atoms-and-elements-11-3","protons":"8","neutrons":"8","electrons":"8"}
[2026-09-04T21:29:07.277Z] [generated] atom-06c42a69f99b.svg
[2026-09-04T21:29:07.278Z] [request] atom {"type":"atom","name":"chemistry-atoms-and-elements-11-4","protons":"11","neutrons":"12","electrons":"11"}
[2026-09-04T21:29:07.278Z] [generated] atom-75302e0058d2.svg
[2026-09-04T21:29:07.279Z] [request] atom {"type":"atom","name":"chemistry-atoms-and-elements-11-5","protons":"12","neutrons":"12","electrons":"12"}
[2026-09-04T21:29:07.279Z] [generated] atom-5be5e73b7b01.svg
[2026-09-04T21:29:07.280Z] [request] atom {"type":"atom","name":"chemistry-atoms-and-elements-11-6","protons":"17","neutrons":"18","electrons":"17"}
[2026-09-04T21:29:07.280Z] [generated] atom-33e937c6ca47.svg
[2026-09-04T21:29:07.280Z] [request] atom {"type":"atom","name":"chemistry-atoms-and-elements-11-7","protons":"3","neutrons":"4","electrons":"3"}
[2026-09-04T21:29:07.281Z] [generated] atom-582b69850867.svg
[2026-09-04T21:29:07.281Z] [request] atom {"type":"atom","name":"chemistry-atoms-and-elements-11-8","protons":"6","neutrons":"6","electrons":"6"}
[2026-09-04T21:29:07.282Z] [generated] atom-0eb298430b8b.svg
[2026-09-04T21:29:07.282Z] [request] atom {"type":"atom","name":"chemistry-atoms-and-elements-11-9","protons":"8","neutrons":"8","electrons":"8"}
[2026-09-04T21:29:07.283Z] [generated] atom-42406a12692d.svg
[2026-09-04T21:29:07.283Z] [request] atom {"type":"atom","name":"chemistry-atoms-and-elements-11-10","protons":"11","neutrons":"12","electrons":"11"}
[2026-09-04T21:29:07.284Z] [generated] atom-3153eb72ad27.svg
[2026-09-04T21:29:07.284Z] [request] atom {"type":"atom","name":"chemistry-atoms-and-elements-11-11","protons":"12","neutrons":"12","electrons":"12"}
[2026-09-04T21:29:07.284Z] [generated] atom-4df9154b540d.svg
[2026-09-04T21:29:07.285Z] [request] atom {"type":"atom","name":"chemistry-atoms-and-elements-11-12","protons":"17","neutrons":"18","electrons":"17"}
[2026-09-04T21:29:07.285Z] [generated] atom-a8a3beaed3fa.svg
[2026-09-04T21:29:07.286Z] [request] atom {"type":"atom","name":"chemistry-atoms-and-elements-11-13","protons":"3","neutrons":"4","electrons":"3"}
[2026-09-04T21:29:07.286Z] [generated] atom-7c33af6562f3.svg
[2026-09-04T21:29:07.287Z] [request] atom {"type":"atom","name":"chemistry-atoms-and-elements-11-14","protons":"6","neutrons":"6","electrons":"6"}
[2026-09-04T21:29:07.288Z] [generated] atom-66b00573dbde.svg
[2026-09-04T21:29:07.288Z] [request] atom {"type":"atom","name":"chemistry-atoms-and-elements-11-15","protons":"8","neutrons":"8","electrons":"8"}
[2026-09-04T21:29:07.289Z] [generated] atom-9f875c62f572.svg
[2026-09-04T21:29:07.289Z] [request] atom {"type":"atom","name":"chemistry-atoms-and-elements-11-16","protons":"11","neutrons":"12","electrons":"11"}
[2026-09-04T21:29:07.290Z] [generated] atom-01e1e633255e.svg
[2026-09-04T21:29:07.290Z] [request] atom {"type":"atom","name":"chemistry-atoms-and-elements-11-17","protons":"12","neutrons":"12","electrons":"12"}
[2026-09-04T21:29:07.291Z] [generated] atom-e079c6fceb09.svg
[2026-09-04T21:29:07.291Z] [request] atom {"type":"atom","name":"chemistry-atoms-and-elements-11-18","protons":"17","neutrons":"18","electrons":"17"}
[2026-09-04T21:29:07.292Z] [generated] atom-443a6c4e89ed.svg
[2026-09-04T21:29:07.292Z] [request] atom {"type":"atom","name":"chemistry-atoms-and-elements-11-19","protons":"3","neutrons":"4","electrons":"3"}
[2026-09-04T21:29:07.292Z] [generated] atom-3cd2595324e3.svg
[2026-09-04T21:29:07.472Z] [request] atom {"type":"atom","name":"chemistry-atoms-and-elements-12-0","protons":"3","neutrons":"4","electrons":"3"}
[2026-09-04T21:29:07.473Z] [generated] atom-521ce554c7b3.svg
[2026-09-04T21:29:07.474Z] [request] atom {"type":"atom","name":"chemistry-atoms-and-elements-12-1","protons":"6","neutrons":"6","electrons":"6"}
[2026-09-04T21:29:07.474Z] [generated] atom-0292693d1684.svg
[2026-09-04T21:29:07.475Z] [request] atom {"type":"atom","name":"chemistry-atoms-and-elements-12-2","protons":"8","neutrons":"8","electrons":"8"}
[2026-09-04T21:29:07.476Z] [generated] atom-49ff52244043.svg
[2026-09-04T21:29:07.476Z] [request] atom {"type":"atom","name":"chemistry-atoms-and-elements-12-3","protons":"11","neutrons":"12","electrons":"11"}
[2026-09-04T21:29:07.477Z] [generated] atom-a4f139cbe1fe.svg
[2026-09-04T21:29:07.477Z] [request] atom {"type":"atom","name":"chemistry-atoms-and-elements-12-4","protons":"12","neutrons":"12","electrons":"12"}
[2026-09-04T21:29:07.478Z] [generated] atom-6249eaf6b77a.svg
[2026-09-04T21:29:07.478Z] [request] atom {"type":"atom","name":"chemistry-atoms-and-elements-12-5","protons":"17","neutrons":"18","electrons":"17"}
[2026-09-04T21:29:07.479Z] [generated] atom-af2d44dcdf57.svg
[2026-09-04T21:29:07.480Z] [request] atom {"type":"atom","name":"chemistry-atoms-and-elements-12-6","protons":"3","neutrons":"4","electrons":"3"}
[2026-09-04T21:29:07.480Z] [generated] atom-4624fbc73d94.svg
[2026-09-04T21:29:07.481Z] [request] atom {"type":"atom","name":"chemistry-atoms-and-elements-12-7","protons":"6","neutrons":"6","electrons":"6"}
[2026-09-04T21:29:07.481Z] [generated] atom-80b5ac7d5625.svg
[2026-09-04T21:29:07.482Z] [request] atom {"type":"atom","name":"chemistry-atoms-and-elements-12-8","protons":"8","neutrons":"8","electrons":"8"}
[2026-09-04T21:29:07.482Z] [generated] atom-f55779082f12.svg
[2026-09-04T21:29:07.483Z] [request] atom {"type":"atom","name":"chemistry-atoms-and-elements-12-9","protons":"11","neutrons":"12","electrons":"11"}
[2026-09-04T21:29:07.484Z] [generated] atom-9b56b36076d9.svg
[2026-09-04T21:29:07.484Z] [request] atom {"type":"atom","name":"chemistry-atoms-and-elements-12-10","protons":"12","neutrons":"12","electrons":"12"}
[2026-09-04T21:29:07.485Z] [generated] atom-4758307c356b.svg
[2026-09-04T21:29:07.485Z] [request] atom {"type":"atom","name":"chemistry-atoms-and-elements-12-11","protons":"17","neutrons":"18","electrons":"17"}
[2026-09-04T21:29:07.486Z] [generated] atom-c446d5db82e8.svg
[2026-09-04T21:29:07.486Z] [request] atom {"type":"atom","name":"chemistry-atoms-and-elements-12-12","protons":"3","neutrons":"4","electrons":"3"}
[2026-09-04T21:29:07.487Z] [generated] atom-6749a7d21a86.svg
[2026-09-04T21:29:07.488Z] [request] atom {"type":"atom","name":"chemistry-atoms-and-elements-12-13","protons":"6","neutrons":"6","electrons":"6"}
[2026-09-04T21:29:07.489Z] [generated] atom-8724bdfafa29.svg
[2026-09-04T21:29:07.489Z] [request] atom {"type":"atom","name":"chemistry-atoms-and-elements-12-14","protons":"8","neutrons":"8","electrons":"8"}
[2026-09-04T21:29:07.490Z] [generated] atom-1ecc1aa31891.svg
[2026-09-04T21:29:07.490Z] [request] atom {"type":"atom","name":"chemistry-atoms-and-elements-12-15","protons":"11","neutrons":"12","electrons":"11"}
[2026-09-04T21:29:07.491Z] [generated] atom-9cdeac8b02f0.svg
[2026-09-04T21:29:07.491Z] [request] atom {"type":"atom","name":"chemistry-atoms-and-elements-12-16","protons":"12","neutrons":"12","electrons":"12"}
[2026-09-04T21:29:07.492Z] [generated] atom-073527667ae2.svg
[2026-09-04T21:29:07.492Z] [request] atom {"type":"atom","name":"chemistry-atoms-and-elements-12-17","protons":"17","neutrons":"18","electrons":"17"}
[2026-09-04T21:29:07.493Z] [generated] atom-b4b050279b86.svg
[2026-09-04T21:29:07.493Z] [request] atom {"type":"atom","name":"chemistry-atoms-and-elements-12-18","protons":"3","neutrons":"4","electrons":"3"}
[2026-09-04T21:29:07.494Z] [generated] atom-ae6cf0ba8093.svg
[2026-09-04T21:29:07.494Z] [request] atom {"type":"atom","name":"chemistry-atoms-and-elements-12-19","protons":"6","neutrons":"6","electrons":"6"}
[2026-09-04T21:29:07.495Z] [generated] atom-f08a12b5134d.svg
[2026-09-04T21:29:07.689Z] [request] atom {"type":"atom","name":"chemistry-atoms-and-elements-13-0","protons":"6","neutrons":"6","electrons":"6"}
[2026-09-04T21:29:07.690Z] [generated] atom-b347d886dbd6.svg
[2026-09-04T21:29:07.690Z] [request] atom {"type":"atom","name":"chemistry-atoms-and-elements-13-1","protons":"8","neutrons":"8","electrons":"8"}
[2026-09-04T21:29:07.691Z] [generated] atom-42698a920c4b.svg
[2026-09-04T21:29:07.691Z] [request] atom {"type":"atom","name":"chemistry-atoms-and-elements-13-2","protons":"11","neutrons":"12","electrons":"11"}
[2026-09-04T21:29:07.692Z] [generated] atom-678e3514b3bf.svg
[2026-09-04T21:29:07.692Z] [request] atom {"type":"atom","name":"chemistry-atoms-and-elements-13-3","protons":"12","neutrons":"12","electrons":"12"}
[2026-09-04T21:29:07.693Z] [generated] atom-eec7d759a1ea.svg
[2026-09-04T21:29:07.693Z] [request] atom {"type":"atom","name":"chemistry-atoms-and-elements-13-4","protons":"17","neutrons":"18","electrons":"17"}
[2026-09-04T21:29:07.694Z] [generated] atom-75c33e5b727c.svg
[2026-09-04T21:29:07.694Z] [request] atom {"type":"atom","name":"chemistry-atoms-and-elements-13-5","protons":"3","neutrons":"4","electrons":"3"}
[2026-09-04T21:29:07.695Z] [generated] atom-937c8d62c1d9.svg
[2026-09-04T21:29:07.695Z] [request] atom {"type":"atom","name":"chemistry-atoms-and-elements-13-6","protons":"6","neutrons":"6","electrons":"6"}
[2026-09-04T21:29:07.696Z] [generated] atom-b58fe8b318ce.svg
[2026-09-04T21:29:07.696Z] [request] atom {"type":"atom","name":"chemistry-atoms-and-elements-13-7","protons":"8","neutrons":"8","electrons":"8"}
[2026-09-04T21:29:07.696Z] [generated] atom-4f4294a6bb8e.svg
[2026-09-04T21:29:07.697Z] [request] atom {"type":"atom","name":"chemistry-atoms-and-elements-13-8","protons":"11","neutrons":"12","electrons":"11"}
[2026-09-04T21:29:07.697Z] [generated] atom-142c52026ebf.svg
[2026-09-04T21:29:07.698Z] [request] atom {"type":"atom","name":"chemistry-atoms-and-elements-13-9","protons":"12","neutrons":"12","electrons":"12"}
[2026-09-04T21:29:07.698Z] [generated] atom-2152aef7fb0e.svg
[2026-09-04T21:29:07.698Z] [request] atom {"type":"atom","name":"chemistry-atoms-and-elements-13-10","protons":"17","neutrons":"18","electrons":"17"}
[2026-09-04T21:29:07.699Z] [generated] atom-115d8747179c.svg
[2026-09-04T21:29:07.699Z] [request] atom {"type":"atom","name":"chemistry-atoms-and-elements-13-11","protons":"3","neutrons":"4","electrons":"3"}
[2026-09-04T21:29:07.700Z] [generated] atom-c2f79b1c122d.svg
[2026-09-04T21:29:07.700Z] [request] atom {"type":"atom","name":"chemistry-atoms-and-elements-13-12","protons":"6","neutrons":"6","electrons":"6"}
[2026-09-04T21:29:07.701Z] [generated] atom-30d4225759bd.svg
[2026-09-04T21:29:07.701Z] [request] atom {"type":"atom","name":"chemistry-atoms-and-elements-13-13","protons":"8","neutrons":"8","electrons":"8"}
[2026-09-04T21:29:07.702Z] [generated] atom-a349c1587cb6.svg
[2026-09-04T21:29:07.702Z] [request] atom {"type":"atom","name":"chemistry-atoms-and-elements-13-14","protons":"11","neutrons":"12","electrons":"11"}
[2026-09-04T21:29:07.703Z] [generated] atom-43a46e80dfe6.svg
[2026-09-04T21:29:07.703Z] [request] atom {"type":"atom","name":"chemistry-atoms-and-elements-13-15","protons":"12","neutrons":"12","electrons":"12"}
[2026-09-04T21:29:07.704Z] [generated] atom-43878e6a76fa.svg
[2026-09-04T21:29:07.704Z] [request] atom {"type":"atom","name":"chemistry-atoms-and-elements-13-16","protons":"17","neutrons":"18","electrons":"17"}
[2026-09-04T21:29:07.705Z] [generated] atom-9f5e8c091045.svg
[2026-09-04T21:29:07.705Z] [request] atom {"type":"atom","name":"chemistry-atoms-and-elements-13-17","protons":"3","neutrons":"4","electrons":"3"}
[2026-09-04T21:29:07.706Z] [generated] atom-f9d2d36b1716.svg
[2026-09-04T21:29:07.706Z] [request] atom {"type":"atom","name":"chemistry-atoms-and-elements-13-18","protons":"6","neutrons":"6","electrons":"6"}
[2026-09-04T21:29:07.706Z] [generated] atom-9e777520820c.svg
[2026-09-04T21:29:07.707Z] [request] atom {"type":"atom","name":"chemistry-atoms-and-elements-13-19","protons":"8","neutrons":"8","electrons":"8"}
[2026-09-04T21:29:07.707Z] [generated] atom-6c474e6efaa8.svg
[2026-09-04T21:29:07.892Z] [request] atom {"type":"atom","name":"chemistry-atoms-and-elements-14-0","protons":"8","neutrons":"8","electrons":"8"}
[2026-09-04T21:29:07.893Z] [generated] atom-0c79aaff0e61.svg
[2026-09-04T21:29:07.893Z] [request] atom {"type":"atom","name":"chemistry-atoms-and-elements-14-1","protons":"11","neutrons":"12","electrons":"11"}
[2026-09-04T21:29:07.894Z] [generated] atom-d00d7b56db99.svg
[2026-09-04T21:29:07.894Z] [request] atom {"type":"atom","name":"chemistry-atoms-and-elements-14-2","protons":"12","neutrons":"12","electrons":"12"}
[2026-09-04T21:29:07.895Z] [generated] atom-b824deb176a5.svg
[2026-09-04T21:29:07.895Z] [request] atom {"type":"atom","name":"chemistry-atoms-and-elements-14-3","protons":"17","neutrons":"18","electrons":"17"}
[2026-09-04T21:29:07.896Z] [generated] atom-88e53340acba.svg
[2026-09-04T21:29:07.896Z] [request] atom {"type":"atom","name":"chemistry-atoms-and-elements-14-4","protons":"3","neutrons":"4","electrons":"3"}
[2026-09-04T21:29:07.896Z] [generated] atom-e38bb8dbf29b.svg
[2026-09-04T21:29:07.897Z] [request] atom {"type":"atom","name":"chemistry-atoms-and-elements-14-5","protons":"6","neutrons":"6","electrons":"6"}
[2026-09-04T21:29:07.897Z] [generated] atom-47f4482e755a.svg
[2026-09-04T21:29:07.898Z] [request] atom {"type":"atom","name":"chemistry-atoms-and-elements-14-6","protons":"8","neutrons":"8","electrons":"8"}
[2026-09-04T21:29:07.898Z] [generated] atom-f37fa0f6dffd.svg
[2026-09-04T21:29:07.899Z] [request] atom {"type":"atom","name":"chemistry-atoms-and-elements-14-7","protons":"11","neutrons":"12","electrons":"11"}
[2026-09-04T21:29:07.899Z] [generated] atom-84d6f1cc6cb6.svg
[2026-09-04T21:29:07.899Z] [request] atom {"type":"atom","name":"chemistry-atoms-and-elements-14-8","protons":"12","neutrons":"12","electrons":"12"}
[2026-09-04T21:29:07.900Z] [generated] atom-31e45158a5a9.svg
[2026-09-04T21:29:07.900Z] [request] atom {"type":"atom","name":"chemistry-atoms-and-elements-14-9","protons":"17","neutrons":"18","electrons":"17"}
[2026-09-04T21:29:07.901Z] [generated] atom-b0154a5204af.svg
[2026-09-04T21:29:07.901Z] [request] atom {"type":"atom","name":"chemistry-atoms-and-elements-14-10","protons":"3","neutrons":"4","electrons":"3"}
[2026-09-04T21:29:07.902Z] [generated] atom-d156b5a90a78.svg
[2026-09-04T21:29:07.902Z] [request] atom {"type":"atom","name":"chemistry-atoms-and-elements-14-11","protons":"6","neutrons":"6","electrons":"6"}
[2026-09-04T21:29:07.903Z] [generated] atom-66d14dec9a08.svg
[2026-09-04T21:29:07.903Z] [request] atom {"type":"atom","name":"chemistry-atoms-and-elements-14-12","protons":"8","neutrons":"8","electrons":"8"}
[2026-09-04T21:29:07.904Z] [generated] atom-2d8636442fa5.svg
[2026-09-04T21:29:07.904Z] [request] atom {"type":"atom","name":"chemistry-atoms-and-elements-14-13","protons":"11","neutrons":"12","electrons":"11"}
[2026-09-04T21:29:07.905Z] [generated] atom-be8c6f8a41cd.svg
[2026-09-04T21:29:07.905Z] [request] atom {"type":"atom","name":"chemistry-atoms-and-elements-14-14","protons":"12","neutrons":"12","electrons":"12"}
[2026-09-04T21:29:07.906Z] [generated] atom-8f4510969add.svg
[2026-09-04T21:29:07.906Z] [request] atom {"type":"atom","name":"chemistry-atoms-and-elements-14-15","protons":"17","neutrons":"18","electrons":"17"}
[2026-09-04T21:29:07.907Z] [generated] atom-d72eafb204b0.svg
[2026-09-04T21:29:07.907Z] [request] atom {"type":"atom","name":"chemistry-atoms-and-elements-14-16","protons":"3","neutrons":"4","electrons":"3"}
[2026-09-04T21:29:07.908Z] [generated] atom-38ea424b7548.svg
[2026-09-04T21:29:07.908Z] [request] atom {"type":"atom","name":"chemistry-atoms-and-elements-14-17","protons":"6","neutrons":"6","electrons":"6"}
[2026-09-04T21:29:07.908Z] [generated] atom-942a71108438.svg
[2026-09-04T21:29:07.909Z] [request] atom {"type":"atom","name":"chemistry-atoms-and-elements-14-18","protons":"8","neutrons":"8","electrons":"8"}
[2026-09-04T21:29:07.909Z] [generated] atom-7dd497c593cb.svg
[2026-09-04T21:29:07.910Z] [request] atom {"type":"atom","name":"chemistry-atoms-and-elements-14-19","protons":"11","neutrons":"12","electrons":"11"}
[2026-09-04T21:29:07.910Z] [generated] atom-8519e21867c5.svg
[2026-09-04T21:29:08.086Z] [request] atom {"type":"atom","name":"chemistry-atoms-and-elements-15-0","protons":"11","neutrons":"12","electrons":"11"}
[2026-09-04T21:29:08.087Z] [generated] atom-8b9395456e81.svg
[2026-09-04T21:29:08.088Z] [request] atom {"type":"atom","name":"chemistry-atoms-and-elements-15-1","protons":"12","neutrons":"12","electrons":"12"}
[2026-09-04T21:29:08.088Z] [generated] atom-663410967a94.svg
[2026-09-04T21:29:08.089Z] [request] atom {"type":"atom","name":"chemistry-atoms-and-elements-15-2","protons":"17","neutrons":"18","electrons":"17"}
[2026-09-04T21:29:08.089Z] [generated] atom-2cdab9553f8d.svg
[2026-09-04T21:29:08.090Z] [request] atom {"type":"atom","name":"chemistry-atoms-and-elements-15-3","protons":"3","neutrons":"4","electrons":"3"}
[2026-09-04T21:29:08.090Z] [generated] atom-7cd483e9c177.svg
[2026-09-04T21:29:08.090Z] [request] atom {"type":"atom","name":"chemistry-atoms-and-elements-15-4","protons":"6","neutrons":"6","electrons":"6"}
[2026-09-04T21:29:08.091Z] [generated] atom-898061fc987a.svg
[2026-09-04T21:29:08.091Z] [request] atom {"type":"atom","name":"chemistry-atoms-and-elements-15-5","protons":"8","neutrons":"8","electrons":"8"}
[2026-09-04T21:29:08.092Z] [generated] atom-4a3a58f0f592.svg
[2026-09-04T21:29:08.092Z] [request] atom {"type":"atom","name":"chemistry-atoms-and-elements-15-6","protons":"11","neutrons":"12","electrons":"11"}
[2026-09-04T21:29:08.093Z] [generated] atom-1b4557dd7f41.svg
[2026-09-04T21:29:08.093Z] [request] atom {"type":"atom","name":"chemistry-atoms-and-elements-15-7","protons":"12","neutrons":"12","electrons":"12"}
[2026-09-04T21:29:08.094Z] [generated] atom-521b31fc38fd.svg
[2026-09-04T21:29:08.094Z] [request] atom {"type":"atom","name":"chemistry-atoms-and-elements-15-8","protons":"17","neutrons":"18","electrons":"17"}
[2026-09-04T21:29:08.095Z] [generated] atom-07ece6b7b518.svg
[2026-09-04T21:29:08.095Z] [request] atom {"type":"atom","name":"chemistry-atoms-and-elements-15-9","protons":"3","neutrons":"4","electrons":"3"}
[2026-09-04T21:29:08.095Z] [generated] atom-8b22a4415a3a.svg
[2026-09-04T21:29:08.096Z] [request] atom {"type":"atom","name":"chemistry-atoms-and-elements-15-10","protons":"6","neutrons":"6","electrons":"6"}
[2026-09-04T21:29:08.096Z] [generated] atom-5f032afafdf4.svg
[2026-09-04T21:29:08.097Z] [request] atom {"type":"atom","name":"chemistry-atoms-and-elements-15-11","protons":"8","neutrons":"8","electrons":"8"}
[2026-09-04T21:29:08.097Z] [generated] atom-acb52b9e5465.svg
[2026-09-04T21:29:08.097Z] [request] atom {"type":"atom","name":"chemistry-atoms-and-elements-15-12","protons":"11","neutrons":"12","electrons":"11"}
[2026-09-04T21:29:08.098Z] [generated] atom-86830b53b5e4.svg
[2026-09-04T21:29:08.098Z] [request] atom {"type":"atom","name":"chemistry-atoms-and-elements-15-13","protons":"12","neutrons":"12","electrons":"12"}
[2026-09-04T21:29:08.099Z] [generated] atom-0593b3ebd9fe.svg
[2026-09-04T21:29:08.099Z] [request] atom {"type":"atom","name":"chemistry-atoms-and-elements-15-14","protons":"17","neutrons":"18","electrons":"17"}
[2026-09-04T21:29:08.100Z] [generated] atom-62bcda7d569f.svg
[2026-09-04T21:29:08.100Z] [request] atom {"type":"atom","name":"chemistry-atoms-and-elements-15-15","protons":"3","neutrons":"4","electrons":"3"}
[2026-09-04T21:29:08.101Z] [generated] atom-74ff1a1753b3.svg
[2026-09-04T21:29:08.101Z] [request] atom {"type":"atom","name":"chemistry-atoms-and-elements-15-16","protons":"6","neutrons":"6","electrons":"6"}
[2026-09-04T21:29:08.102Z] [generated] atom-e3912ba15bdf.svg
[2026-09-04T21:29:08.102Z] [request] atom {"type":"atom","name":"chemistry-atoms-and-elements-15-17","protons":"8","neutrons":"8","electrons":"8"}
[2026-09-04T21:29:08.102Z] [generated] atom-6559f88984d8.svg
[2026-09-04T21:29:08.103Z] [request] atom {"type":"atom","name":"chemistry-atoms-and-elements-15-18","protons":"11","neutrons":"12","electrons":"11"}
[2026-09-04T21:29:08.103Z] [generated] atom-60b2f3389f62.svg
[2026-09-04T21:29:08.104Z] [request] atom {"type":"atom","name":"chemistry-atoms-and-elements-15-19","protons":"12","neutrons":"12","electrons":"12"}
[2026-09-04T21:29:08.104Z] [generated] atom-c1b7cc9c4681.svg
[2026-09-04T21:29:08.281Z] [request] atom {"type":"atom","name":"chemistry-atoms-and-elements-16-0","protons":"12","neutrons":"12","electrons":"12"}
[2026-09-04T21:29:08.282Z] [generated] atom-d90314160921.svg
[2026-09-04T21:29:08.282Z] [request] atom {"type":"atom","name":"chemistry-atoms-and-elements-16-1","protons":"17","neutrons":"18","electrons":"17"}
[2026-09-04T21:29:08.283Z] [generated] atom-de017872fd23.svg
[2026-09-04T21:29:08.283Z] [request] atom {"type":"atom","name":"chemistry-atoms-and-elements-16-2","protons":"3","neutrons":"4","electrons":"3"}
[2026-09-04T21:29:08.284Z] [generated] atom-09230c03ed2b.svg
[2026-09-04T21:29:08.284Z] [request] atom {"type":"atom","name":"chemistry-atoms-and-elements-16-3","protons":"6","neutrons":"6","electrons":"6"}
[2026-09-04T21:29:08.285Z] [generated] atom-7ef33e307105.svg
[2026-09-04T21:29:08.285Z] [request] atom {"type":"atom","name":"chemistry-atoms-and-elements-16-4","protons":"8","neutrons":"8","electrons":"8"}
[2026-09-04T21:29:08.286Z] [generated] atom-625eb8f70162.svg
[2026-09-04T21:29:08.287Z] [request] atom {"type":"atom","name":"chemistry-atoms-and-elements-16-5","protons":"11","neutrons":"12","electrons":"11"}
[2026-09-04T21:29:08.288Z] [generated] atom-7d90a830695e.svg
[2026-09-04T21:29:08.288Z] [request] atom {"type":"atom","name":"chemistry-atoms-and-elements-16-6","protons":"12","neutrons":"12","electrons":"12"}
[2026-09-04T21:29:08.288Z] [generated] atom-cd52ab62b7c8.svg
[2026-09-04T21:29:08.289Z] [request] atom {"type":"atom","name":"chemistry-atoms-and-elements-16-7","protons":"17","neutrons":"18","electrons":"17"}
[2026-09-04T21:29:08.290Z] [generated] atom-6a91f4eec771.svg
[2026-09-04T21:29:08.290Z] [request] atom {"type":"atom","name":"chemistry-atoms-and-elements-16-8","protons":"3","neutrons":"4","electrons":"3"}
[2026-09-04T21:29:08.290Z] [generated] atom-b58aecad35c9.svg
[2026-09-04T21:29:08.291Z] [request] atom {"type":"atom","name":"chemistry-atoms-and-elements-16-9","protons":"6","neutrons":"6","electrons":"6"}
[2026-09-04T21:29:08.291Z] [generated] atom-666556959a4c.svg
[2026-09-04T21:29:08.292Z] [request] atom {"type":"atom","name":"chemistry-atoms-and-elements-16-10","protons":"8","neutrons":"8","electrons":"8"}
[2026-09-04T21:29:08.292Z] [generated] atom-36cd023a2c09.svg
[2026-09-04T21:29:08.292Z] [request] atom {"type":"atom","name":"chemistry-atoms-and-elements-16-11","protons":"11","neutrons":"12","electrons":"11"}
[2026-09-04T21:29:08.293Z] [generated] atom-3761a552643a.svg
[2026-09-04T21:29:08.293Z] [request] atom {"type":"atom","name":"chemistry-atoms-and-elements-16-12","protons":"12","neutrons":"12","electrons":"12"}
[2026-09-04T21:29:08.294Z] [generated] atom-4e2cd6ecb3c1.svg
[2026-09-04T21:29:08.294Z] [request] atom {"type":"atom","name":"chemistry-atoms-and-elements-16-13","protons":"17","neutrons":"18","electrons":"17"}
[2026-09-04T21:29:08.295Z] [generated] atom-f2b9c0d8a0f5.svg
[2026-09-04T21:29:08.295Z] [request] atom {"type":"atom","name":"chemistry-atoms-and-elements-16-14","protons":"3","neutrons":"4","electrons":"3"}
[2026-09-04T21:29:08.296Z] [generated] atom-e764c43c2cc2.svg
[2026-09-04T21:29:08.296Z] [request] atom {"type":"atom","name":"chemistry-atoms-and-elements-16-15","protons":"6","neutrons":"6","electrons":"6"}
[2026-09-04T21:29:08.297Z] [generated] atom-3e0990490c82.svg
[2026-09-04T21:29:08.297Z] [request] atom {"type":"atom","name":"chemistry-atoms-and-elements-16-16","protons":"8","neutrons":"8","electrons":"8"}
[2026-09-04T21:29:08.297Z] [generated] atom-82a911221ebb.svg
[2026-09-04T21:29:08.298Z] [request] atom {"type":"atom","name":"chemistry-atoms-and-elements-16-17","protons":"11","neutrons":"12","electrons":"11"}
[2026-09-04T21:29:08.298Z] [generated] atom-9bde1aedb2ad.svg
[2026-09-04T21:29:08.299Z] [request] atom {"type":"atom","name":"chemistry-atoms-and-elements-16-18","protons":"12","neutrons":"12","electrons":"12"}
[2026-09-04T21:29:08.299Z] [generated] atom-f4e14b91729f.svg
[2026-09-04T21:29:08.299Z] [request] atom {"type":"atom","name":"chemistry-atoms-and-elements-16-19","protons":"17","neutrons":"18","electrons":"17"}
[2026-09-04T21:29:08.300Z] [generated] atom-f870713bfc45.svg
[2026-09-04T21:29:08.468Z] [request] atom {"type":"atom","name":"chemistry-atoms-and-elements-17-0","protons":"17","neutrons":"18","electrons":"17"}
[2026-09-04T21:29:08.469Z] [generated] atom-686134a0070d.svg
[2026-09-04T21:29:08.469Z] [request] atom {"type":"atom","name":"chemistry-atoms-and-elements-17-1","protons":"3","neutrons":"4","electrons":"3"}
[2026-09-04T21:29:08.470Z] [generated] atom-0b3bd3fa5598.svg
[2026-09-04T21:29:08.471Z] [request] atom {"type":"atom","name":"chemistry-atoms-and-elements-17-2","protons":"6","neutrons":"6","electrons":"6"}
[2026-09-04T21:29:08.471Z] [generated] atom-0e39ec6f9094.svg
[2026-09-04T21:29:08.472Z] [request] atom {"type":"atom","name":"chemistry-atoms-and-elements-17-3","protons":"8","neutrons":"8","electrons":"8"}
[2026-09-04T21:29:08.472Z] [generated] atom-38018d27b3b2.svg
[2026-09-04T21:29:08.473Z] [request] atom {"type":"atom","name":"chemistry-atoms-and-elements-17-4","protons":"11","neutrons":"12","electrons":"11"}
[2026-09-04T21:29:08.473Z] [generated] atom-87bf665d420c.svg
[2026-09-04T21:29:08.473Z] [request] atom {"type":"atom","name":"chemistry-atoms-and-elements-17-5","protons":"12","neutrons":"12","electrons":"12"}
[2026-09-04T21:29:08.474Z] [generated] atom-3fc58f7e10d8.svg
[2026-09-04T21:29:08.474Z] [request] atom {"type":"atom","name":"chemistry-atoms-and-elements-17-6","protons":"17","neutrons":"18","electrons":"17"}
[2026-09-04T21:29:08.475Z] [generated] atom-3593a75d8986.svg
[2026-09-04T21:29:08.475Z] [request] atom {"type":"atom","name":"chemistry-atoms-and-elements-17-7","protons":"3","neutrons":"4","electrons":"3"}
[2026-09-04T21:29:08.476Z] [generated] atom-e15b8c21c64c.svg
[2026-09-04T21:29:08.476Z] [request] atom {"type":"atom","name":"chemistry-atoms-and-elements-17-8","protons":"6","neutrons":"6","electrons":"6"}
[2026-09-04T21:29:08.477Z] [generated] atom-3bc0677fa868.svg
[2026-09-04T21:29:08.477Z] [request] atom {"type":"atom","name":"chemistry-atoms-and-elements-17-9","protons":"8","neutrons":"8","electrons":"8"}
[2026-09-04T21:29:08.478Z] [generated] atom-b80beb471d34.svg
[2026-09-04T21:29:08.478Z] [request] atom {"type":"atom","name":"chemistry-atoms-and-elements-17-10","protons":"11","neutrons":"12","electrons":"11"}
[2026-09-04T21:29:08.479Z] [generated] atom-4bd19a79e450.svg
[2026-09-04T21:29:08.479Z] [request] atom {"type":"atom","name":"chemistry-atoms-and-elements-17-11","protons":"12","neutrons":"12","electrons":"12"}
[2026-09-04T21:29:08.480Z] [generated] atom-e09135f405f7.svg
[2026-09-04T21:29:08.480Z] [request] atom {"type":"atom","name":"chemistry-atoms-and-elements-17-12","protons":"17","neutrons":"18","electrons":"17"}
[2026-09-04T21:29:08.480Z] [generated] atom-7905d8ad2568.svg
[2026-09-04T21:29:08.481Z] [request] atom {"type":"atom","name":"chemistry-atoms-and-elements-17-13","protons":"3","neutrons":"4","electrons":"3"}
[2026-09-04T21:29:08.481Z] [generated] atom-00a312f42b0b.svg
[2026-09-04T21:29:08.482Z] [request] atom {"type":"atom","name":"chemistry-atoms-and-elements-17-14","protons":"6","neutrons":"6","electrons":"6"}
[2026-09-04T21:29:08.482Z] [generated] atom-16fc5eb4fe0d.svg
[2026-09-04T21:29:08.482Z] [request] atom {"type":"atom","name":"chemistry-atoms-and-elements-17-15","protons":"8","neutrons":"8","electrons":"8"}
[2026-09-04T21:29:08.483Z] [generated] atom-d7f51de13990.svg
[2026-09-04T21:29:08.483Z] [request] atom {"type":"atom","name":"chemistry-atoms-and-elements-17-16","protons":"11","neutrons":"12","electrons":"11"}
[2026-09-04T21:29:08.484Z] [generated] atom-ae4911324f28.svg
[2026-09-04T21:29:08.484Z] [request] atom {"type":"atom","name":"chemistry-atoms-and-elements-17-17","protons":"12","neutrons":"12","electrons":"12"}
[2026-09-04T21:29:08.485Z] [generated] atom-316a668b6ab2.svg
[2026-09-04T21:29:08.485Z] [request] atom {"type":"atom","name":"chemistry-atoms-and-elements-17-18","protons":"17","neutrons":"18","electrons":"17"}
[2026-09-04T21:29:08.486Z] [generated] atom-1d236af365da.svg
[2026-09-04T21:29:08.486Z] [request] atom {"type":"atom","name":"chemistry-atoms-and-elements-17-19","protons":"3","neutrons":"4","electrons":"3"}
[2026-09-04T21:29:08.487Z] [generated] atom-212dba983897.svg
[2026-09-04T21:29:08.884Z] [request] atom {"type":"atom","name":"chemistry-atoms-and-elements-18-0","protons":"3","neutrons":"4","electrons":"3"}
[2026-09-04T21:29:08.885Z] [generated] atom-ded97f5f1b85.svg
[2026-09-04T21:29:08.885Z] [request] atom {"type":"atom","name":"chemistry-atoms-and-elements-18-1","protons":"6","neutrons":"6","electrons":"6"}
[2026-09-04T21:29:08.886Z] [generated] atom-02a478981d83.svg
[2026-09-04T21:29:08.887Z] [request] atom {"type":"atom","name":"chemistry-atoms-and-elements-18-2","protons":"8","neutrons":"8","electrons":"8"}
[2026-09-04T21:29:08.887Z] [generated] atom-3a65a6016b0e.svg
[2026-09-04T21:29:08.888Z] [request] atom {"type":"atom","name":"chemistry-atoms-and-elements-18-3","protons":"11","neutrons":"12","electrons":"11"}
[2026-09-04T21:29:08.888Z] [generated] atom-615568e9c012.svg
[2026-09-04T21:29:08.889Z] [request] atom {"type":"atom","name":"chemistry-atoms-and-elements-18-4","protons":"12","neutrons":"12","electrons":"12"}
[2026-09-04T21:29:08.889Z] [generated] atom-54e6a85bee2e.svg
[2026-09-04T21:29:08.890Z] [request] atom {"type":"atom","name":"chemistry-atoms-and-elements-18-5","protons":"17","neutrons":"18","electrons":"17"}
[2026-09-04T21:29:08.890Z] [generated] atom-76e3bf0b3130.svg
[2026-09-04T21:29:08.891Z] [request] atom {"type":"atom","name":"chemistry-atoms-and-elements-18-6","protons":"3","neutrons":"4","electrons":"3"}
[2026-09-04T21:29:08.891Z] [generated] atom-122ddcbc6fa9.svg
[2026-09-04T21:29:08.892Z] [request] atom {"type":"atom","name":"chemistry-atoms-and-elements-18-7","protons":"6","neutrons":"6","electrons":"6"}
[2026-09-04T21:29:08.892Z] [generated] atom-77ba9e7b98d3.svg
[2026-09-04T21:29:08.892Z] [request] atom {"type":"atom","name":"chemistry-atoms-and-elements-18-8","protons":"8","neutrons":"8","electrons":"8"}
[2026-09-04T21:29:08.893Z] [generated] atom-b063ab9c5a63.svg
[2026-09-04T21:29:08.893Z] [request] atom {"type":"atom","name":"chemistry-atoms-and-elements-18-9","protons":"11","neutrons":"12","electrons":"11"}
[2026-09-04T21:29:08.894Z] [generated] atom-b8f63fa12a85.svg
[2026-09-04T21:29:08.894Z] [request] atom {"type":"atom","name":"chemistry-atoms-and-elements-18-10","protons":"12","neutrons":"12","electrons":"12"}
[2026-09-04T21:29:08.895Z] [generated] atom-d141f6817241.svg
[2026-09-04T21:29:08.895Z] [request] atom {"type":"atom","name":"chemistry-atoms-and-elements-18-11","protons":"17","neutrons":"18","electrons":"17"}
[2026-09-04T21:29:08.896Z] [generated] atom-b5f113c6cd25.svg
[2026-09-04T21:29:08.896Z] [request] atom {"type":"atom","name":"chemistry-atoms-and-elements-18-12","protons":"3","neutrons":"4","electrons":"3"}
[2026-09-04T21:29:08.897Z] [generated] atom-cba823c66ea0.svg
[2026-09-04T21:29:08.897Z] [request] atom {"type":"atom","name":"chemistry-atoms-and-elements-18-13","protons":"6","neutrons":"6","electrons":"6"}
[2026-09-04T21:29:08.897Z] [generated] atom-6b730bddd926.svg
[2026-09-04T21:29:08.898Z] [request] atom {"type":"atom","name":"chemistry-atoms-and-elements-18-14","protons":"8","neutrons":"8","electrons":"8"}
[2026-09-04T21:29:08.898Z] [generated] atom-8719744d9299.svg
[2026-09-04T21:29:08.899Z] [request] atom {"type":"atom","name":"chemistry-atoms-and-elements-18-15","protons":"11","neutrons":"12","electrons":"11"}
[2026-09-04T21:29:08.899Z] [generated] atom-052e29e80d4a.svg
[2026-09-04T21:29:08.900Z] [request] atom {"type":"atom","name":"chemistry-atoms-and-elements-18-16","protons":"12","neutrons":"12","electrons":"12"}
[2026-09-04T21:29:08.900Z] [generated] atom-ef81dbda5c26.svg
[2026-09-04T21:29:08.901Z] [request] atom {"type":"atom","name":"chemistry-atoms-and-elements-18-17","protons":"17","neutrons":"18","electrons":"17"}
[2026-09-04T21:29:08.901Z] [generated] atom-f0dae0b17dfb.svg
[2026-09-04T21:29:08.901Z] [request] atom {"type":"atom","name":"chemistry-atoms-and-elements-18-18","protons":"3","neutrons":"4","electrons":"3"}
[2026-09-04T21:29:08.903Z] [generated] atom-3e4bf2ee4b59.svg
[2026-09-04T21:29:08.904Z] [request] atom {"type":"atom","name":"chemistry-atoms-and-elements-18-19","protons":"6","neutrons":"6","electrons":"6"}
[2026-09-04T21:29:08.904Z] [generated] atom-bf6c08c704a5.svg
[2026-09-04T21:29:09.090Z] [request] atom {"type":"atom","name":"chemistry-atoms-and-elements-19-0","protons":"6","neutrons":"6","electrons":"6"}
[2026-09-04T21:29:09.091Z] [generated] atom-455e36ff8161.svg
[2026-09-04T21:29:09.091Z] [request] atom {"type":"atom","name":"chemistry-atoms-and-elements-19-1","protons":"8","neutrons":"8","electrons":"8"}
[2026-09-04T21:29:09.092Z] [generated] atom-a721b8f5560f.svg
[2026-09-04T21:29:09.092Z] [request] atom {"type":"atom","name":"chemistry-atoms-and-elements-19-2","protons":"11","neutrons":"12","electrons":"11"}
[2026-09-04T21:29:09.093Z] [generated] atom-91960280d1e6.svg
[2026-09-04T21:29:09.093Z] [request] atom {"type":"atom","name":"chemistry-atoms-and-elements-19-3","protons":"12","neutrons":"12","electrons":"12"}
[2026-09-04T21:29:09.094Z] [generated] atom-f78498a74cee.svg
[2026-09-04T21:29:09.094Z] [request] atom {"type":"atom","name":"chemistry-atoms-and-elements-19-4","protons":"17","neutrons":"18","electrons":"17"}
[2026-09-04T21:29:09.095Z] [generated] atom-f263b215f1d7.svg
[2026-09-04T21:29:09.095Z] [request] atom {"type":"atom","name":"chemistry-atoms-and-elements-19-5","protons":"3","neutrons":"4","electrons":"3"}
[2026-09-04T21:29:09.096Z] [generated] atom-ac6229201454.svg
[2026-09-04T21:29:09.096Z] [request] atom {"type":"atom","name":"chemistry-atoms-and-elements-19-6","protons":"6","neutrons":"6","electrons":"6"}
[2026-09-04T21:29:09.097Z] [generated] atom-4ff007f2ada0.svg
[2026-09-04T21:29:09.097Z] [request] atom {"type":"atom","name":"chemistry-atoms-and-elements-19-7","protons":"8","neutrons":"8","electrons":"8"}
[2026-09-04T21:29:09.097Z] [generated] atom-e1c73cbb5627.svg
[2026-09-04T21:29:09.098Z] [request] atom {"type":"atom","name":"chemistry-atoms-and-elements-19-8","protons":"11","neutrons":"12","electrons":"11"}
[2026-09-04T21:29:09.098Z] [generated] atom-92650a739274.svg
[2026-09-04T21:29:09.099Z] [request] atom {"type":"atom","name":"chemistry-atoms-and-elements-19-9","protons":"12","neutrons":"12","electrons":"12"}
[2026-09-04T21:29:09.099Z] [generated] atom-1110600d5bbb.svg
[2026-09-04T21:29:09.099Z] [request] atom {"type":"atom","name":"chemistry-atoms-and-elements-19-10","protons":"17","neutrons":"18","electrons":"17"}
[2026-09-04T21:29:09.100Z] [generated] atom-68b88f87de9a.svg
[2026-09-04T21:29:09.100Z] [request] atom {"type":"atom","name":"chemistry-atoms-and-elements-19-11","protons":"3","neutrons":"4","electrons":"3"}
[2026-09-04T21:29:09.101Z] [generated] atom-0bc43838c294.svg
[2026-09-04T21:29:09.101Z] [request] atom {"type":"atom","name":"chemistry-atoms-and-elements-19-12","protons":"6","neutrons":"6","electrons":"6"}
[2026-09-04T21:29:09.102Z] [generated] atom-69655995bb1f.svg
[2026-09-04T21:29:09.102Z] [request] atom {"type":"atom","name":"chemistry-atoms-and-elements-19-13","protons":"8","neutrons":"8","electrons":"8"}
[2026-09-04T21:29:09.103Z] [generated] atom-ae7a68d82a99.svg
[2026-09-04T21:29:09.103Z] [request] atom {"type":"atom","name":"chemistry-atoms-and-elements-19-14","protons":"11","neutrons":"12","electrons":"11"}
[2026-09-04T21:29:09.104Z] [generated] atom-ec5018f770f5.svg
[2026-09-04T21:29:09.104Z] [request] atom {"type":"atom","name":"chemistry-atoms-and-elements-19-15","protons":"12","neutrons":"12","electrons":"12"}
[2026-09-04T21:29:09.105Z] [generated] atom-30afab3cfa57.svg
[2026-09-04T21:29:09.105Z] [request] atom {"type":"atom","name":"chemistry-atoms-and-elements-19-16","protons":"17","neutrons":"18","electrons":"17"}
[2026-09-04T21:29:09.106Z] [generated] atom-df3eead3ff12.svg
[2026-09-04T21:29:09.106Z] [request] atom {"type":"atom","name":"chemistry-atoms-and-elements-19-17","protons":"3","neutrons":"4","electrons":"3"}
[2026-09-04T21:29:09.107Z] [generated] atom-b2b60b0fc6fc.svg
[2026-09-04T21:29:09.107Z] [request] atom {"type":"atom","name":"chemistry-atoms-and-elements-19-18","protons":"6","neutrons":"6","electrons":"6"}
[2026-09-04T21:29:09.108Z] [generated] atom-83d8d72b22b7.svg
[2026-09-04T21:29:09.108Z] [request] atom {"type":"atom","name":"chemistry-atoms-and-elements-19-19","protons":"8","neutrons":"8","electrons":"8"}
[2026-09-04T21:29:09.108Z] [generated] atom-391a7133b214.svg
[2026-09-04T21:29:09.280Z] [request] atom {"type":"atom","name":"chemistry-atoms-and-elements-20-0","protons":"8","neutrons":"8","electrons":"8"}
[2026-09-04T21:29:09.281Z] [generated] atom-608c0419cf97.svg
[2026-09-04T21:29:09.281Z] [request] atom {"type":"atom","name":"chemistry-atoms-and-elements-20-1","protons":"11","neutrons":"12","electrons":"11"}
[2026-09-04T21:29:09.282Z] [generated] atom-8ad73bbd6fc7.svg
[2026-09-04T21:29:09.282Z] [request] atom {"type":"atom","name":"chemistry-atoms-and-elements-20-2","protons":"12","neutrons":"12","electrons":"12"}
[2026-09-04T21:29:09.283Z] [generated] atom-1c5ff3ddcd8c.svg
[2026-09-04T21:29:09.283Z] [request] atom {"type":"atom","name":"chemistry-atoms-and-elements-20-3","protons":"17","neutrons":"18","electrons":"17"}
[2026-09-04T21:29:09.284Z] [generated] atom-2fdba2996c0a.svg
[2026-09-04T21:29:09.284Z] [request] atom {"type":"atom","name":"chemistry-atoms-and-elements-20-4","protons":"3","neutrons":"4","electrons":"3"}
[2026-09-04T21:29:09.285Z] [generated] atom-3d18d22fd276.svg
[2026-09-04T21:29:09.285Z] [request] atom {"type":"atom","name":"chemistry-atoms-and-elements-20-5","protons":"6","neutrons":"6","electrons":"6"}
[2026-09-04T21:29:09.286Z] [generated] atom-de2592763bc0.svg
[2026-09-04T21:29:09.286Z] [request] atom {"type":"atom","name":"chemistry-atoms-and-elements-20-6","protons":"8","neutrons":"8","electrons":"8"}
[2026-09-04T21:29:09.287Z] [generated] atom-758a801e1b50.svg
[2026-09-04T21:29:09.287Z] [request] atom {"type":"atom","name":"chemistry-atoms-and-elements-20-7","protons":"11","neutrons":"12","electrons":"11"}
[2026-09-04T21:29:09.288Z] [generated] atom-7f24c6597ca9.svg
[2026-09-04T21:29:09.288Z] [request] atom {"type":"atom","name":"chemistry-atoms-and-elements-20-8","protons":"12","neutrons":"12","electrons":"12"}
[2026-09-04T21:29:09.289Z] [generated] atom-cca3496aba6e.svg
[2026-09-04T21:29:09.289Z] [request] atom {"type":"atom","name":"chemistry-atoms-and-elements-20-9","protons":"17","neutrons":"18","electrons":"17"}
[2026-09-04T21:29:09.289Z] [generated] atom-35f8c4bef97b.svg
[2026-09-04T21:29:09.290Z] [request] atom {"type":"atom","name":"chemistry-atoms-and-elements-20-10","protons":"3","neutrons":"4","electrons":"3"}
[2026-09-04T21:29:09.290Z] [generated] atom-ad269778af21.svg
[2026-09-04T21:29:09.291Z] [request] atom {"type":"atom","name":"chemistry-atoms-and-elements-20-11","protons":"6","neutrons":"6","electrons":"6"}
[2026-09-04T21:29:09.291Z] [generated] atom-ab3426db9d6d.svg
[2026-09-04T21:29:09.292Z] [request] atom {"type":"atom","name":"chemistry-atoms-and-elements-20-12","protons":"8","neutrons":"8","electrons":"8"}
[2026-09-04T21:29:09.292Z] [generated] atom-3475a2216d36.svg
[2026-09-04T21:29:09.293Z] [request] atom {"type":"atom","name":"chemistry-atoms-and-elements-20-13","protons":"11","neutrons":"12","electrons":"11"}
[2026-09-04T21:29:09.293Z] [generated] atom-141472e66727.svg
[2026-09-04T21:29:09.294Z] [request] atom {"type":"atom","name":"chemistry-atoms-and-elements-20-14","protons":"12","neutrons":"12","electrons":"12"}
[2026-09-04T21:29:09.294Z] [generated] atom-94096b6ad8b7.svg
[2026-09-04T21:29:09.295Z] [request] atom {"type":"atom","name":"chemistry-atoms-and-elements-20-15","protons":"17","neutrons":"18","electrons":"17"}
[2026-09-04T21:29:09.295Z] [generated] atom-3384bef4c861.svg
[2026-09-04T21:29:09.295Z] [request] atom {"type":"atom","name":"chemistry-atoms-and-elements-20-16","protons":"3","neutrons":"4","electrons":"3"}
[2026-09-04T21:29:09.296Z] [generated] atom-20750830203e.svg
[2026-09-04T21:29:09.296Z] [request] atom {"type":"atom","name":"chemistry-atoms-and-elements-20-17","protons":"6","neutrons":"6","electrons":"6"}
[2026-09-04T21:29:09.297Z] [generated] atom-9e985a15615d.svg
[2026-09-04T21:29:09.297Z] [request] atom {"type":"atom","name":"chemistry-atoms-and-elements-20-18","protons":"8","neutrons":"8","electrons":"8"}
[2026-09-04T21:29:09.298Z] [generated] atom-260fe9b5c6b2.svg
[2026-09-04T21:29:09.298Z] [request] atom {"type":"atom","name":"chemistry-atoms-and-elements-20-19","protons":"11","neutrons":"12","electrons":"11"}
[2026-09-04T21:29:09.298Z] [generated] atom-825b5347e08e.svg
[2026-09-04T21:29:09.489Z] [request] atom {"type":"atom","name":"chemistry-atoms-and-elements-21-0","protons":"11","neutrons":"12","electrons":"11"}
[2026-09-04T21:29:09.490Z] [generated] atom-60aaa4f1389a.svg
[2026-09-04T21:29:09.490Z] [request] atom {"type":"atom","name":"chemistry-atoms-and-elements-21-1","protons":"12","neutrons":"12","electrons":"12"}
[2026-09-04T21:29:09.491Z] [generated] atom-f7b20d0da7c3.svg
[2026-09-04T21:29:09.491Z] [request] atom {"type":"atom","name":"chemistry-atoms-and-elements-21-2","protons":"17","neutrons":"18","electrons":"17"}
[2026-09-04T21:29:09.492Z] [generated] atom-dff6bf1e1407.svg
[2026-09-04T21:29:09.492Z] [request] atom {"type":"atom","name":"chemistry-atoms-and-elements-21-3","protons":"3","neutrons":"4","electrons":"3"}
[2026-09-04T21:29:09.494Z] [generated] atom-7cccb072a3b5.svg
[2026-09-04T21:29:09.495Z] [request] atom {"type":"atom","name":"chemistry-atoms-and-elements-21-4","protons":"6","neutrons":"6","electrons":"6"}
[2026-09-04T21:29:09.495Z] [generated] atom-775f48b77615.svg
[2026-09-04T21:29:09.495Z] [request] atom {"type":"atom","name":"chemistry-atoms-and-elements-21-5","protons":"8","neutrons":"8","electrons":"8"}
[2026-09-04T21:29:09.496Z] [generated] atom-70483a453e9b.svg
[2026-09-04T21:29:09.496Z] [request] atom {"type":"atom","name":"chemistry-atoms-and-elements-21-6","protons":"11","neutrons":"12","electrons":"11"}
[2026-09-04T21:29:09.497Z] [generated] atom-9b2731f91c58.svg
[2026-09-04T21:29:09.497Z] [request] atom {"type":"atom","name":"chemistry-atoms-and-elements-21-7","protons":"12","neutrons":"12","electrons":"12"}
[2026-09-04T21:29:09.498Z] [generated] atom-f2554125a16b.svg
[2026-09-04T21:29:09.498Z] [request] atom {"type":"atom","name":"chemistry-atoms-and-elements-21-8","protons":"17","neutrons":"18","electrons":"17"}
[2026-09-04T21:29:09.499Z] [generated] atom-7880da3dd456.svg
[2026-09-04T21:29:09.499Z] [request] atom {"type":"atom","name":"chemistry-atoms-and-elements-21-9","protons":"3","neutrons":"4","electrons":"3"}
[2026-09-04T21:29:09.499Z] [generated] atom-6e1cdf79da50.svg
[2026-09-04T21:29:09.500Z] [request] atom {"type":"atom","name":"chemistry-atoms-and-elements-21-10","protons":"6","neutrons":"6","electrons":"6"}
[2026-09-04T21:29:09.500Z] [generated] atom-4794dfd34c6b.svg
[2026-09-04T21:29:09.501Z] [request] atom {"type":"atom","name":"chemistry-atoms-and-elements-21-11","protons":"8","neutrons":"8","electrons":"8"}
[2026-09-04T21:29:09.501Z] [generated] atom-3153830f1d3c.svg
[2026-09-04T21:29:09.502Z] [request] atom {"type":"atom","name":"chemistry-atoms-and-elements-21-12","protons":"11","neutrons":"12","electrons":"11"}
[2026-09-04T21:29:09.502Z] [generated] atom-51507a8dc6a6.svg
[2026-09-04T21:29:09.503Z] [request] atom {"type":"atom","name":"chemistry-atoms-and-elements-21-13","protons":"12","neutrons":"12","electrons":"12"}
[2026-09-04T21:29:09.503Z] [generated] atom-de1c228a46e7.svg
[2026-09-04T21:29:09.503Z] [request] atom {"type":"atom","name":"chemistry-atoms-and-elements-21-14","protons":"17","neutrons":"18","electrons":"17"}
[2026-09-04T21:29:09.504Z] [generated] atom-2537199db565.svg
[2026-09-04T21:29:09.504Z] [request] atom {"type":"atom","name":"chemistry-atoms-and-elements-21-15","protons":"3","neutrons":"4","electrons":"3"}
[2026-09-04T21:29:09.505Z] [generated] atom-0b7b78015161.svg
[2026-09-04T21:29:09.505Z] [request] atom {"type":"atom","name":"chemistry-atoms-and-elements-21-16","protons":"6","neutrons":"6","electrons":"6"}
[2026-09-04T21:29:09.506Z] [generated] atom-4a67c30c2990.svg
[2026-09-04T21:29:09.506Z] [request] atom {"type":"atom","name":"chemistry-atoms-and-elements-21-17","protons":"8","neutrons":"8","electrons":"8"}
[2026-09-04T21:29:09.507Z] [generated] atom-29cfa371a0e5.svg
[2026-09-04T21:29:09.507Z] [request] atom {"type":"atom","name":"chemistry-atoms-and-elements-21-18","protons":"11","neutrons":"12","electrons":"11"}
[2026-09-04T21:29:09.508Z] [generated] atom-992fc6587558.svg
[2026-09-04T21:29:09.508Z] [request] atom {"type":"atom","name":"chemistry-atoms-and-elements-21-19","protons":"12","neutrons":"12","electrons":"12"}
[2026-09-04T21:29:09.509Z] [generated] atom-27d2e04a6317.svg
[2026-09-04T21:29:09.700Z] [request] atom {"type":"atom","name":"chemistry-atoms-and-elements-22-0","protons":"12","neutrons":"12","electrons":"12"}
[2026-09-04T21:29:09.701Z] [generated] atom-d9e13f39e9d5.svg
[2026-09-04T21:29:09.702Z] [request] atom {"type":"atom","name":"chemistry-atoms-and-elements-22-1","protons":"17","neutrons":"18","electrons":"17"}
[2026-09-04T21:29:09.702Z] [generated] atom-35104dfa2b6d.svg
[2026-09-04T21:29:09.703Z] [request] atom {"type":"atom","name":"chemistry-atoms-and-elements-22-2","protons":"3","neutrons":"4","electrons":"3"}
[2026-09-04T21:29:09.703Z] [generated] atom-053d010bb800.svg
[2026-09-04T21:29:09.704Z] [request] atom {"type":"atom","name":"chemistry-atoms-and-elements-22-3","protons":"6","neutrons":"6","electrons":"6"}
[2026-09-04T21:29:09.704Z] [generated] atom-b96bfc638e4d.svg
[2026-09-04T21:29:09.705Z] [request] atom {"type":"atom","name":"chemistry-atoms-and-elements-22-4","protons":"8","neutrons":"8","electrons":"8"}
[2026-09-04T21:29:09.705Z] [generated] atom-5f86bce19202.svg
[2026-09-04T21:29:09.706Z] [request] atom {"type":"atom","name":"chemistry-atoms-and-elements-22-5","protons":"11","neutrons":"12","electrons":"11"}
[2026-09-04T21:29:09.707Z] [generated] atom-70adf9b8792c.svg
[2026-09-04T21:29:09.707Z] [request] atom {"type":"atom","name":"chemistry-atoms-and-elements-22-6","protons":"12","neutrons":"12","electrons":"12"}
[2026-09-04T21:29:09.708Z] [generated] atom-2c0e9fc1f7ba.svg
[2026-09-04T21:29:09.708Z] [request] atom {"type":"atom","name":"chemistry-atoms-and-elements-22-7","protons":"17","neutrons":"18","electrons":"17"}
[2026-09-04T21:29:09.709Z] [generated] atom-b4802aa025e9.svg
[2026-09-04T21:29:09.709Z] [request] atom {"type":"atom","name":"chemistry-atoms-and-elements-22-8","protons":"3","neutrons":"4","electrons":"3"}
[2026-09-04T21:29:09.710Z] [generated] atom-c50bf1482aa9.svg
[2026-09-04T21:29:09.711Z] [request] atom {"type":"atom","name":"chemistry-atoms-and-elements-22-9","protons":"6","neutrons":"6","electrons":"6"}
[2026-09-04T21:29:09.711Z] [generated] atom-ceb2e469b3c5.svg
[2026-09-04T21:29:09.712Z] [request] atom {"type":"atom","name":"chemistry-atoms-and-elements-22-10","protons":"8","neutrons":"8","electrons":"8"}
[2026-09-04T21:29:09.712Z] [generated] atom-6c8f1be60a50.svg
[2026-09-04T21:29:09.713Z] [request] atom {"type":"atom","name":"chemistry-atoms-and-elements-22-11","protons":"11","neutrons":"12","electrons":"11"}
[2026-09-04T21:29:09.713Z] [generated] atom-1f8c2ed9cce9.svg
[2026-09-04T21:29:09.714Z] [request] atom {"type":"atom","name":"chemistry-atoms-and-elements-22-12","protons":"12","neutrons":"12","electrons":"12"}
[2026-09-04T21:29:09.714Z] [generated] atom-33f6e141cfc0.svg
[2026-09-04T21:29:09.715Z] [request] atom {"type":"atom","name":"chemistry-atoms-and-elements-22-13","protons":"17","neutrons":"18","electrons":"17"}
[2026-09-04T21:29:09.715Z] [generated] atom-d349dfff2c92.svg
[2026-09-04T21:29:09.716Z] [request] atom {"type":"atom","name":"chemistry-atoms-and-elements-22-14","protons":"3","neutrons":"4","electrons":"3"}
[2026-09-04T21:29:09.716Z] [generated] atom-2a1dd0d4b7ac.svg
[2026-09-04T21:29:09.717Z] [request] atom {"type":"atom","name":"chemistry-atoms-and-elements-22-15","protons":"6","neutrons":"6","electrons":"6"}
[2026-09-04T21:29:09.718Z] [generated] atom-db70856269d5.svg
[2026-09-04T21:29:09.718Z] [request] atom {"type":"atom","name":"chemistry-atoms-and-elements-22-16","protons":"8","neutrons":"8","electrons":"8"}
[2026-09-04T21:29:09.719Z] [generated] atom-159bc364b9e2.svg
[2026-09-04T21:29:09.719Z] [request] atom {"type":"atom","name":"chemistry-atoms-and-elements-22-17","protons":"11","neutrons":"12","electrons":"11"}
[2026-09-04T21:29:09.720Z] [generated] atom-13f7860f6174.svg
[2026-09-04T21:29:09.720Z] [request] atom {"type":"atom","name":"chemistry-atoms-and-elements-22-18","protons":"12","neutrons":"12","electrons":"12"}
[2026-09-04T21:29:09.721Z] [generated] atom-baea5fe9e0a0.svg
[2026-09-04T21:29:09.721Z] [request] atom {"type":"atom","name":"chemistry-atoms-and-elements-22-19","protons":"17","neutrons":"18","electrons":"17"}
[2026-09-04T21:29:09.722Z] [generated] atom-913ad5afcfa8.svg
[2026-09-04T21:29:09.897Z] [request] atom {"type":"atom","name":"chemistry-atoms-and-elements-23-0","protons":"17","neutrons":"18","electrons":"17"}
[2026-09-04T21:29:09.898Z] [generated] atom-4973c36ab946.svg
[2026-09-04T21:29:09.898Z] [request] atom {"type":"atom","name":"chemistry-atoms-and-elements-23-1","protons":"3","neutrons":"4","electrons":"3"}
[2026-09-04T21:29:09.899Z] [generated] atom-1ad9333f3132.svg
[2026-09-04T21:29:09.899Z] [request] atom {"type":"atom","name":"chemistry-atoms-and-elements-23-2","protons":"6","neutrons":"6","electrons":"6"}
[2026-09-04T21:29:09.900Z] [generated] atom-18124271a8f5.svg
[2026-09-04T21:29:09.900Z] [request] atom {"type":"atom","name":"chemistry-atoms-and-elements-23-3","protons":"8","neutrons":"8","electrons":"8"}
[2026-09-04T21:29:09.901Z] [generated] atom-5a8f256b82b1.svg
[2026-09-04T21:29:09.901Z] [request] atom {"type":"atom","name":"chemistry-atoms-and-elements-23-4","protons":"11","neutrons":"12","electrons":"11"}
[2026-09-04T21:29:09.902Z] [generated] atom-ec01626daf04.svg
[2026-09-04T21:29:09.902Z] [request] atom {"type":"atom","name":"chemistry-atoms-and-elements-23-5","protons":"12","neutrons":"12","electrons":"12"}
[2026-09-04T21:29:09.903Z] [generated] atom-415d102ab903.svg
[2026-09-04T21:29:09.903Z] [request] atom {"type":"atom","name":"chemistry-atoms-and-elements-23-6","protons":"17","neutrons":"18","electrons":"17"}
[2026-09-04T21:29:09.904Z] [generated] atom-75607f1b7cc5.svg
[2026-09-04T21:29:09.904Z] [request] atom {"type":"atom","name":"chemistry-atoms-and-elements-23-7","protons":"3","neutrons":"4","electrons":"3"}
[2026-09-04T21:29:09.905Z] [generated] atom-6fe02a9d74d0.svg
[2026-09-04T21:29:09.905Z] [request] atom {"type":"atom","name":"chemistry-atoms-and-elements-23-8","protons":"6","neutrons":"6","electrons":"6"}
[2026-09-04T21:29:09.906Z] [generated] atom-51c92645a5dd.svg
[2026-09-04T21:29:09.906Z] [request] atom {"type":"atom","name":"chemistry-atoms-and-elements-23-9","protons":"8","neutrons":"8","electrons":"8"}
[2026-09-04T21:29:09.907Z] [generated] atom-3b7090c8aa02.svg
[2026-09-04T21:29:09.907Z] [request] atom {"type":"atom","name":"chemistry-atoms-and-elements-23-10","protons":"11","neutrons":"12","electrons":"11"}
[2026-09-04T21:29:09.908Z] [generated] atom-5c0cf3f4c173.svg
[2026-09-04T21:29:09.908Z] [request] atom {"type":"atom","name":"chemistry-atoms-and-elements-23-11","protons":"12","neutrons":"12","electrons":"12"}
[2026-09-04T21:29:09.909Z] [generated] atom-2ff6b2c1c1b3.svg
[2026-09-04T21:29:09.909Z] [request] atom {"type":"atom","name":"chemistry-atoms-and-elements-23-12","protons":"17","neutrons":"18","electrons":"17"}
[2026-09-04T21:29:09.910Z] [generated] atom-c3eaed39c72d.svg
[2026-09-04T21:29:09.910Z] [request] atom {"type":"atom","name":"chemistry-atoms-and-elements-23-13","protons":"3","neutrons":"4","electrons":"3"}
[2026-09-04T21:29:09.910Z] [generated] atom-ffa6752597ec.svg
[2026-09-04T21:29:09.911Z] [request] atom {"type":"atom","name":"chemistry-atoms-and-elements-23-14","protons":"6","neutrons":"6","electrons":"6"}
[2026-09-04T21:29:09.913Z] [generated] atom-32c79c46e2ba.svg
[2026-09-04T21:29:09.913Z] [request] atom {"type":"atom","name":"chemistry-atoms-and-elements-23-15","protons":"8","neutrons":"8","electrons":"8"}
[2026-09-04T21:29:09.914Z] [generated] atom-491f576c1447.svg
[2026-09-04T21:29:09.914Z] [request] atom {"type":"atom","name":"chemistry-atoms-and-elements-23-16","protons":"11","neutrons":"12","electrons":"11"}
[2026-09-04T21:29:09.915Z] [generated] atom-b61a91a1f037.svg
[2026-09-04T21:29:09.915Z] [request] atom {"type":"atom","name":"chemistry-atoms-and-elements-23-17","protons":"12","neutrons":"12","electrons":"12"}
[2026-09-04T21:29:09.916Z] [generated] atom-c6db306f0f68.svg
[2026-09-04T21:29:09.916Z] [request] atom {"type":"atom","name":"chemistry-atoms-and-elements-23-18","protons":"17","neutrons":"18","electrons":"17"}
[2026-09-04T21:29:09.917Z] [generated] atom-8a9c00321bbe.svg
[2026-09-04T21:29:09.917Z] [request] atom {"type":"atom","name":"chemistry-atoms-and-elements-23-19","protons":"3","neutrons":"4","electrons":"3"}
[2026-09-04T21:29:09.918Z] [generated] atom-204d9b942f06.svg
[2026-09-04T21:29:10.114Z] [request] atom {"type":"atom","name":"chemistry-atoms-and-elements-24-0","protons":"3","neutrons":"4","electrons":"3"}
[2026-09-04T21:29:10.115Z] [generated] atom-37efcf099baa.svg
[2026-09-04T21:29:10.115Z] [request] atom {"type":"atom","name":"chemistry-atoms-and-elements-24-1","protons":"6","neutrons":"6","electrons":"6"}
[2026-09-04T21:29:10.116Z] [generated] atom-baed91b3681a.svg
[2026-09-04T21:29:10.116Z] [request] atom {"type":"atom","name":"chemistry-atoms-and-elements-24-2","protons":"8","neutrons":"8","electrons":"8"}
[2026-09-04T21:29:10.117Z] [generated] atom-b07e9b35685d.svg
[2026-09-04T21:29:10.117Z] [request] atom {"type":"atom","name":"chemistry-atoms-and-elements-24-3","protons":"11","neutrons":"12","electrons":"11"}
[2026-09-04T21:29:10.118Z] [generated] atom-1a5ec3476aa3.svg
[2026-09-04T21:29:10.118Z] [request] atom {"type":"atom","name":"chemistry-atoms-and-elements-24-4","protons":"12","neutrons":"12","electrons":"12"}
[2026-09-04T21:29:10.119Z] [generated] atom-bfd4c0cd5536.svg
[2026-09-04T21:29:10.120Z] [request] atom {"type":"atom","name":"chemistry-atoms-and-elements-24-5","protons":"17","neutrons":"18","electrons":"17"}
[2026-09-04T21:29:10.120Z] [generated] atom-4a2f91da120d.svg
[2026-09-04T21:29:10.121Z] [request] atom {"type":"atom","name":"chemistry-atoms-and-elements-24-6","protons":"3","neutrons":"4","electrons":"3"}
[2026-09-04T21:29:10.121Z] [generated] atom-75ee8ba9796e.svg
[2026-09-04T21:29:10.122Z] [request] atom {"type":"atom","name":"chemistry-atoms-and-elements-24-7","protons":"6","neutrons":"6","electrons":"6"}
[2026-09-04T21:29:10.122Z] [generated] atom-5078e35d78bf.svg
[2026-09-04T21:29:10.123Z] [request] atom {"type":"atom","name":"chemistry-atoms-and-elements-24-8","protons":"8","neutrons":"8","electrons":"8"}
[2026-09-04T21:29:10.123Z] [generated] atom-ad174fbf828f.svg
[2026-09-04T21:29:10.124Z] [request] atom {"type":"atom","name":"chemistry-atoms-and-elements-24-9","protons":"11","neutrons":"12","electrons":"11"}
[2026-09-04T21:29:10.124Z] [generated] atom-4daeb826a4d7.svg
[2026-09-04T21:29:10.125Z] [request] atom {"type":"atom","name":"chemistry-atoms-and-elements-24-10","protons":"12","neutrons":"12","electrons":"12"}
[2026-09-04T21:29:10.125Z] [generated] atom-995103d48134.svg
[2026-09-04T21:29:10.125Z] [request] atom {"type":"atom","name":"chemistry-atoms-and-elements-24-11","protons":"17","neutrons":"18","electrons":"17"}
[2026-09-04T21:29:10.126Z] [generated] atom-e107e06d5065.svg
[2026-09-04T21:29:10.126Z] [request] atom {"type":"atom","name":"chemistry-atoms-and-elements-24-12","protons":"3","neutrons":"4","electrons":"3"}
[2026-09-04T21:29:10.127Z] [generated] atom-30e196f1a710.svg
[2026-09-04T21:29:10.127Z] [request] atom {"type":"atom","name":"chemistry-atoms-and-elements-24-13","protons":"6","neutrons":"6","electrons":"6"}
[2026-09-04T21:29:10.128Z] [generated] atom-61a8fd3fe7b4.svg
[2026-09-04T21:29:10.128Z] [request] atom {"type":"atom","name":"chemistry-atoms-and-elements-24-14","protons":"8","neutrons":"8","electrons":"8"}
[2026-09-04T21:29:10.129Z] [generated] atom-9923ce5b792e.svg
[2026-09-04T21:29:10.129Z] [request] atom {"type":"atom","name":"chemistry-atoms-and-elements-24-15","protons":"11","neutrons":"12","electrons":"11"}
[2026-09-04T21:29:10.129Z] [generated] atom-9dd37067487b.svg
[2026-09-04T21:29:10.130Z] [request] atom {"type":"atom","name":"chemistry-atoms-and-elements-24-16","protons":"12","neutrons":"12","electrons":"12"}
[2026-09-04T21:29:10.130Z] [generated] atom-81a493467366.svg
[2026-09-04T21:29:10.131Z] [request] atom {"type":"atom","name":"chemistry-atoms-and-elements-24-17","protons":"17","neutrons":"18","electrons":"17"}
[2026-09-04T21:29:10.131Z] [generated] atom-2cd8e2b34791.svg
[2026-09-04T21:29:10.132Z] [request] atom {"type":"atom","name":"chemistry-atoms-and-elements-24-18","protons":"3","neutrons":"4","electrons":"3"}
[2026-09-04T21:29:10.133Z] [generated] atom-41f94805df86.svg
[2026-09-04T21:29:10.133Z] [request] atom {"type":"atom","name":"chemistry-atoms-and-elements-24-19","protons":"6","neutrons":"6","electrons":"6"}
[2026-09-04T21:29:10.134Z] [generated] atom-e01564cc2a5c.svg
[2026-09-04T21:29:10.319Z] [request] atom {"type":"atom","name":"chemistry-atoms-and-elements-25-0","protons":"6","neutrons":"6","electrons":"6"}
[2026-09-04T21:29:10.320Z] [generated] atom-b44336cf604d.svg
[2026-09-04T21:29:10.321Z] [request] atom {"type":"atom","name":"chemistry-atoms-and-elements-25-1","protons":"8","neutrons":"8","electrons":"8"}
[2026-09-04T21:29:10.321Z] [generated] atom-1aaf2f7748eb.svg
[2026-09-04T21:29:10.322Z] [request] atom {"type":"atom","name":"chemistry-atoms-and-elements-25-2","protons":"11","neutrons":"12","electrons":"11"}
[2026-09-04T21:29:10.322Z] [generated] atom-d6324a41c271.svg
[2026-09-04T21:29:10.323Z] [request] atom {"type":"atom","name":"chemistry-atoms-and-elements-25-3","protons":"12","neutrons":"12","electrons":"12"}
[2026-09-04T21:29:10.323Z] [generated] atom-414ed4e1366a.svg
[2026-09-04T21:29:10.324Z] [request] atom {"type":"atom","name":"chemistry-atoms-and-elements-25-4","protons":"17","neutrons":"18","electrons":"17"}
[2026-09-04T21:29:10.324Z] [generated] atom-66c5bdcbefdc.svg
[2026-09-04T21:29:10.325Z] [request] atom {"type":"atom","name":"chemistry-atoms-and-elements-25-5","protons":"3","neutrons":"4","electrons":"3"}
[2026-09-04T21:29:10.325Z] [generated] atom-2570518feaf8.svg
[2026-09-04T21:29:10.326Z] [request] atom {"type":"atom","name":"chemistry-atoms-and-elements-25-6","protons":"6","neutrons":"6","electrons":"6"}
[2026-09-04T21:29:10.326Z] [generated] atom-c32d46464cf7.svg
[2026-09-04T21:29:10.326Z] [request] atom {"type":"atom","name":"chemistry-atoms-and-elements-25-7","protons":"8","neutrons":"8","electrons":"8"}
[2026-09-04T21:29:10.327Z] [generated] atom-073fdba49ef4.svg
[2026-09-04T21:29:10.327Z] [request] atom {"type":"atom","name":"chemistry-atoms-and-elements-25-8","protons":"11","neutrons":"12","electrons":"11"}
[2026-09-04T21:29:10.328Z] [generated] atom-7cf8e9f38c91.svg
[2026-09-04T21:29:10.328Z] [request] atom {"type":"atom","name":"chemistry-atoms-and-elements-25-9","protons":"12","neutrons":"12","electrons":"12"}
[2026-09-04T21:29:10.329Z] [generated] atom-e29b9b7e5569.svg
[2026-09-04T21:29:10.329Z] [request] atom {"type":"atom","name":"chemistry-atoms-and-elements-25-10","protons":"17","neutrons":"18","electrons":"17"}
[2026-09-04T21:29:10.329Z] [generated] atom-a35acd937576.svg
[2026-09-04T21:29:10.330Z] [request] atom {"type":"atom","name":"chemistry-atoms-and-elements-25-11","protons":"3","neutrons":"4","electrons":"3"}
[2026-09-04T21:29:10.330Z] [generated] atom-f3669c737177.svg
[2026-09-04T21:29:10.331Z] [request] atom {"type":"atom","name":"chemistry-atoms-and-elements-25-12","protons":"6","neutrons":"6","electrons":"6"}
[2026-09-04T21:29:10.331Z] [generated] atom-357ed9b37713.svg
[2026-09-04T21:29:10.331Z] [request] atom {"type":"atom","name":"chemistry-atoms-and-elements-25-13","protons":"8","neutrons":"8","electrons":"8"}
[2026-09-04T21:29:10.332Z] [generated] atom-c6957ffc7b53.svg
[2026-09-04T21:29:10.332Z] [request] atom {"type":"atom","name":"chemistry-atoms-and-elements-25-14","protons":"11","neutrons":"12","electrons":"11"}
[2026-09-04T21:29:10.333Z] [generated] atom-fdfdeaaaf3b9.svg
[2026-09-04T21:29:10.333Z] [request] atom {"type":"atom","name":"chemistry-atoms-and-elements-25-15","protons":"12","neutrons":"12","electrons":"12"}
[2026-09-04T21:29:10.334Z] [generated] atom-546375cea488.svg
[2026-09-04T21:29:10.334Z] [request] atom {"type":"atom","name":"chemistry-atoms-and-elements-25-16","protons":"17","neutrons":"18","electrons":"17"}
[2026-09-04T21:29:10.335Z] [generated] atom-209709527e72.svg
[2026-09-04T21:29:10.335Z] [request] atom {"type":"atom","name":"chemistry-atoms-and-elements-25-17","protons":"3","neutrons":"4","electrons":"3"}
[2026-09-04T21:29:10.335Z] [generated] atom-c508b8e92b79.svg
[2026-09-04T21:29:10.336Z] [request] atom {"type":"atom","name":"chemistry-atoms-and-elements-25-18","protons":"6","neutrons":"6","electrons":"6"}
[2026-09-04T21:29:10.337Z] [generated] atom-ceb8078f83c5.svg
[2026-09-04T21:29:10.337Z] [request] atom {"type":"atom","name":"chemistry-atoms-and-elements-25-19","protons":"8","neutrons":"8","electrons":"8"}
[2026-09-04T21:29:10.337Z] [generated] atom-5c4e3720d930.svg
[2026-09-04T21:29:29.979Z] [request] atom {"type":"atom","name":"chemistry-atoms-and-elements-1-0","protons":"6","neutrons":"6","electrons":"6"}
[2026-09-04T21:29:29.980Z] [generated] atom-e2dfafd34abc.svg
[2026-09-04T21:29:29.980Z] [request] atom {"type":"atom","name":"chemistry-atoms-and-elements-1-18","protons":"6","neutrons":"6","electrons":"6"}
[2026-09-04T21:29:29.981Z] [generated] atom-b27e0aaef8a6.svg
[2026-09-04T21:29:29.982Z] [request] atom {"type":"atom","name":"chemistry-atoms-and-elements-1-19","protons":"8","neutrons":"8","electrons":"8"}
[2026-09-04T21:29:29.982Z] [generated] atom-ff1accc47ce1.svg
[2026-09-04T21:29:29.983Z] [request] atom {"type":"atom","name":"chemistry-atoms-and-elements-1-1","protons":"8","neutrons":"8","electrons":"8"}
[2026-09-04T21:29:29.983Z] [generated] atom-3fbe6cfa6c24.svg
[2026-09-04T21:29:29.984Z] [request] atom {"type":"atom","name":"chemistry-atoms-and-elements-1-2","protons":"11","neutrons":"12","electrons":"11"}
[2026-09-04T21:29:29.984Z] [generated] atom-d7425cac69ec.svg
[2026-09-04T21:29:29.985Z] [request] atom {"type":"atom","name":"chemistry-atoms-and-elements-1-3","protons":"12","neutrons":"12","electrons":"12"}
[2026-09-04T21:29:29.985Z] [generated] atom-92af983e23a8.svg
[2026-09-04T21:29:29.986Z] [request] atom {"type":"atom","name":"chemistry-atoms-and-elements-1-4","protons":"17","neutrons":"18","electrons":"17"}
[2026-09-04T21:29:29.986Z] [generated] atom-2ea9e21033d2.svg
[2026-09-04T21:29:29.987Z] [request] atom {"type":"atom","name":"chemistry-atoms-and-elements-1-5","protons":"3","neutrons":"4","electrons":"3"}
[2026-09-04T21:29:29.987Z] [generated] atom-50a1b3a6217a.svg
[2026-09-04T21:29:29.987Z] [request] atom {"type":"atom","name":"chemistry-atoms-and-elements-1-6","protons":"6","neutrons":"6","electrons":"6"}
[2026-09-04T21:29:29.988Z] [generated] atom-b18dfb68f268.svg
[2026-09-04T21:29:29.988Z] [request] atom {"type":"atom","name":"chemistry-atoms-and-elements-1-7","protons":"8","neutrons":"8","electrons":"8"}
[2026-09-04T21:29:29.989Z] [generated] atom-b9f371830285.svg
[2026-09-04T21:29:29.989Z] [request] atom {"type":"atom","name":"chemistry-atoms-and-elements-1-8","protons":"11","neutrons":"12","electrons":"11"}
[2026-09-04T21:29:29.990Z] [generated] atom-912bbcdbadbe.svg
[2026-09-04T21:29:29.990Z] [request] atom {"type":"atom","name":"chemistry-atoms-and-elements-1-9","protons":"12","neutrons":"12","electrons":"12"}
[2026-09-04T21:29:29.991Z] [generated] atom-8178dbec0e04.svg
[2026-09-04T21:29:29.991Z] [request] atom {"type":"atom","name":"chemistry-atoms-and-elements-1-10","protons":"17","neutrons":"18","electrons":"17"}
[2026-09-04T21:29:29.992Z] [generated] atom-ca707c7e1b41.svg
[2026-09-04T21:29:29.992Z] [request] atom {"type":"atom","name":"chemistry-atoms-and-elements-1-11","protons":"3","neutrons":"4","electrons":"3"}
[2026-09-04T21:29:29.992Z] [generated] atom-7e801ac34d56.svg
[2026-09-04T21:29:29.993Z] [request] atom {"type":"atom","name":"chemistry-atoms-and-elements-1-12","protons":"6","neutrons":"6","electrons":"6"}
[2026-09-04T21:29:29.993Z] [generated] atom-54d4c3c5e673.svg
[2026-09-04T21:29:29.994Z] [request] atom {"type":"atom","name":"chemistry-atoms-and-elements-1-13","protons":"8","neutrons":"8","electrons":"8"}
[2026-09-04T21:29:29.994Z] [generated] atom-c40d6dfbe0b9.svg
[2026-09-04T21:29:29.995Z] [request] atom {"type":"atom","name":"chemistry-atoms-and-elements-1-14","protons":"11","neutrons":"12","electrons":"11"}
[2026-09-04T21:29:29.995Z] [generated] atom-bea22f2728b9.svg
[2026-09-04T21:29:29.996Z] [request] atom {"type":"atom","name":"chemistry-atoms-and-elements-1-15","protons":"12","neutrons":"12","electrons":"12"}
[2026-09-04T21:29:29.996Z] [generated] atom-1519fa4495a5.svg
[2026-09-04T21:29:29.997Z] [request] atom {"type":"atom","name":"chemistry-atoms-and-elements-1-16","protons":"17","neutrons":"18","electrons":"17"}
[2026-09-04T21:29:29.997Z] [generated] atom-1399a381c32e.svg
[2026-09-04T21:29:29.997Z] [request] atom {"type":"atom","name":"chemistry-atoms-and-elements-1-17","protons":"3","neutrons":"4","electrons":"3"}
[2026-09-04T21:29:29.998Z] [generated] atom-0c8dbe8c35a3.svg
[2026-09-04T21:29:30.995Z] [request] atom {"type":"atom","name":"chemistry-atoms-and-elements-2-0","protons":"8","neutrons":"8","electrons":"8"}
[2026-09-04T21:29:30.996Z] [generated] atom-e45b045b996e.svg
[2026-09-04T21:29:30.997Z] [request] atom {"type":"atom","name":"chemistry-atoms-and-elements-2-1","protons":"11","neutrons":"12","electrons":"11"}
[2026-09-04T21:29:30.997Z] [generated] atom-71c3be62ba68.svg
[2026-09-04T21:29:30.998Z] [request] atom {"type":"atom","name":"chemistry-atoms-and-elements-2-2","protons":"12","neutrons":"12","electrons":"12"}
[2026-09-04T21:29:30.998Z] [generated] atom-3d5db616b658.svg
[2026-09-04T21:29:30.999Z] [request] atom {"type":"atom","name":"chemistry-atoms-and-elements-2-3","protons":"17","neutrons":"18","electrons":"17"}
[2026-09-04T21:29:30.999Z] [generated] atom-a976b39411ae.svg
[2026-09-04T21:29:30.999Z] [request] atom {"type":"atom","name":"chemistry-atoms-and-elements-2-4","protons":"3","neutrons":"4","electrons":"3"}
[2026-09-04T21:29:31.000Z] [generated] atom-056486bdd312.svg
[2026-09-04T21:29:31.000Z] [request] atom {"type":"atom","name":"chemistry-atoms-and-elements-2-5","protons":"6","neutrons":"6","electrons":"6"}
[2026-09-04T21:29:31.001Z] [generated] atom-cfdb1554fe15.svg
[2026-09-04T21:29:31.001Z] [request] atom {"type":"atom","name":"chemistry-atoms-and-elements-2-6","protons":"8","neutrons":"8","electrons":"8"}
[2026-09-04T21:29:31.002Z] [generated] atom-2305d6591b78.svg
[2026-09-04T21:29:31.002Z] [request] atom {"type":"atom","name":"chemistry-atoms-and-elements-2-7","protons":"11","neutrons":"12","electrons":"11"}
[2026-09-04T21:29:31.003Z] [generated] atom-c7815f0a6c8a.svg
[2026-09-04T21:29:31.003Z] [request] atom {"type":"atom","name":"chemistry-atoms-and-elements-2-8","protons":"12","neutrons":"12","electrons":"12"}
[2026-09-04T21:29:31.003Z] [generated] atom-b5cd4e8f1c0a.svg
[2026-09-04T21:29:31.004Z] [request] atom {"type":"atom","name":"chemistry-atoms-and-elements-2-9","protons":"17","neutrons":"18","electrons":"17"}
[2026-09-04T21:29:31.004Z] [generated] atom-0c4839c81c51.svg
[2026-09-04T21:29:31.005Z] [request] atom {"type":"atom","name":"chemistry-atoms-and-elements-2-10","protons":"3","neutrons":"4","electrons":"3"}
[2026-09-04T21:29:31.005Z] [generated] atom-dc997ed27220.svg
[2026-09-04T21:29:31.005Z] [request] atom {"type":"atom","name":"chemistry-atoms-and-elements-2-11","protons":"6","neutrons":"6","electrons":"6"}
[2026-09-04T21:29:31.006Z] [generated] atom-c291fe5f6813.svg
[2026-09-04T21:29:31.006Z] [request] atom {"type":"atom","name":"chemistry-atoms-and-elements-2-12","protons":"8","neutrons":"8","electrons":"8"}
[2026-09-04T21:29:31.007Z] [generated] atom-07a5e780cad2.svg
[2026-09-04T21:29:31.007Z] [request] atom {"type":"atom","name":"chemistry-atoms-and-elements-2-13","protons":"11","neutrons":"12","electrons":"11"}
[2026-09-04T21:29:31.008Z] [generated] atom-eb1428c25de8.svg
[2026-09-04T21:29:31.008Z] [request] atom {"type":"atom","name":"chemistry-atoms-and-elements-2-14","protons":"12","neutrons":"12","electrons":"12"}
[2026-09-04T21:29:31.009Z] [generated] atom-e52415d26a05.svg
[2026-09-04T21:29:31.009Z] [request] atom {"type":"atom","name":"chemistry-atoms-and-elements-2-15","protons":"17","neutrons":"18","electrons":"17"}
[2026-09-04T21:29:31.009Z] [generated] atom-a4a550c7401d.svg
[2026-09-04T21:29:31.010Z] [request] atom {"type":"atom","name":"chemistry-atoms-and-elements-2-16","protons":"3","neutrons":"4","electrons":"3"}
[2026-09-04T21:29:31.010Z] [generated] atom-064c7fc19a13.svg
[2026-09-04T21:29:31.011Z] [request] atom {"type":"atom","name":"chemistry-atoms-and-elements-2-17","protons":"6","neutrons":"6","electrons":"6"}
[2026-09-04T21:29:31.011Z] [generated] atom-f78c794b50e0.svg
[2026-09-04T21:29:31.011Z] [request] atom {"type":"atom","name":"chemistry-atoms-and-elements-2-18","protons":"8","neutrons":"8","electrons":"8"}
[2026-09-04T21:29:31.012Z] [generated] atom-d41010cd7cfe.svg
[2026-09-04T21:29:31.012Z] [request] atom {"type":"atom","name":"chemistry-atoms-and-elements-2-19","protons":"11","neutrons":"12","electrons":"11"}
[2026-09-04T21:29:31.013Z] [generated] atom-3392acf86f77.svg
[2026-09-04T21:29:31.259Z] [request] atom {"type":"atom","name":"chemistry-atoms-and-elements-3-0","protons":"11","neutrons":"12","electrons":"11"}
[2026-09-04T21:29:31.259Z] [generated] atom-1c60f284d76c.svg
[2026-09-04T21:29:31.260Z] [request] atom {"type":"atom","name":"chemistry-atoms-and-elements-3-1","protons":"12","neutrons":"12","electrons":"12"}
[2026-09-04T21:29:31.261Z] [generated] atom-6dba8345ebf8.svg
[2026-09-04T21:29:31.261Z] [request] atom {"type":"atom","name":"chemistry-atoms-and-elements-3-2","protons":"17","neutrons":"18","electrons":"17"}
[2026-09-04T21:29:31.262Z] [generated] atom-7e7f088dcf30.svg
[2026-09-04T21:29:31.262Z] [request] atom {"type":"atom","name":"chemistry-atoms-and-elements-3-3","protons":"3","neutrons":"4","electrons":"3"}
[2026-09-04T21:29:31.262Z] [generated] atom-2380bc7e2473.svg
[2026-09-04T21:29:31.263Z] [request] atom {"type":"atom","name":"chemistry-atoms-and-elements-3-4","protons":"6","neutrons":"6","electrons":"6"}
[2026-09-04T21:29:31.263Z] [generated] atom-f32b526d6bc5.svg
[2026-09-04T21:29:31.264Z] [request] atom {"type":"atom","name":"chemistry-atoms-and-elements-3-5","protons":"8","neutrons":"8","electrons":"8"}
[2026-09-04T21:29:31.264Z] [generated] atom-04abe652e320.svg
[2026-09-04T21:29:31.265Z] [request] atom {"type":"atom","name":"chemistry-atoms-and-elements-3-6","protons":"11","neutrons":"12","electrons":"11"}
[2026-09-04T21:29:31.265Z] [generated] atom-1f1284dbcb1a.svg
[2026-09-04T21:29:31.265Z] [request] atom {"type":"atom","name":"chemistry-atoms-and-elements-3-7","protons":"12","neutrons":"12","electrons":"12"}
[2026-09-04T21:29:31.266Z] [generated] atom-538bd51e8883.svg
[2026-09-04T21:29:31.266Z] [request] atom {"type":"atom","name":"chemistry-atoms-and-elements-3-8","protons":"17","neutrons":"18","electrons":"17"}
[2026-09-04T21:29:31.267Z] [generated] atom-512319e23d98.svg
[2026-09-04T21:29:31.267Z] [request] atom {"type":"atom","name":"chemistry-atoms-and-elements-3-9","protons":"3","neutrons":"4","electrons":"3"}
[2026-09-04T21:29:31.267Z] [generated] atom-2165ba6df5a9.svg
[2026-09-04T21:29:31.268Z] [request] atom {"type":"atom","name":"chemistry-atoms-and-elements-3-10","protons":"6","neutrons":"6","electrons":"6"}
[2026-09-04T21:29:31.268Z] [generated] atom-d575ce5e301f.svg
[2026-09-04T21:29:31.268Z] [request] atom {"type":"atom","name":"chemistry-atoms-and-elements-3-11","protons":"8","neutrons":"8","electrons":"8"}
[2026-09-04T21:29:31.269Z] [generated] atom-c05ef2017bbd.svg
[2026-09-04T21:29:31.269Z] [request] atom {"type":"atom","name":"chemistry-atoms-and-elements-3-12","protons":"11","neutrons":"12","electrons":"11"}
[2026-09-04T21:29:31.270Z] [generated] atom-c0c40d5d0e39.svg
[2026-09-04T21:29:31.270Z] [request] atom {"type":"atom","name":"chemistry-atoms-and-elements-3-13","protons":"12","neutrons":"12","electrons":"12"}
[2026-09-04T21:29:31.271Z] [generated] atom-22d73e201f79.svg
[2026-09-04T21:29:31.271Z] [request] atom {"type":"atom","name":"chemistry-atoms-and-elements-3-14","protons":"17","neutrons":"18","electrons":"17"}
[2026-09-04T21:29:31.272Z] [generated] atom-41f0ba92b3f6.svg
[2026-09-04T21:29:31.272Z] [request] atom {"type":"atom","name":"chemistry-atoms-and-elements-3-15","protons":"3","neutrons":"4","electrons":"3"}
[2026-09-04T21:29:31.272Z] [generated] atom-1103bb94a745.svg
[2026-09-04T21:29:31.273Z] [request] atom {"type":"atom","name":"chemistry-atoms-and-elements-3-16","protons":"6","neutrons":"6","electrons":"6"}
[2026-09-04T21:29:31.273Z] [generated] atom-d6a02e3080c6.svg
[2026-09-04T21:29:31.273Z] [request] atom {"type":"atom","name":"chemistry-atoms-and-elements-3-17","protons":"8","neutrons":"8","electrons":"8"}
[2026-09-04T21:29:31.274Z] [generated] atom-ea6e70c5b265.svg
[2026-09-04T21:29:31.274Z] [request] atom {"type":"atom","name":"chemistry-atoms-and-elements-3-18","protons":"11","neutrons":"12","electrons":"11"}
[2026-09-04T21:29:31.275Z] [generated] atom-dab04e1d6bf6.svg
[2026-09-04T21:29:31.275Z] [request] atom {"type":"atom","name":"chemistry-atoms-and-elements-3-19","protons":"12","neutrons":"12","electrons":"12"}
[2026-09-04T21:29:31.275Z] [generated] atom-37f00cb997fb.svg
[2026-09-04T21:29:31.863Z] [request] atom {"type":"atom","name":"chemistry-atoms-and-elements-4-0","protons":"12","neutrons":"12","electrons":"12"}
[2026-09-04T21:29:31.864Z] [generated] atom-22a4c7085492.svg
[2026-09-04T21:29:31.865Z] [request] atom {"type":"atom","name":"chemistry-atoms-and-elements-4-1","protons":"17","neutrons":"18","electrons":"17"}
[2026-09-04T21:29:31.865Z] [generated] atom-5a24a3c654c9.svg
[2026-09-04T21:29:31.866Z] [request] atom {"type":"atom","name":"chemistry-atoms-and-elements-4-2","protons":"3","neutrons":"4","electrons":"3"}
[2026-09-04T21:29:31.867Z] [generated] atom-0b8f55da73bb.svg
[2026-09-04T21:29:31.867Z] [request] atom {"type":"atom","name":"chemistry-atoms-and-elements-4-3","protons":"6","neutrons":"6","electrons":"6"}
[2026-09-04T21:29:31.868Z] [generated] atom-309dbda73a79.svg
[2026-09-04T21:29:31.868Z] [request] atom {"type":"atom","name":"chemistry-atoms-and-elements-4-4","protons":"8","neutrons":"8","electrons":"8"}
[2026-09-04T21:29:31.869Z] [generated] atom-944a80061f71.svg
[2026-09-04T21:29:31.869Z] [request] atom {"type":"atom","name":"chemistry-atoms-and-elements-4-5","protons":"11","neutrons":"12","electrons":"11"}
[2026-09-04T21:29:31.869Z] [generated] atom-d652b845a496.svg
[2026-09-04T21:29:31.870Z] [request] atom {"type":"atom","name":"chemistry-atoms-and-elements-4-6","protons":"12","neutrons":"12","electrons":"12"}
[2026-09-04T21:29:31.870Z] [generated] atom-678b010db32a.svg
[2026-09-04T21:29:31.871Z] [request] atom {"type":"atom","name":"chemistry-atoms-and-elements-4-7","protons":"17","neutrons":"18","electrons":"17"}
[2026-09-04T21:29:31.871Z] [generated] atom-ec3e82c83929.svg
[2026-09-04T21:29:31.872Z] [request] atom {"type":"atom","name":"chemistry-atoms-and-elements-4-8","protons":"3","neutrons":"4","electrons":"3"}
[2026-09-04T21:29:31.872Z] [generated] atom-035dd372b7cd.svg
[2026-09-04T21:29:31.873Z] [request] atom {"type":"atom","name":"chemistry-atoms-and-elements-4-9","protons":"6","neutrons":"6","electrons":"6"}
[2026-09-04T21:29:31.873Z] [generated] atom-7053bfb39597.svg
[2026-09-04T21:29:31.874Z] [request] atom {"type":"atom","name":"chemistry-atoms-and-elements-4-10","protons":"8","neutrons":"8","electrons":"8"}
[2026-09-04T21:29:31.874Z] [generated] atom-f87bb28d3ce4.svg
[2026-09-04T21:29:31.875Z] [request] atom {"type":"atom","name":"chemistry-atoms-and-elements-4-11","protons":"11","neutrons":"12","electrons":"11"}
[2026-09-04T21:29:31.875Z] [generated] atom-35dadb3f64d8.svg
[2026-09-04T21:29:31.875Z] [request] atom {"type":"atom","name":"chemistry-atoms-and-elements-4-12","protons":"12","neutrons":"12","electrons":"12"}
[2026-09-04T21:29:31.876Z] [generated] atom-4d003a3b8bf0.svg
[2026-09-04T21:29:31.876Z] [request] atom {"type":"atom","name":"chemistry-atoms-and-elements-4-13","protons":"17","neutrons":"18","electrons":"17"}
[2026-09-04T21:29:31.877Z] [generated] atom-c2aa0d0fbcff.svg
[2026-09-04T21:29:31.877Z] [request] atom {"type":"atom","name":"chemistry-atoms-and-elements-4-14","protons":"3","neutrons":"4","electrons":"3"}
[2026-09-04T21:29:31.877Z] [generated] atom-c4845abb5f9b.svg
[2026-09-04T21:29:31.878Z] [request] atom {"type":"atom","name":"chemistry-atoms-and-elements-4-15","protons":"6","neutrons":"6","electrons":"6"}
[2026-09-04T21:29:31.878Z] [generated] atom-3aa9caf2f219.svg
[2026-09-04T21:29:31.879Z] [request] atom {"type":"atom","name":"chemistry-atoms-and-elements-4-16","protons":"8","neutrons":"8","electrons":"8"}
[2026-09-04T21:29:31.879Z] [generated] atom-e31747a5f427.svg
[2026-09-04T21:29:31.879Z] [request] atom {"type":"atom","name":"chemistry-atoms-and-elements-4-17","protons":"11","neutrons":"12","electrons":"11"}
[2026-09-04T21:29:31.880Z] [generated] atom-5cfa677a53fa.svg
[2026-09-04T21:29:31.880Z] [request] atom {"type":"atom","name":"chemistry-atoms-and-elements-4-18","protons":"12","neutrons":"12","electrons":"12"}
[2026-09-04T21:29:31.881Z] [generated] atom-0839e14c9202.svg
[2026-09-04T21:29:31.881Z] [request] atom {"type":"atom","name":"chemistry-atoms-and-elements-4-19","protons":"17","neutrons":"18","electrons":"17"}
[2026-09-04T21:29:31.882Z] [generated] atom-16edad7fc959.svg
